date,home_raw,away_raw,home_team,away_team,home_score,away_score,pais_home,pais_away,temporada,tournament,neutral
2011-09-13,Chelsea FC,Bayer Leverkusen,chelsea,bayer leverkusen,2,0,ENG,GER,2011-12,UEFA,False
2011-09-13,Viktoria Plzeň,BATE Borisov,viktoria plzeň,bate borisov,1,1,CZE,BLR,2011-12,UEFA,False
2011-09-13,FC Barcelona,AC Milan,barcelona,milan,2,2,ESP,ITA,2011-12,UEFA,False
2011-09-13,FC Porto,Shakhtar Donetsk,porto,shakhtar donetsk,2,1,POR,UKR,2011-12,UEFA,False
2011-09-13,APOEL Nikosia,Zenit St. Petersburg,apoel nikosia,zenit st. petersburg,2,1,CYP,RUS,2011-12,UEFA,False
2011-09-13,Olympiakos Piraeus,Olympique Marseille,olympiakos piraeus,olympique marseille,0,1,GRE,FRA,2011-12,UEFA,False
2011-09-13,Borussia Dortmund,Arsenal FC,borussia dortmund,arsenal,1,1,GER,ENG,2011-12,UEFA,False
2011-09-13,KRC Genk,Valencia CF,krc genk,valencia,0,0,BEL,ESP,2011-12,UEFA,False
2011-09-14,Dinamo Zagreb,Real Madrid,dinamo zagreb,real madrid,0,1,CRO,ESP,2011-12,UEFA,False
2011-09-14,AFC Ajax,Olympique Lyonnais,ajax,olympique lyonnais,0,0,NED,FRA,2011-12,UEFA,False
2011-09-14,SL Benfica,Manchester United,sl benfica,manchester united,1,1,POR,ENG,2011-12,UEFA,False
2011-09-14,FC Basel 1893,Oţelul Galaţi,basel 1893,oţelul galaţi,2,1,SUI,ROU,2011-12,UEFA,False
2011-09-14,Inter,Trabzonspor,inter,trabzonspor,0,1,ITA,TUR,2011-12,UEFA,False
2011-09-14,Manchester City,SSC Napoli,manchester city,ssc napoli,1,1,ENG,ITA,2011-12,UEFA,False
2011-09-14,Lille OSC,CSKA Moskva,lille osc,cska moskva,2,2,FRA,RUS,2011-12,UEFA,False
2011-09-14,Villarreal CF,Bayern München,villarreal,bayern münchen,0,2,ESP,GER,2011-12,UEFA,False
2011-09-27,CSKA Moskva,Inter,cska moskva,inter,2,3,RUS,ITA,2011-12,UEFA,False
2011-09-27,Real Madrid,AFC Ajax,real madrid,ajax,3,0,ESP,NED,2011-12,UEFA,False
2011-09-27,Olympique Lyonnais,Dinamo Zagreb,olympique lyonnais,dinamo zagreb,2,0,FRA,CRO,2011-12,UEFA,False
2011-09-27,SSC Napoli,Villarreal CF,ssc napoli,villarreal,2,0,ITA,ESP,2011-12,UEFA,False
2011-09-27,Manchester United,FC Basel 1893,manchester united,basel 1893,3,3,ENG,SUI,2011-12,UEFA,False
2011-09-27,Bayern München,Manchester City,bayern münchen,manchester city,2,0,GER,ENG,2011-12,UEFA,False
2011-09-27,Oţelul Galaţi,SL Benfica,oţelul galaţi,sl benfica,0,1,ROU,POR,2011-12,UEFA,False
2011-09-27,Trabzonspor,Lille OSC,trabzonspor,lille osc,1,1,TUR,FRA,2011-12,UEFA,False
2011-09-28,AC Milan,Viktoria Plzeň,milan,viktoria plzeň,2,0,ITA,CZE,2011-12,UEFA,False
2011-09-28,Bayer Leverkusen,KRC Genk,bayer leverkusen,krc genk,2,0,GER,BEL,2011-12,UEFA,False
2011-09-28,Valencia CF,Chelsea FC,valencia,chelsea,1,1,ESP,ENG,2011-12,UEFA,False
2011-09-28,Arsenal FC,Olympiakos Piraeus,arsenal,olympiakos piraeus,2,1,ENG,GRE,2011-12,UEFA,False
2011-09-28,Olympique Marseille,Borussia Dortmund,olympique marseille,borussia dortmund,3,0,FRA,GER,2011-12,UEFA,False
2011-09-28,BATE Borisov,FC Barcelona,bate borisov,barcelona,0,5,BLR,ESP,2011-12,UEFA,False
2011-09-28,Zenit St. Petersburg,FC Porto,zenit st. petersburg,porto,3,1,RUS,POR,2011-12,UEFA,False
2011-09-28,Shakhtar Donetsk,APOEL Nikosia,shakhtar donetsk,apoel nikosia,1,1,UKR,CYP,2011-12,UEFA,False
2011-10-18,CSKA Moskva,Trabzonspor,cska moskva,trabzonspor,3,0,RUS,TUR,2011-12,UEFA,False
2011-10-18,Manchester City,Villarreal CF,manchester city,villarreal,2,1,ENG,ESP,2011-12,UEFA,False
2011-10-18,Lille OSC,Inter,lille osc,inter,0,1,FRA,ITA,2011-12,UEFA,False
2011-10-18,Real Madrid,Olympique Lyonnais,real madrid,olympique lyonnais,4,0,ESP,FRA,2011-12,UEFA,False
2011-10-18,Oţelul Galaţi,Manchester United,oţelul galaţi,manchester united,0,2,ROU,ENG,2011-12,UEFA,False
2011-10-18,FC Basel 1893,SL Benfica,basel 1893,sl benfica,0,2,SUI,POR,2011-12,UEFA,False
2011-10-18,Dinamo Zagreb,AFC Ajax,dinamo zagreb,ajax,0,2,CRO,NED,2011-12,UEFA,False
2011-10-18,SSC Napoli,Bayern München,ssc napoli,bayern münchen,1,1,ITA,GER,2011-12,UEFA,False
2011-10-19,Olympique Marseille,Arsenal FC,olympique marseille,arsenal,0,1,FRA,ENG,2011-12,UEFA,False
2011-10-19,Olympiakos Piraeus,Borussia Dortmund,olympiakos piraeus,borussia dortmund,3,1,GRE,GER,2011-12,UEFA,False
2011-10-19,FC Porto,APOEL Nikosia,porto,apoel nikosia,1,1,POR,CYP,2011-12,UEFA,False
2011-10-19,Bayer Leverkusen,Valencia CF,bayer leverkusen,valencia,2,1,GER,ESP,2011-12,UEFA,False
2011-10-19,Shakhtar Donetsk,Zenit St. Petersburg,shakhtar donetsk,zenit st. petersburg,2,2,UKR,RUS,2011-12,UEFA,False
2011-10-19,AC Milan,BATE Borisov,milan,bate borisov,2,0,ITA,BLR,2011-12,UEFA,False
2011-10-19,FC Barcelona,Viktoria Plzeň,barcelona,viktoria plzeň,2,0,ESP,CZE,2011-12,UEFA,False
2011-10-19,Chelsea FC,KRC Genk,chelsea,krc genk,5,0,ENG,BEL,2011-12,UEFA,False
2011-11-01,Arsenal FC,Olympique Marseille,arsenal,olympique marseille,0,0,ENG,FRA,2011-12,UEFA,False
2011-11-01,Zenit St. Petersburg,Shakhtar Donetsk,zenit st. petersburg,shakhtar donetsk,1,0,RUS,UKR,2011-12,UEFA,False
2011-11-01,APOEL Nikosia,FC Porto,apoel nikosia,porto,2,1,CYP,POR,2011-12,UEFA,False
2011-11-01,BATE Borisov,AC Milan,bate borisov,milan,1,1,BLR,ITA,2011-12,UEFA,False
2011-11-01,Viktoria Plzeň,FC Barcelona,viktoria plzeň,barcelona,0,4,CZE,ESP,2011-12,UEFA,False
2011-11-01,Borussia Dortmund,Olympiakos Piraeus,borussia dortmund,olympiakos piraeus,1,0,GER,GRE,2011-12,UEFA,False
2011-11-01,Valencia CF,Bayer Leverkusen,valencia,bayer leverkusen,3,1,ESP,GER,2011-12,UEFA,False
2011-11-01,KRC Genk,Chelsea FC,krc genk,chelsea,1,1,BEL,ENG,2011-12,UEFA,False
2011-11-02,Villarreal CF,Manchester City,villarreal,manchester city,0,3,ESP,ENG,2011-12,UEFA,False
2011-11-02,Inter,Lille OSC,inter,lille osc,2,1,ITA,FRA,2011-12,UEFA,False
2011-11-02,Trabzonspor,CSKA Moskva,trabzonspor,cska moskva,0,0,TUR,RUS,2011-12,UEFA,False
2011-11-02,Manchester United,Oţelul Galaţi,manchester united,oţelul galaţi,2,0,ENG,ROU,2011-12,UEFA,False
2011-11-02,SL Benfica,FC Basel 1893,sl benfica,basel 1893,1,1,POR,SUI,2011-12,UEFA,False
2011-11-02,Bayern München,SSC Napoli,bayern münchen,ssc napoli,3,2,GER,ITA,2011-12,UEFA,False
2011-11-02,Olympique Lyonnais,Real Madrid,olympique lyonnais,real madrid,0,2,FRA,ESP,2011-12,UEFA,False
2011-11-02,AFC Ajax,Dinamo Zagreb,ajax,dinamo zagreb,4,0,NED,CRO,2011-12,UEFA,False
2011-11-22,Manchester United,SL Benfica,manchester united,sl benfica,2,2,ENG,POR,2011-12,UEFA,False
2011-11-22,Oţelul Galaţi,FC Basel 1893,oţelul galaţi,basel 1893,2,3,ROU,SUI,2011-12,UEFA,False
2011-11-22,SSC Napoli,Manchester City,ssc napoli,manchester city,2,1,ITA,ENG,2011-12,UEFA,False
2011-11-22,Bayern München,Villarreal CF,bayern münchen,villarreal,3,1,GER,ESP,2011-12,UEFA,False
2011-11-22,CSKA Moskva,Lille OSC,cska moskva,lille osc,0,2,RUS,FRA,2011-12,UEFA,False
2011-11-22,Trabzonspor,Inter,trabzonspor,inter,1,1,TUR,ITA,2011-12,UEFA,False
2011-11-22,Olympique Lyonnais,AFC Ajax,olympique lyonnais,ajax,0,0,FRA,NED,2011-12,UEFA,False
2011-11-22,Real Madrid,Dinamo Zagreb,real madrid,dinamo zagreb,6,2,ESP,CRO,2011-12,UEFA,False
2011-11-23,Arsenal FC,Borussia Dortmund,arsenal,borussia dortmund,2,1,ENG,GER,2011-12,UEFA,False
2011-11-23,BATE Borisov,Viktoria Plzeň,bate borisov,viktoria plzeň,0,1,BLR,CZE,2011-12,UEFA,False
2011-11-23,AC Milan,FC Barcelona,milan,barcelona,2,3,ITA,ESP,2011-12,UEFA,False
2011-11-23,Bayer Leverkusen,Chelsea FC,bayer leverkusen,chelsea,2,1,GER,ENG,2011-12,UEFA,False
2011-11-23,Valencia CF,KRC Genk,valencia,krc genk,7,0,ESP,BEL,2011-12,UEFA,False
2011-11-23,Olympique Marseille,Olympiakos Piraeus,olympique marseille,olympiakos piraeus,0,1,FRA,GRE,2011-12,UEFA,False
2011-11-23,Zenit St. Petersburg,APOEL Nikosia,zenit st. petersburg,apoel nikosia,0,0,RUS,CYP,2011-12,UEFA,False
2011-11-23,Shakhtar Donetsk,FC Porto,shakhtar donetsk,porto,0,2,UKR,POR,2011-12,UEFA,False
2011-12-06,Borussia Dortmund,Olympique Marseille,borussia dortmund,olympique marseille,2,3,GER,FRA,2011-12,UEFA,False
2011-12-06,FC Porto,Zenit St. Petersburg,porto,zenit st. petersburg,0,0,POR,RUS,2011-12,UEFA,False
2011-12-06,KRC Genk,Bayer Leverkusen,krc genk,bayer leverkusen,1,1,BEL,GER,2011-12,UEFA,False
2011-12-06,Chelsea FC,Valencia CF,chelsea,valencia,3,0,ENG,ESP,2011-12,UEFA,False
2011-12-06,Viktoria Plzeň,AC Milan,viktoria plzeň,milan,2,2,CZE,ITA,2011-12,UEFA,False
2011-12-06,FC Barcelona,BATE Borisov,barcelona,bate borisov,4,0,ESP,BLR,2011-12,UEFA,False
2011-12-06,APOEL Nikosia,Shakhtar Donetsk,apoel nikosia,shakhtar donetsk,0,2,CYP,UKR,2011-12,UEFA,False
2011-12-06,Olympiakos Piraeus,Arsenal FC,olympiakos piraeus,arsenal,3,1,GRE,ENG,2011-12,UEFA,False
2011-12-07,FC Basel 1893,Manchester United,basel 1893,manchester united,2,1,SUI,ENG,2011-12,UEFA,False
2011-12-07,Lille OSC,Trabzonspor,lille osc,trabzonspor,0,0,FRA,TUR,2011-12,UEFA,False
2011-12-07,Villarreal CF,SSC Napoli,villarreal,ssc napoli,0,2,ESP,ITA,2011-12,UEFA,False
2011-12-07,Manchester City,Bayern München,manchester city,bayern münchen,2,0,ENG,GER,2011-12,UEFA,False
2011-12-07,SL Benfica,Oţelul Galaţi,sl benfica,oţelul galaţi,1,0,POR,ROU,2011-12,UEFA,False
2011-12-07,AFC Ajax,Real Madrid,ajax,real madrid,0,3,NED,ESP,2011-12,UEFA,False
2011-12-07,Dinamo Zagreb,Olympique Lyonnais,dinamo zagreb,olympique lyonnais,1,7,CRO,FRA,2011-12,UEFA,False
2011-12-07,Inter,CSKA Moskva,inter,cska moskva,1,2,ITA,RUS,2011-12,UEFA,False
2012-02-14,Bayer Leverkusen,FC Barcelona,bayer leverkusen,barcelona,1,3,GER,ESP,2011-12,UEFA,False
2012-02-14,Olympique Lyonnais,APOEL Nikosia,olympique lyonnais,apoel nikosia,1,0,FRA,CYP,2011-12,UEFA,False
2012-02-15,Zenit St. Petersburg,SL Benfica,zenit st. petersburg,sl benfica,3,2,RUS,POR,2011-12,UEFA,False
2012-02-15,AC Milan,Arsenal FC,milan,arsenal,4,0,ITA,ENG,2011-12,UEFA,False
2012-02-21,CSKA Moskva,Real Madrid,cska moskva,real madrid,1,1,RUS,ESP,2011-12,UEFA,False
2012-02-21,SSC Napoli,Chelsea FC,ssc napoli,chelsea,3,1,ITA,ENG,2011-12,UEFA,False
2012-02-22,FC Basel 1893,Bayern München,basel 1893,bayern münchen,1,0,SUI,GER,2011-12,UEFA,False
2012-02-22,Olympique Marseille,Inter,olympique marseille,inter,1,0,FRA,ITA,2011-12,UEFA,False
2012-03-06,Arsenal FC,AC Milan,arsenal,milan,3,0,ENG,ITA,2011-12,UEFA,False
2012-03-06,SL Benfica,Zenit St. Petersburg,sl benfica,zenit st. petersburg,2,0,POR,RUS,2011-12,UEFA,False
2012-03-07,APOEL Nikosia,Olympique Lyonnais,apoel nikosia,olympique lyonnais,4,3,CYP,FRA,2011-12,UEFA,False
2012-03-07,FC Barcelona,Bayer Leverkusen,barcelona,bayer leverkusen,7,1,ESP,GER,2011-12,UEFA,False
2012-03-13,Bayern München,FC Basel 1893,bayern münchen,basel 1893,7,0,GER,SUI,2011-12,UEFA,False
2012-03-13,Inter,Olympique Marseille,inter,olympique marseille,2,1,ITA,FRA,2011-12,UEFA,False
2012-03-14,Chelsea FC,SSC Napoli,chelsea,ssc napoli,4,1,ENG,ITA,2011-12,UEFA,False
2012-03-14,Real Madrid,CSKA Moskva,real madrid,cska moskva,4,1,ESP,RUS,2011-12,UEFA,False
2012-03-27,SL Benfica,Chelsea FC,sl benfica,chelsea,0,1,POR,ENG,2011-12,UEFA,False
2012-03-27,APOEL Nikosia,Real Madrid,apoel nikosia,real madrid,0,3,CYP,ESP,2011-12,UEFA,False
2012-03-28,Olympique Marseille,Bayern München,olympique marseille,bayern münchen,0,2,FRA,GER,2011-12,UEFA,False
2012-03-28,AC Milan,FC Barcelona,milan,barcelona,0,0,ITA,ESP,2011-12,UEFA,False
2012-04-03,Bayern München,Olympique Marseille,bayern münchen,olympique marseille,2,0,GER,FRA,2011-12,UEFA,False
2012-04-03,FC Barcelona,AC Milan,barcelona,milan,3,1,ESP,ITA,2011-12,UEFA,False
2012-04-04,Real Madrid,APOEL Nikosia,real madrid,apoel nikosia,5,2,ESP,CYP,2011-12,UEFA,False
2012-04-04,Chelsea FC,SL Benfica,chelsea,sl benfica,2,1,ENG,POR,2011-12,UEFA,False
2012-04-17,Bayern München,Real Madrid,bayern münchen,real madrid,2,1,GER,ESP,2011-12,UEFA,False
2012-04-18,Chelsea FC,FC Barcelona,chelsea,barcelona,1,0,ENG,ESP,2011-12,UEFA,False
2012-04-24,FC Barcelona,Chelsea FC,barcelona,chelsea,2,2,ESP,ENG,2011-12,UEFA,False
2012-04-25,Real Madrid,Bayern München,real madrid,bayern münchen,1,3,ESP,GER,2011-12,UEFA,False
2012-05-19,Bayern München,Chelsea FC,bayern münchen,chelsea,3,4,GER,ENG,2011-12,UEFA,False
2012-09-18,Montpellier HSC,Arsenal FC,montpellier hsc,arsenal,1,2,FRA,ENG,2012-13,UEFA,False
2012-09-18,Olympiakos Piraeus,FC Schalke 04,olympiakos piraeus,schalke,1,2,GRE,GER,2012-13,UEFA,False
2012-09-18,Málaga CF,Zenit St. Petersburg,málaga,zenit st. petersburg,3,0,ESP,RUS,2012-13,UEFA,False
2012-09-18,AC Milan,RSC Anderlecht,milan,rsc anderlecht,0,0,ITA,BEL,2012-13,UEFA,False
2012-09-18,Real Madrid,Manchester City,real madrid,manchester city,3,2,ESP,ENG,2012-13,UEFA,False
2012-09-18,Borussia Dortmund,AFC Ajax,borussia dortmund,ajax,1,0,GER,NED,2012-13,UEFA,False
2012-09-18,Paris Saint-Germain,Dinamo Kiev,paris saint-germain,dinamo kiev,4,1,FRA,UKR,2012-13,UEFA,False
2012-09-18,Dinamo Zagreb,FC Porto,dinamo zagreb,porto,0,2,CRO,POR,2012-13,UEFA,False
2012-09-19,Manchester United,Galatasaray,manchester united,galatasaray,1,0,ENG,TUR,2012-13,UEFA,False
2012-09-19,Lille OSC,BATE Borisov,lille osc,bate borisov,1,3,FRA,BLR,2012-13,UEFA,False
2012-09-19,Bayern München,Valencia CF,bayern münchen,valencia,2,1,GER,ESP,2012-13,UEFA,False
2012-09-19,FC Barcelona,Spartak Moskva,barcelona,spartak moskva,3,2,ESP,RUS,2012-13,UEFA,False
2012-09-19,Celtic FC,SL Benfica,celtic,sl benfica,0,0,SCO,POR,2012-13,UEFA,False
2012-09-19,Sporting Braga,CFR Cluj,sporting braga,cfr cluj,0,2,POR,ROU,2012-13,UEFA,False
2012-09-19,Chelsea FC,Juventus,chelsea,juventus,2,2,ENG,ITA,2012-13,UEFA,False
2012-09-19,Shakhtar Donetsk,FC Nordsjælland,shakhtar donetsk,nordsjælland,2,0,UKR,DEN,2012-13,UEFA,False
2012-10-02,BATE Borisov,Bayern München,bate borisov,bayern münchen,3,1,BLR,GER,2012-13,UEFA,False
2012-10-02,Galatasaray,Sporting Braga,galatasaray,sporting braga,0,2,TUR,POR,2012-13,UEFA,False
2012-10-02,CFR Cluj,Manchester United,cfr cluj,manchester united,1,2,ROU,ENG,2012-13,UEFA,False
2012-10-02,FC Nordsjælland,Chelsea FC,nordsjælland,chelsea,0,4,DEN,ENG,2012-13,UEFA,False
2012-10-02,Juventus,Shakhtar Donetsk,juventus,shakhtar donetsk,1,1,ITA,UKR,2012-13,UEFA,False
2012-10-02,SL Benfica,FC Barcelona,sl benfica,barcelona,0,2,POR,ESP,2012-13,UEFA,False
2012-10-02,Spartak Moskva,Celtic FC,spartak moskva,celtic,2,3,RUS,SCO,2012-13,UEFA,False
2012-10-02,Valencia CF,Lille OSC,valencia,lille osc,2,0,ESP,FRA,2012-13,UEFA,False
2012-10-03,FC Porto,Paris Saint-Germain,porto,paris saint-germain,1,0,POR,FRA,2012-13,UEFA,False
2012-10-03,AFC Ajax,Real Madrid,ajax,real madrid,1,4,NED,ESP,2012-13,UEFA,False
2012-10-03,FC Schalke 04,Montpellier HSC,schalke,montpellier hsc,2,2,GER,FRA,2012-13,UEFA,False
2012-10-03,Zenit St. Petersburg,AC Milan,zenit st. petersburg,milan,2,3,RUS,ITA,2012-13,UEFA,False
2012-10-03,RSC Anderlecht,Málaga CF,rsc anderlecht,málaga,0,3,BEL,ESP,2012-13,UEFA,False
2012-10-03,Arsenal FC,Olympiakos Piraeus,arsenal,olympiakos piraeus,3,1,ENG,GRE,2012-13,UEFA,False
2012-10-03,Manchester City,Borussia Dortmund,manchester city,borussia dortmund,1,1,ENG,GER,2012-13,UEFA,False
2012-10-03,Dinamo Kiev,Dinamo Zagreb,dinamo kiev,dinamo zagreb,2,0,UKR,CRO,2012-13,UEFA,False
2012-10-23,BATE Borisov,Valencia CF,bate borisov,valencia,0,3,BLR,ESP,2012-13,UEFA,False
2012-10-23,Spartak Moskva,SL Benfica,spartak moskva,sl benfica,2,1,RUS,POR,2012-13,UEFA,False
2012-10-23,Shakhtar Donetsk,Chelsea FC,shakhtar donetsk,chelsea,2,1,UKR,ENG,2012-13,UEFA,False
2012-10-23,FC Nordsjælland,Juventus,nordsjælland,juventus,1,1,DEN,ITA,2012-13,UEFA,False
2012-10-23,FC Barcelona,Celtic FC,barcelona,celtic,2,1,ESP,SCO,2012-13,UEFA,False
2012-10-23,Lille OSC,Bayern München,lille osc,bayern münchen,0,1,FRA,GER,2012-13,UEFA,False
2012-10-23,Galatasaray,CFR Cluj,galatasaray,cfr cluj,1,1,TUR,ROU,2012-13,UEFA,False
2012-10-23,Manchester United,Sporting Braga,manchester united,sporting braga,3,2,ENG,POR,2012-13,UEFA,False
2012-10-24,Málaga CF,AC Milan,málaga,milan,1,0,ESP,ITA,2012-13,UEFA,False
2012-10-24,Zenit St. Petersburg,RSC Anderlecht,zenit st. petersburg,rsc anderlecht,1,0,RUS,BEL,2012-13,UEFA,False
2012-10-24,Montpellier HSC,Olympiakos Piraeus,montpellier hsc,olympiakos piraeus,1,2,FRA,GRE,2012-13,UEFA,False
2012-10-24,Dinamo Zagreb,Paris Saint-Germain,dinamo zagreb,paris saint-germain,0,2,CRO,FRA,2012-13,UEFA,False
2012-10-24,Arsenal FC,FC Schalke 04,arsenal,schalke,0,2,ENG,GER,2012-13,UEFA,False
2012-10-24,Borussia Dortmund,Real Madrid,borussia dortmund,real madrid,2,1,GER,ESP,2012-13,UEFA,False
2012-10-24,AFC Ajax,Manchester City,ajax,manchester city,3,1,NED,ENG,2012-13,UEFA,False
2012-10-24,FC Porto,Dinamo Kiev,porto,dinamo kiev,3,2,POR,UKR,2012-13,UEFA,False
2012-11-06,Real Madrid,Borussia Dortmund,real madrid,borussia dortmund,2,2,ESP,GER,2012-13,UEFA,False
2012-11-06,AC Milan,Málaga CF,milan,málaga,1,1,ITA,ESP,2012-13,UEFA,False
2012-11-06,RSC Anderlecht,Zenit St. Petersburg,rsc anderlecht,zenit st. petersburg,1,0,BEL,RUS,2012-13,UEFA,False
2012-11-06,Manchester City,AFC Ajax,manchester city,ajax,2,2,ENG,NED,2012-13,UEFA,False
2012-11-06,Dinamo Kiev,FC Porto,dinamo kiev,porto,0,0,UKR,POR,2012-13,UEFA,False
2012-11-06,Olympiakos Piraeus,Montpellier HSC,olympiakos piraeus,montpellier hsc,3,1,GRE,FRA,2012-13,UEFA,False
2012-11-06,Paris Saint-Germain,Dinamo Zagreb,paris saint-germain,dinamo zagreb,4,0,FRA,CRO,2012-13,UEFA,False
2012-11-06,FC Schalke 04,Arsenal FC,schalke,arsenal,2,2,GER,ENG,2012-13,UEFA,False
2012-11-07,CFR Cluj,Galatasaray,cfr cluj,galatasaray,1,3,ROU,TUR,2012-13,UEFA,False
2012-11-07,Sporting Braga,Manchester United,sporting braga,manchester united,1,3,POR,ENG,2012-13,UEFA,False
2012-11-07,Valencia CF,BATE Borisov,valencia,bate borisov,4,2,ESP,BLR,2012-13,UEFA,False
2012-11-07,Chelsea FC,Shakhtar Donetsk,chelsea,shakhtar donetsk,3,2,ENG,UKR,2012-13,UEFA,False
2012-11-07,Bayern München,Lille OSC,bayern münchen,lille osc,6,1,GER,FRA,2012-13,UEFA,False
2012-11-07,SL Benfica,Spartak Moskva,sl benfica,spartak moskva,2,0,POR,RUS,2012-13,UEFA,False
2012-11-07,Celtic FC,FC Barcelona,celtic,barcelona,2,1,SCO,ESP,2012-13,UEFA,False
2012-11-07,Juventus,FC Nordsjælland,juventus,nordsjælland,4,0,ITA,DEN,2012-13,UEFA,False
2012-11-20,Galatasaray,Manchester United,galatasaray,manchester united,1,0,TUR,ENG,2012-13,UEFA,False
2012-11-20,CFR Cluj,Sporting Braga,cfr cluj,sporting braga,3,1,ROU,POR,2012-13,UEFA,False
2012-11-20,Spartak Moskva,FC Barcelona,spartak moskva,barcelona,0,3,RUS,ESP,2012-13,UEFA,False
2012-11-20,SL Benfica,Celtic FC,sl benfica,celtic,2,1,POR,SCO,2012-13,UEFA,False
2012-11-20,Valencia CF,Bayern München,valencia,bayern münchen,1,1,ESP,GER,2012-13,UEFA,False
2012-11-20,BATE Borisov,Lille OSC,bate borisov,lille osc,0,2,BLR,FRA,2012-13,UEFA,False
2012-11-20,FC Nordsjælland,Shakhtar Donetsk,nordsjælland,shakhtar donetsk,2,5,DEN,UKR,2012-13,UEFA,False
2012-11-20,Juventus,Chelsea FC,juventus,chelsea,3,0,ITA,ENG,2012-13,UEFA,False
2012-11-21,FC Porto,Dinamo Zagreb,porto,dinamo zagreb,3,0,POR,CRO,2012-13,UEFA,False
2012-11-21,Zenit St. Petersburg,Málaga CF,zenit st. petersburg,málaga,2,2,RUS,ESP,2012-13,UEFA,False
2012-11-21,RSC Anderlecht,AC Milan,rsc anderlecht,milan,1,3,BEL,ITA,2012-13,UEFA,False
2012-11-21,Arsenal FC,Montpellier HSC,arsenal,montpellier hsc,2,0,ENG,FRA,2012-13,UEFA,False
2012-11-21,AFC Ajax,Borussia Dortmund,ajax,borussia dortmund,1,4,NED,GER,2012-13,UEFA,False
2012-11-21,Manchester City,Real Madrid,manchester city,real madrid,1,1,ENG,ESP,2012-13,UEFA,False
2012-11-21,Dinamo Kiev,Paris Saint-Germain,dinamo kiev,paris saint-germain,0,2,UKR,FRA,2012-13,UEFA,False
2012-11-21,FC Schalke 04,Olympiakos Piraeus,schalke,olympiakos piraeus,1,0,GER,GRE,2012-13,UEFA,False
2012-12-04,Borussia Dortmund,Manchester City,borussia dortmund,manchester city,1,0,GER,ENG,2012-13,UEFA,False
2012-12-04,Málaga CF,RSC Anderlecht,málaga,rsc anderlecht,2,2,ESP,BEL,2012-13,UEFA,False
2012-12-04,AC Milan,Zenit St. Petersburg,milan,zenit st. petersburg,0,1,ITA,RUS,2012-13,UEFA,False
2012-12-04,Paris Saint-Germain,FC Porto,paris saint-germain,porto,2,1,FRA,POR,2012-13,UEFA,False
2012-12-04,Dinamo Zagreb,Dinamo Kiev,dinamo zagreb,dinamo kiev,1,1,CRO,UKR,2012-13,UEFA,False
2012-12-04,Montpellier HSC,FC Schalke 04,montpellier hsc,schalke,1,1,FRA,GER,2012-13,UEFA,False
2012-12-04,Olympiakos Piraeus,Arsenal FC,olympiakos piraeus,arsenal,2,1,GRE,ENG,2012-13,UEFA,False
2012-12-04,Real Madrid,AFC Ajax,real madrid,ajax,4,1,ESP,NED,2012-13,UEFA,False
2012-12-05,Sporting Braga,Galatasaray,sporting braga,galatasaray,1,2,POR,TUR,2012-13,UEFA,False
2012-12-05,Manchester United,CFR Cluj,manchester united,cfr cluj,0,1,ENG,ROU,2012-13,UEFA,False
2012-12-05,Celtic FC,Spartak Moskva,celtic,spartak moskva,2,1,SCO,RUS,2012-13,UEFA,False
2012-12-05,FC Barcelona,SL Benfica,barcelona,sl benfica,0,0,ESP,POR,2012-13,UEFA,False
2012-12-05,Shakhtar Donetsk,Juventus,shakhtar donetsk,juventus,0,1,UKR,ITA,2012-13,UEFA,False
2012-12-05,Chelsea FC,FC Nordsjælland,chelsea,nordsjælland,6,1,ENG,DEN,2012-13,UEFA,False
2012-12-05,Bayern München,BATE Borisov,bayern münchen,bate borisov,4,1,GER,BLR,2012-13,UEFA,False
2012-12-05,Lille OSC,Valencia CF,lille osc,valencia,0,1,FRA,ESP,2012-13,UEFA,False
2013-02-12,Celtic FC,Juventus,celtic,juventus,0,3,SCO,ITA,2012-13,UEFA,False
2013-02-12,Valencia CF,Paris Saint-Germain,valencia,paris saint-germain,1,2,ESP,FRA,2012-13,UEFA,False
2013-02-13,Real Madrid,Manchester United,real madrid,manchester united,1,1,ESP,ENG,2012-13,UEFA,False
2013-02-13,Shakhtar Donetsk,Borussia Dortmund,shakhtar donetsk,borussia dortmund,2,2,UKR,GER,2012-13,UEFA,False
2013-02-19,Arsenal FC,Bayern München,arsenal,bayern münchen,1,3,ENG,GER,2012-13,UEFA,False
2013-02-19,FC Porto,Málaga CF,porto,málaga,1,0,POR,ESP,2012-13,UEFA,False
2013-02-20,Galatasaray,FC Schalke 04,galatasaray,schalke,1,1,TUR,GER,2012-13,UEFA,False
2013-02-20,AC Milan,FC Barcelona,milan,barcelona,2,0,ITA,ESP,2012-13,UEFA,False
2013-03-05,Borussia Dortmund,Shakhtar Donetsk,borussia dortmund,shakhtar donetsk,3,0,GER,UKR,2012-13,UEFA,False
2013-03-05,Manchester United,Real Madrid,manchester united,real madrid,1,2,ENG,ESP,2012-13,UEFA,False
2013-03-06,Paris Saint-Germain,Valencia CF,paris saint-germain,valencia,1,1,FRA,ESP,2012-13,UEFA,False
2013-03-06,Juventus,Celtic FC,juventus,celtic,2,0,ITA,SCO,2012-13,UEFA,False
2013-03-12,FC Schalke 04,Galatasaray,schalke,galatasaray,2,3,GER,TUR,2012-13,UEFA,False
2013-03-12,FC Barcelona,AC Milan,barcelona,milan,4,0,ESP,ITA,2012-13,UEFA,False
2013-03-13,Bayern München,Arsenal FC,bayern münchen,arsenal,0,2,GER,ENG,2012-13,UEFA,False
2013-03-13,Málaga CF,FC Porto,málaga,porto,2,0,ESP,POR,2012-13,UEFA,False
2013-04-02,Paris Saint-Germain,FC Barcelona,paris saint-germain,barcelona,2,2,FRA,ESP,2012-13,UEFA,False
2013-04-02,Bayern München,Juventus,bayern münchen,juventus,2,0,GER,ITA,2012-13,UEFA,False
2013-04-03,Real Madrid,Galatasaray,real madrid,galatasaray,3,0,ESP,TUR,2012-13,UEFA,False
2013-04-03,Málaga CF,Borussia Dortmund,málaga,borussia dortmund,0,0,ESP,GER,2012-13,UEFA,False
2013-04-09,Galatasaray,Real Madrid,galatasaray,real madrid,3,2,TUR,ESP,2012-13,UEFA,False
2013-04-09,Borussia Dortmund,Málaga CF,borussia dortmund,málaga,3,2,GER,ESP,2012-13,UEFA,False
2013-04-10,FC Barcelona,Paris Saint-Germain,barcelona,paris saint-germain,1,1,ESP,FRA,2012-13,UEFA,False
2013-04-10,Juventus,Bayern München,juventus,bayern münchen,0,2,ITA,GER,2012-13,UEFA,False
2013-04-23,Bayern München,FC Barcelona,bayern münchen,barcelona,4,0,GER,ESP,2012-13,UEFA,False
2013-04-24,Borussia Dortmund,Real Madrid,borussia dortmund,real madrid,4,1,GER,ESP,2012-13,UEFA,False
2013-04-30,Real Madrid,Borussia Dortmund,real madrid,borussia dortmund,2,0,ESP,GER,2012-13,UEFA,False
2013-05-01,FC Barcelona,Bayern München,barcelona,bayern münchen,0,3,ESP,GER,2012-13,UEFA,False
2013-05-25,Borussia Dortmund,Bayern München,borussia dortmund,bayern münchen,1,2,GER,GER,2012-13,UEFA,False
2013-09-17,FC København,Juventus,københavn,juventus,1,1,DEN,ITA,2013-14,UEFA,False
2013-09-17,SL Benfica,RSC Anderlecht,sl benfica,rsc anderlecht,2,0,POR,BEL,2013-14,UEFA,False
2013-09-17,Olympiakos Piraeus,Paris Saint-Germain,olympiakos piraeus,paris saint-germain,1,4,GRE,FRA,2013-14,UEFA,False
2013-09-17,Viktoria Plzeň,Manchester City,viktoria plzeň,manchester city,0,3,CZE,ENG,2013-14,UEFA,False
2013-09-17,Galatasaray,Real Madrid,galatasaray,real madrid,1,6,TUR,ESP,2013-14,UEFA,False
2013-09-17,Bayern München,CSKA Moskva,bayern münchen,cska moskva,3,0,GER,RUS,2013-14,UEFA,False
2013-09-17,Manchester United,Bayer Leverkusen,manchester united,bayer leverkusen,4,2,ENG,GER,2013-14,UEFA,False
2013-09-17,Real Sociedad,Shakhtar Donetsk,real sociedad,shakhtar donetsk,0,2,ESP,UKR,2013-14,UEFA,False
2013-09-18,AC Milan,Celtic FC,milan,celtic,2,0,ITA,SCO,2013-14,UEFA,False
2013-09-18,FC Barcelona,AFC Ajax,barcelona,ajax,4,0,ESP,NED,2013-14,UEFA,False
2013-09-18,Chelsea FC,FC Basel 1893,chelsea,basel 1893,1,2,ENG,SUI,2013-14,UEFA,False
2013-09-18,FC Schalke 04,FC Steaua Bucureşti,schalke,steaua bucureşti,3,0,GER,ROU,2013-14,UEFA,False
2013-09-18,Olympique Marseille,Arsenal FC,olympique marseille,arsenal,1,2,FRA,ENG,2013-14,UEFA,False
2013-09-18,SSC Napoli,Borussia Dortmund,ssc napoli,borussia dortmund,2,1,ITA,GER,2013-14,UEFA,False
2013-09-18,Austria Wien,FC Porto,austria wien,porto,0,1,AUT,POR,2013-14,UEFA,False
2013-09-18,Atlético Madrid,Zenit St. Petersburg,atlético madrid,zenit st. petersburg,3,1,ESP,RUS,2013-14,UEFA,False
2013-10-01,Celtic FC,FC Barcelona,celtic,barcelona,0,1,SCO,ESP,2013-14,UEFA,False
2013-10-01,FC Basel 1893,FC Schalke 04,basel 1893,schalke,0,1,SUI,GER,2013-14,UEFA,False
2013-10-01,FC Steaua Bucureşti,Chelsea FC,steaua bucureşti,chelsea,0,4,ROU,ENG,2013-14,UEFA,False
2013-10-01,Borussia Dortmund,Olympique Marseille,borussia dortmund,olympique marseille,3,0,GER,FRA,2013-14,UEFA,False
2013-10-01,Arsenal FC,SSC Napoli,arsenal,ssc napoli,2,0,ENG,ITA,2013-14,UEFA,False
2013-10-01,Zenit St. Petersburg,Austria Wien,zenit st. petersburg,austria wien,0,0,RUS,AUT,2013-14,UEFA,False
2013-10-01,FC Porto,Atlético Madrid,porto,atlético madrid,1,2,POR,ESP,2013-14,UEFA,False
2013-10-01,AFC Ajax,AC Milan,ajax,milan,1,1,NED,ITA,2013-14,UEFA,False
2013-10-02,Manchester City,Bayern München,manchester city,bayern münchen,1,3,ENG,GER,2013-14,UEFA,False
2013-10-02,CSKA Moskva,Viktoria Plzeň,cska moskva,viktoria plzeň,3,2,RUS,CZE,2013-14,UEFA,False
2013-10-02,Shakhtar Donetsk,Manchester United,shakhtar donetsk,manchester united,1,1,UKR,ENG,2013-14,UEFA,False
2013-10-02,Paris Saint-Germain,SL Benfica,paris saint-germain,sl benfica,3,0,FRA,POR,2013-14,UEFA,False
2013-10-02,RSC Anderlecht,Olympiakos Piraeus,rsc anderlecht,olympiakos piraeus,0,3,BEL,GRE,2013-14,UEFA,False
2013-10-02,Real Madrid,FC København,real madrid,københavn,4,0,ESP,DEN,2013-14,UEFA,False
2013-10-02,Juventus,Galatasaray,juventus,galatasaray,2,2,ITA,TUR,2013-14,UEFA,False
2013-10-02,Bayer Leverkusen,Real Sociedad,bayer leverkusen,real sociedad,2,1,GER,ESP,2013-14,UEFA,False
2013-10-22,Austria Wien,Atlético Madrid,austria wien,atlético madrid,0,3,AUT,ESP,2013-14,UEFA,False
2013-10-22,FC Porto,Zenit St. Petersburg,porto,zenit st. petersburg,0,1,POR,RUS,2013-14,UEFA,False
2013-10-22,Arsenal FC,Borussia Dortmund,arsenal,borussia dortmund,1,2,ENG,GER,2013-14,UEFA,False
2013-10-22,FC Schalke 04,Chelsea FC,schalke,chelsea,0,3,GER,ENG,2013-14,UEFA,False
2013-10-22,Olympique Marseille,SSC Napoli,olympique marseille,ssc napoli,1,2,FRA,ITA,2013-14,UEFA,False
2013-10-22,AC Milan,FC Barcelona,milan,barcelona,1,1,ITA,ESP,2013-14,UEFA,False
2013-10-22,Celtic FC,AFC Ajax,celtic,ajax,2,1,SCO,NED,2013-14,UEFA,False
2013-10-22,FC Steaua Bucureşti,FC Basel 1893,steaua bucureşti,basel 1893,1,1,ROU,SUI,2013-14,UEFA,False
2013-10-23,Bayern München,Viktoria Plzeň,bayern münchen,viktoria plzeň,5,0,GER,CZE,2013-14,UEFA,False
2013-10-23,Manchester United,Real Sociedad,manchester united,real sociedad,1,0,ENG,ESP,2013-14,UEFA,False
2013-10-23,Galatasaray,FC København,galatasaray,københavn,3,1,TUR,DEN,2013-14,UEFA,False
2013-10-23,RSC Anderlecht,Paris Saint-Germain,rsc anderlecht,paris saint-germain,0,5,BEL,FRA,2013-14,UEFA,False
2013-10-23,CSKA Moskva,Manchester City,cska moskva,manchester city,1,2,RUS,ENG,2013-14,UEFA,False
2013-10-23,Bayer Leverkusen,Shakhtar Donetsk,bayer leverkusen,shakhtar donetsk,4,0,GER,UKR,2013-14,UEFA,False
2013-10-23,SL Benfica,Olympiakos Piraeus,sl benfica,olympiakos piraeus,1,1,POR,GRE,2013-14,UEFA,False
2013-10-23,Real Madrid,Juventus,real madrid,juventus,2,1,ESP,ITA,2013-14,UEFA,False
2013-11-05,Juventus,Real Madrid,juventus,real madrid,2,2,ITA,ESP,2013-14,UEFA,False
2013-11-05,Shakhtar Donetsk,Bayer Leverkusen,shakhtar donetsk,bayer leverkusen,0,0,UKR,GER,2013-14,UEFA,False
2013-11-05,Paris Saint-Germain,RSC Anderlecht,paris saint-germain,rsc anderlecht,1,1,FRA,BEL,2013-14,UEFA,False
2013-11-05,Olympiakos Piraeus,SL Benfica,olympiakos piraeus,sl benfica,1,0,GRE,POR,2013-14,UEFA,False
2013-11-05,FC København,Galatasaray,københavn,galatasaray,1,0,DEN,TUR,2013-14,UEFA,False
2013-11-05,Real Sociedad,Manchester United,real sociedad,manchester united,0,0,ESP,ENG,2013-14,UEFA,False
2013-11-05,Viktoria Plzeň,Bayern München,viktoria plzeň,bayern münchen,0,1,CZE,GER,2013-14,UEFA,False
2013-11-05,Manchester City,CSKA Moskva,manchester city,cska moskva,5,2,ENG,RUS,2013-14,UEFA,False
2013-11-06,Chelsea FC,FC Schalke 04,chelsea,schalke,3,0,ENG,GER,2013-14,UEFA,False
2013-11-06,FC Basel 1893,FC Steaua Bucureşti,basel 1893,steaua bucureşti,1,1,SUI,ROU,2013-14,UEFA,False
2013-11-06,AFC Ajax,Celtic FC,ajax,celtic,1,0,NED,SCO,2013-14,UEFA,False
2013-11-06,Zenit St. Petersburg,FC Porto,zenit st. petersburg,porto,1,1,RUS,POR,2013-14,UEFA,False
2013-11-06,FC Barcelona,AC Milan,barcelona,milan,3,1,ESP,ITA,2013-14,UEFA,False
2013-11-06,Atlético Madrid,Austria Wien,atlético madrid,austria wien,4,0,ESP,AUT,2013-14,UEFA,False
2013-11-06,Borussia Dortmund,Arsenal FC,borussia dortmund,arsenal,0,1,GER,ENG,2013-14,UEFA,False
2013-11-06,SSC Napoli,Olympique Marseille,ssc napoli,olympique marseille,3,2,ITA,FRA,2013-14,UEFA,False
2013-11-26,Zenit St. Petersburg,Atlético Madrid,zenit st. petersburg,atlético madrid,1,1,RUS,ESP,2013-14,UEFA,False
2013-11-26,AFC Ajax,FC Barcelona,ajax,barcelona,2,1,NED,ESP,2013-14,UEFA,False
2013-11-26,Borussia Dortmund,SSC Napoli,borussia dortmund,ssc napoli,3,1,GER,ITA,2013-14,UEFA,False
2013-11-26,Arsenal FC,Olympique Marseille,arsenal,olympique marseille,2,0,ENG,FRA,2013-14,UEFA,False
2013-11-26,Celtic FC,AC Milan,celtic,milan,0,3,SCO,ITA,2013-14,UEFA,False
2013-11-26,FC Porto,Austria Wien,porto,austria wien,1,1,POR,AUT,2013-14,UEFA,False
2013-11-26,FC Steaua Bucureşti,FC Schalke 04,steaua bucureşti,schalke,0,0,ROU,GER,2013-14,UEFA,False
2013-11-26,FC Basel 1893,Chelsea FC,basel 1893,chelsea,1,0,SUI,ENG,2013-14,UEFA,False
2013-11-27,Bayer Leverkusen,Manchester United,bayer leverkusen,manchester united,0,5,GER,ENG,2013-14,UEFA,False
2013-11-27,Shakhtar Donetsk,Real Sociedad,shakhtar donetsk,real sociedad,4,0,UKR,ESP,2013-14,UEFA,False
2013-11-27,RSC Anderlecht,SL Benfica,rsc anderlecht,sl benfica,2,3,BEL,POR,2013-14,UEFA,False
2013-11-27,Paris Saint-Germain,Olympiakos Piraeus,paris saint-germain,olympiakos piraeus,2,1,FRA,GRE,2013-14,UEFA,False
2013-11-27,Manchester City,Viktoria Plzeň,manchester city,viktoria plzeň,4,2,ENG,CZE,2013-14,UEFA,False
2013-11-27,CSKA Moskva,Bayern München,cska moskva,bayern münchen,1,3,RUS,GER,2013-14,UEFA,False
2013-11-27,Real Madrid,Galatasaray,real madrid,galatasaray,4,1,ESP,TUR,2013-14,UEFA,False
2013-11-27,Juventus,FC København,juventus,københavn,3,1,ITA,DEN,2013-14,UEFA,False
2013-12-10,FC København,Real Madrid,københavn,real madrid,0,2,DEN,ESP,2013-14,UEFA,False
2013-12-10,Real Sociedad,Bayer Leverkusen,real sociedad,bayer leverkusen,0,1,ESP,GER,2013-14,UEFA,False
2013-12-10,Manchester United,Shakhtar Donetsk,manchester united,shakhtar donetsk,1,0,ENG,UKR,2013-14,UEFA,False
2013-12-10,SL Benfica,Paris Saint-Germain,sl benfica,paris saint-germain,2,1,POR,FRA,2013-14,UEFA,False
2013-12-10,Olympiakos Piraeus,RSC Anderlecht,olympiakos piraeus,rsc anderlecht,3,1,GRE,BEL,2013-14,UEFA,False
2013-12-10,Viktoria Plzeň,CSKA Moskva,viktoria plzeň,cska moskva,2,1,CZE,RUS,2013-14,UEFA,False
2013-12-10,Bayern München,Manchester City,bayern münchen,manchester city,2,3,GER,ENG,2013-14,UEFA,False
2013-12-11,AC Milan,AFC Ajax,milan,ajax,0,0,ITA,NED,2013-14,UEFA,False
2013-12-11,FC Barcelona,Celtic FC,barcelona,celtic,6,1,ESP,SCO,2013-14,UEFA,False
2013-12-11,Austria Wien,Zenit St. Petersburg,austria wien,zenit st. petersburg,4,1,AUT,RUS,2013-14,UEFA,False
2013-12-11,Atlético Madrid,FC Porto,atlético madrid,porto,2,0,ESP,POR,2013-14,UEFA,False
2013-12-11,SSC Napoli,Arsenal FC,ssc napoli,arsenal,2,0,ITA,ENG,2013-14,UEFA,False
2013-12-11,Olympique Marseille,Borussia Dortmund,olympique marseille,borussia dortmund,1,2,FRA,GER,2013-14,UEFA,False
2013-12-11,Galatasaray,Juventus,galatasaray,juventus,1,0,TUR,ITA,2013-14,UEFA,False
2013-12-11,Chelsea FC,FC Steaua Bucureşti,chelsea,steaua bucureşti,1,0,ENG,ROU,2013-14,UEFA,False
2013-12-11,FC Schalke 04,FC Basel 1893,schalke,basel 1893,2,0,GER,SUI,2013-14,UEFA,False
2014-02-18,Manchester City,FC Barcelona,manchester city,barcelona,0,2,ENG,ESP,2013-14,UEFA,False
2014-02-18,Bayer Leverkusen,Paris Saint-Germain,bayer leverkusen,paris saint-germain,0,4,GER,FRA,2013-14,UEFA,False
2014-02-19,AC Milan,Atlético Madrid,milan,atlético madrid,0,1,ITA,ESP,2013-14,UEFA,False
2014-02-19,Arsenal FC,Bayern München,arsenal,bayern münchen,0,2,ENG,GER,2013-14,UEFA,False
2014-02-25,Zenit St. Petersburg,Borussia Dortmund,zenit st. petersburg,borussia dortmund,2,4,RUS,GER,2013-14,UEFA,False
2014-02-25,Olympiakos Piraeus,Manchester United,olympiakos piraeus,manchester united,2,0,GRE,ENG,2013-14,UEFA,False
2014-02-26,Galatasaray,Chelsea FC,galatasaray,chelsea,1,1,TUR,ENG,2013-14,UEFA,False
2014-02-26,FC Schalke 04,Real Madrid,schalke,real madrid,1,6,GER,ESP,2013-14,UEFA,False
2014-03-11,Atlético Madrid,AC Milan,atlético madrid,milan,4,1,ESP,ITA,2013-14,UEFA,False
2014-03-11,Bayern München,Arsenal FC,bayern münchen,arsenal,1,1,GER,ENG,2013-14,UEFA,False
2014-03-12,Paris Saint-Germain,Bayer Leverkusen,paris saint-germain,bayer leverkusen,2,1,FRA,GER,2013-14,UEFA,False
2014-03-12,FC Barcelona,Manchester City,barcelona,manchester city,2,1,ESP,ENG,2013-14,UEFA,False
2014-03-18,Chelsea FC,Galatasaray,chelsea,galatasaray,2,0,ENG,TUR,2013-14,UEFA,False
2014-03-18,Real Madrid,FC Schalke 04,real madrid,schalke,3,1,ESP,GER,2013-14,UEFA,False
2014-03-19,Manchester United,Olympiakos Piraeus,manchester united,olympiakos piraeus,3,0,ENG,GRE,2013-14,UEFA,False
2014-03-19,Borussia Dortmund,Zenit St. Petersburg,borussia dortmund,zenit st. petersburg,1,2,GER,RUS,2013-14,UEFA,False
2014-04-01,FC Barcelona,Atlético Madrid,barcelona,atlético madrid,1,1,ESP,ESP,2013-14,UEFA,False
2014-04-01,Manchester United,Bayern München,manchester united,bayern münchen,1,1,ENG,GER,2013-14,UEFA,False
2014-04-02,Paris Saint-Germain,Chelsea FC,paris saint-germain,chelsea,3,1,FRA,ENG,2013-14,UEFA,False
2014-04-02,Real Madrid,Borussia Dortmund,real madrid,borussia dortmund,3,0,ESP,GER,2013-14,UEFA,False
2014-04-08,Chelsea FC,Paris Saint-Germain,chelsea,paris saint-germain,2,0,ENG,FRA,2013-14,UEFA,False
2014-04-08,Borussia Dortmund,Real Madrid,borussia dortmund,real madrid,2,0,GER,ESP,2013-14,UEFA,False
2014-04-09,Atlético Madrid,FC Barcelona,atlético madrid,barcelona,1,0,ESP,ESP,2013-14,UEFA,False
2014-04-09,Bayern München,Manchester United,bayern münchen,manchester united,3,1,GER,ENG,2013-14,UEFA,False
2014-04-22,Atlético Madrid,Chelsea FC,atlético madrid,chelsea,0,0,ESP,ENG,2013-14,UEFA,False
2014-04-23,Real Madrid,Bayern München,real madrid,bayern münchen,1,0,ESP,GER,2013-14,UEFA,False
2014-04-29,Bayern München,Real Madrid,bayern münchen,real madrid,0,4,GER,ESP,2013-14,UEFA,False
2014-04-30,Chelsea FC,Atlético Madrid,chelsea,atlético madrid,1,3,ENG,ESP,2013-14,UEFA,False
2014-05-24,Real Madrid,Atlético Madrid,real madrid,atlético madrid,4,1,ESP,ESP,2013-14,UEFA,False
2014-09-16,SL Benfica,Zenit St. Petersburg,sl benfica,zenit st. petersburg,0,2,POR,RUS,2014-15,UEFA,False
2014-09-16,Borussia Dortmund,Arsenal FC,borussia dortmund,arsenal,2,0,GER,ENG,2014-15,UEFA,False
2014-09-16,Real Madrid,FC Basel 1893,real madrid,basel 1893,5,1,ESP,SUI,2014-15,UEFA,False
2014-09-16,Galatasaray,RSC Anderlecht,galatasaray,rsc anderlecht,1,1,TUR,BEL,2014-15,UEFA,False
2014-09-16,Liverpool FC,PFC Ludogorets Razgrad,liverpool,pfc ludogorets razgrad,2,1,ENG,BUL,2014-15,UEFA,False
2014-09-16,Juventus,Malmö FF,juventus,malmö ff,2,0,ITA,SWE,2014-15,UEFA,False
2014-09-16,Olympiakos Piraeus,Atlético Madrid,olympiakos piraeus,atlético madrid,3,2,GRE,ESP,2014-15,UEFA,False
2014-09-16,AS Monaco,Bayer Leverkusen,monaco,bayer leverkusen,1,0,FRA,GER,2014-15,UEFA,False
2014-09-17,FC Barcelona,APOEL Nikosia,barcelona,apoel nikosia,1,0,ESP,CYP,2014-15,UEFA,False
2014-09-17,AFC Ajax,Paris Saint-Germain,ajax,paris saint-germain,1,1,NED,FRA,2014-15,UEFA,False
2014-09-17,Bayern München,Manchester City,bayern münchen,manchester city,1,0,GER,ENG,2014-15,UEFA,False
2014-09-17,AS Roma,CSKA Moskva,roma,cska moskva,5,1,ITA,RUS,2014-15,UEFA,False
2014-09-17,Athletic Club,Shakhtar Donetsk,athletic club,shakhtar donetsk,0,0,ESP,UKR,2014-15,UEFA,False
2014-09-17,FC Porto,BATE Borisov,porto,bate borisov,6,0,POR,BLR,2014-15,UEFA,False
2014-09-17,Chelsea FC,FC Schalke 04,chelsea,schalke,1,1,ENG,GER,2014-15,UEFA,False
2014-09-17,NK Maribor,Sporting CP,maribor,sporting cp,1,1,SVN,POR,2014-15,UEFA,False
2014-09-30,BATE Borisov,Athletic Club,bate borisov,athletic club,2,1,BLR,ESP,2014-15,UEFA,False
2014-09-30,CSKA Moskva,Bayern München,cska moskva,bayern münchen,0,1,RUS,GER,2014-15,UEFA,False
2014-09-30,Manchester City,AS Roma,manchester city,roma,1,1,ENG,ITA,2014-15,UEFA,False
2014-09-30,Shakhtar Donetsk,FC Porto,shakhtar donetsk,porto,2,2,UKR,POR,2014-15,UEFA,False
2014-09-30,APOEL Nikosia,AFC Ajax,apoel nikosia,ajax,1,1,CYP,NED,2014-15,UEFA,False
2014-09-30,Paris Saint-Germain,FC Barcelona,paris saint-germain,barcelona,3,2,FRA,ESP,2014-15,UEFA,False
2014-09-30,FC Schalke 04,NK Maribor,schalke,maribor,1,1,GER,SVN,2014-15,UEFA,False
2014-09-30,Sporting CP,Chelsea FC,sporting cp,chelsea,0,1,POR,ENG,2014-15,UEFA,False
2014-10-01,Bayer Leverkusen,SL Benfica,bayer leverkusen,sl benfica,3,1,GER,POR,2014-15,UEFA,False
2014-10-01,PFC Ludogorets Razgrad,Real Madrid,pfc ludogorets razgrad,real madrid,1,2,BUL,ESP,2014-15,UEFA,False
2014-10-01,RSC Anderlecht,Borussia Dortmund,rsc anderlecht,borussia dortmund,0,3,BEL,GER,2014-15,UEFA,False
2014-10-01,Arsenal FC,Galatasaray,arsenal,galatasaray,4,1,ENG,TUR,2014-15,UEFA,False
2014-10-01,FC Basel 1893,Liverpool FC,basel 1893,liverpool,1,0,SUI,ENG,2014-15,UEFA,False
2014-10-01,Malmö FF,Olympiakos Piraeus,malmö ff,olympiakos piraeus,2,0,SWE,GRE,2014-15,UEFA,False
2014-10-01,Atlético Madrid,Juventus,atlético madrid,juventus,1,0,ESP,ITA,2014-15,UEFA,False
2014-10-01,Zenit St. Petersburg,AS Monaco,zenit st. petersburg,monaco,0,0,RUS,FRA,2014-15,UEFA,False
2014-10-21,APOEL Nikosia,Paris Saint-Germain,apoel nikosia,paris saint-germain,0,1,CYP,FRA,2014-15,UEFA,False
2014-10-21,FC Barcelona,AFC Ajax,barcelona,ajax,3,1,ESP,NED,2014-15,UEFA,False
2014-10-21,Chelsea FC,NK Maribor,chelsea,maribor,6,0,ENG,SVN,2014-15,UEFA,False
2014-10-21,FC Schalke 04,Sporting CP,schalke,sporting cp,4,3,GER,POR,2014-15,UEFA,False
2014-10-21,AS Roma,Bayern München,roma,bayern münchen,1,7,ITA,GER,2014-15,UEFA,False
2014-10-21,BATE Borisov,Shakhtar Donetsk,bate borisov,shakhtar donetsk,0,7,BLR,UKR,2014-15,UEFA,False
2014-10-21,CSKA Moskva,Manchester City,cska moskva,manchester city,2,2,RUS,ENG,2014-15,UEFA,False
2014-10-21,FC Porto,Athletic Club,porto,athletic club,2,1,POR,ESP,2014-15,UEFA,False
2014-10-22,RSC Anderlecht,Arsenal FC,rsc anderlecht,arsenal,1,2,BEL,ENG,2014-15,UEFA,False
2014-10-22,Liverpool FC,Real Madrid,liverpool,real madrid,0,3,ENG,ESP,2014-15,UEFA,False
2014-10-22,AS Monaco,SL Benfica,monaco,sl benfica,0,0,FRA,POR,2014-15,UEFA,False
2014-10-22,Atlético Madrid,Malmö FF,atlético madrid,malmö ff,5,0,ESP,SWE,2014-15,UEFA,False
2014-10-22,Bayer Leverkusen,Zenit St. Petersburg,bayer leverkusen,zenit st. petersburg,2,0,GER,RUS,2014-15,UEFA,False
2014-10-22,Olympiakos Piraeus,Juventus,olympiakos piraeus,juventus,1,0,GRE,ITA,2014-15,UEFA,False
2014-10-22,PFC Ludogorets Razgrad,FC Basel 1893,pfc ludogorets razgrad,basel 1893,1,0,BUL,SUI,2014-15,UEFA,False
2014-10-22,Galatasaray,Borussia Dortmund,galatasaray,borussia dortmund,0,4,TUR,GER,2014-15,UEFA,False
2014-11-04,Zenit St. Petersburg,Bayer Leverkusen,zenit st. petersburg,bayer leverkusen,1,2,RUS,GER,2014-15,UEFA,False
2014-11-04,Juventus,Olympiakos Piraeus,juventus,olympiakos piraeus,3,2,ITA,GRE,2014-15,UEFA,False
2014-11-04,FC Basel 1893,PFC Ludogorets Razgrad,basel 1893,pfc ludogorets razgrad,4,0,SUI,BUL,2014-15,UEFA,False
2014-11-04,Real Madrid,Liverpool FC,real madrid,liverpool,1,0,ESP,ENG,2014-15,UEFA,False
2014-11-04,Arsenal FC,RSC Anderlecht,arsenal,rsc anderlecht,3,3,ENG,BEL,2014-15,UEFA,False
2014-11-04,Borussia Dortmund,Galatasaray,borussia dortmund,galatasaray,4,1,GER,TUR,2014-15,UEFA,False
2014-11-04,SL Benfica,AS Monaco,sl benfica,monaco,1,0,POR,FRA,2014-15,UEFA,False
2014-11-04,Malmö FF,Atlético Madrid,malmö ff,atlético madrid,0,2,SWE,ESP,2014-15,UEFA,False
2014-11-05,Athletic Club,FC Porto,athletic club,porto,0,2,ESP,POR,2014-15,UEFA,False
2014-11-05,Sporting CP,FC Schalke 04,sporting cp,schalke,4,2,POR,GER,2014-15,UEFA,False
2014-11-05,NK Maribor,Chelsea FC,maribor,chelsea,1,1,SVN,ENG,2014-15,UEFA,False
2014-11-05,Shakhtar Donetsk,BATE Borisov,shakhtar donetsk,bate borisov,5,0,UKR,BLR,2014-15,UEFA,False
2014-11-05,AFC Ajax,FC Barcelona,ajax,barcelona,0,2,NED,ESP,2014-15,UEFA,False
2014-11-05,Paris Saint-Germain,APOEL Nikosia,paris saint-germain,apoel nikosia,1,0,FRA,CYP,2014-15,UEFA,False
2014-11-05,Bayern München,AS Roma,bayern münchen,roma,2,0,GER,ITA,2014-15,UEFA,False
2014-11-05,Manchester City,CSKA Moskva,manchester city,cska moskva,1,2,ENG,RUS,2014-15,UEFA,False
2014-11-25,Manchester City,Bayern München,manchester city,bayern münchen,3,2,ENG,GER,2014-15,UEFA,False
2014-11-25,CSKA Moskva,AS Roma,cska moskva,roma,1,1,RUS,ITA,2014-15,UEFA,False
2014-11-25,FC Schalke 04,Chelsea FC,schalke,chelsea,0,5,GER,ENG,2014-15,UEFA,False
2014-11-25,BATE Borisov,FC Porto,bate borisov,porto,0,3,BLR,POR,2014-15,UEFA,False
2014-11-25,APOEL Nikosia,FC Barcelona,apoel nikosia,barcelona,0,4,CYP,ESP,2014-15,UEFA,False
2014-11-25,Sporting CP,NK Maribor,sporting cp,maribor,3,1,POR,SVN,2014-15,UEFA,False
2014-11-25,Shakhtar Donetsk,Athletic Club,shakhtar donetsk,athletic club,0,1,UKR,ESP,2014-15,UEFA,False
2014-11-25,Paris Saint-Germain,AFC Ajax,paris saint-germain,ajax,3,1,FRA,NED,2014-15,UEFA,False
2014-11-26,Atlético Madrid,Olympiakos Piraeus,atlético madrid,olympiakos piraeus,4,0,ESP,GRE,2014-15,UEFA,False
2014-11-26,Arsenal FC,Borussia Dortmund,arsenal,borussia dortmund,2,0,ENG,GER,2014-15,UEFA,False
2014-11-26,Malmö FF,Juventus,malmö ff,juventus,0,2,SWE,ITA,2014-15,UEFA,False
2014-11-26,RSC Anderlecht,Galatasaray,rsc anderlecht,galatasaray,2,0,BEL,TUR,2014-15,UEFA,False
2014-11-26,FC Basel 1893,Real Madrid,basel 1893,real madrid,0,1,SUI,ESP,2014-15,UEFA,False
2014-11-26,PFC Ludogorets Razgrad,Liverpool FC,pfc ludogorets razgrad,liverpool,2,2,BUL,ENG,2014-15,UEFA,False
2014-11-26,Bayer Leverkusen,AS Monaco,bayer leverkusen,monaco,0,1,GER,FRA,2014-15,UEFA,False
2014-11-26,Zenit St. Petersburg,SL Benfica,zenit st. petersburg,sl benfica,1,0,RUS,POR,2014-15,UEFA,False
2014-12-09,Juventus,Atlético Madrid,juventus,atlético madrid,0,0,ITA,ESP,2014-15,UEFA,False
2014-12-09,SL Benfica,Bayer Leverkusen,sl benfica,bayer leverkusen,0,0,POR,GER,2014-15,UEFA,False
2014-12-09,Real Madrid,PFC Ludogorets Razgrad,real madrid,pfc ludogorets razgrad,4,0,ESP,BUL,2014-15,UEFA,False
2014-12-09,Liverpool FC,FC Basel 1893,liverpool,basel 1893,1,1,ENG,SUI,2014-15,UEFA,False
2014-12-09,Olympiakos Piraeus,Malmö FF,olympiakos piraeus,malmö ff,4,2,GRE,SWE,2014-15,UEFA,False
2014-12-09,Galatasaray,Arsenal FC,galatasaray,arsenal,1,4,TUR,ENG,2014-15,UEFA,False
2014-12-09,AS Monaco,Zenit St. Petersburg,monaco,zenit st. petersburg,2,0,FRA,RUS,2014-15,UEFA,False
2014-12-09,Borussia Dortmund,RSC Anderlecht,borussia dortmund,rsc anderlecht,1,1,GER,BEL,2014-15,UEFA,False
2014-12-10,FC Porto,Shakhtar Donetsk,porto,shakhtar donetsk,1,1,POR,UKR,2014-15,UEFA,False
2014-12-10,Athletic Club,BATE Borisov,athletic club,bate borisov,2,0,ESP,BLR,2014-15,UEFA,False
2014-12-10,Chelsea FC,Sporting CP,chelsea,sporting cp,3,1,ENG,POR,2014-15,UEFA,False
2014-12-10,FC Barcelona,Paris Saint-Germain,barcelona,paris saint-germain,3,1,ESP,FRA,2014-15,UEFA,False
2014-12-10,AFC Ajax,APOEL Nikosia,ajax,apoel nikosia,4,0,NED,CYP,2014-15,UEFA,False
2014-12-10,Bayern München,CSKA Moskva,bayern münchen,cska moskva,3,0,GER,RUS,2014-15,UEFA,False
2014-12-10,NK Maribor,FC Schalke 04,maribor,schalke,0,1,SVN,GER,2014-15,UEFA,False
2014-12-10,AS Roma,Manchester City,roma,manchester city,0,2,ITA,ENG,2014-15,UEFA,False
2015-02-17,Paris Saint-Germain,Chelsea FC,paris saint-germain,chelsea,1,1,FRA,ENG,2014-15,UEFA,False
2015-02-17,Shakhtar Donetsk,Bayern München,shakhtar donetsk,bayern münchen,0,0,UKR,GER,2014-15,UEFA,False
2015-02-18,FC Schalke 04,Real Madrid,schalke,real madrid,0,2,GER,ESP,2014-15,UEFA,False
2015-02-18,FC Basel 1893,FC Porto,basel 1893,porto,1,1,SUI,POR,2014-15,UEFA,False
2015-02-24,Juventus,Borussia Dortmund,juventus,borussia dortmund,2,1,ITA,GER,2014-15,UEFA,False
2015-02-24,Manchester City,FC Barcelona,manchester city,barcelona,1,2,ENG,ESP,2014-15,UEFA,False
2015-02-25,Bayer Leverkusen,Atlético Madrid,bayer leverkusen,atlético madrid,1,0,GER,ESP,2014-15,UEFA,False
2015-02-25,Arsenal FC,AS Monaco,arsenal,monaco,1,3,ENG,FRA,2014-15,UEFA,False
2015-03-10,Real Madrid,FC Schalke 04,real madrid,schalke,3,4,ESP,GER,2014-15,UEFA,False
2015-03-10,FC Porto,FC Basel 1893,porto,basel 1893,4,0,POR,SUI,2014-15,UEFA,False
2015-03-11,Chelsea FC,Paris Saint-Germain,chelsea,paris saint-germain,2,2,ENG,FRA,2014-15,UEFA,False
2015-03-11,Bayern München,Shakhtar Donetsk,bayern münchen,shakhtar donetsk,7,0,GER,UKR,2014-15,UEFA,False
2015-03-17,Atlético Madrid,Bayer Leverkusen,atlético madrid,bayer leverkusen,3,2,ESP,GER,2014-15,UEFA,False
2015-03-17,AS Monaco,Arsenal FC,monaco,arsenal,0,2,FRA,ENG,2014-15,UEFA,False
2015-03-18,FC Barcelona,Manchester City,barcelona,manchester city,1,0,ESP,ENG,2014-15,UEFA,False
2015-03-18,Borussia Dortmund,Juventus,borussia dortmund,juventus,0,3,GER,ITA,2014-15,UEFA,False
2015-04-14,Juventus,AS Monaco,juventus,monaco,1,0,ITA,FRA,2014-15,UEFA,False
2015-04-14,Atlético Madrid,Real Madrid,atlético madrid,real madrid,0,0,ESP,ESP,2014-15,UEFA,False
2015-04-15,Paris Saint-Germain,FC Barcelona,paris saint-germain,barcelona,1,3,FRA,ESP,2014-15,UEFA,False
2015-04-15,FC Porto,Bayern München,porto,bayern münchen,3,1,POR,GER,2014-15,UEFA,False
2015-04-21,FC Barcelona,Paris Saint-Germain,barcelona,paris saint-germain,2,0,ESP,FRA,2014-15,UEFA,False
2015-04-21,Bayern München,FC Porto,bayern münchen,porto,6,1,GER,POR,2014-15,UEFA,False
2015-04-22,Real Madrid,Atlético Madrid,real madrid,atlético madrid,1,0,ESP,ESP,2014-15,UEFA,False
2015-04-22,AS Monaco,Juventus,monaco,juventus,0,0,FRA,ITA,2014-15,UEFA,False
2015-05-05,Juventus,Real Madrid,juventus,real madrid,2,1,ITA,ESP,2014-15,UEFA,False
2015-05-06,FC Barcelona,Bayern München,barcelona,bayern münchen,3,0,ESP,GER,2014-15,UEFA,False
2015-05-12,Bayern München,FC Barcelona,bayern münchen,barcelona,3,2,GER,ESP,2014-15,UEFA,False
2015-05-13,Real Madrid,Juventus,real madrid,juventus,1,1,ESP,ITA,2014-15,UEFA,False
2015-06-06,Juventus,FC Barcelona,juventus,barcelona,1,3,ITA,ESP,2014-15,UEFA,False
2015-09-15,SL Benfica,FK Astana,sl benfica,astana,2,0,POR,KAZ,2015-16,UEFA,False
2015-09-15,Manchester City,Juventus,manchester city,juventus,1,2,ENG,ITA,2015-16,UEFA,False
2015-09-15,Galatasaray,Atlético Madrid,galatasaray,atlético madrid,0,2,TUR,ESP,2015-16,UEFA,False
2015-09-15,PSV Eindhoven,Manchester United,psv eindhoven,manchester united,2,1,NED,ENG,2015-16,UEFA,False
2015-09-15,Sevilla FC,Bor. Mönchengladbach,sevilla,bor. mönchengladbach,3,0,ESP,GER,2015-16,UEFA,False
2015-09-15,Paris Saint-Germain,Malmö FF,paris saint-germain,malmö ff,2,0,FRA,SWE,2015-16,UEFA,False
2015-09-15,Real Madrid,Shakhtar Donetsk,real madrid,shakhtar donetsk,4,0,ESP,UKR,2015-16,UEFA,False
2015-09-15,VfL Wolfsburg,CSKA Moskva,wolfsburg,cska moskva,1,0,GER,RUS,2015-16,UEFA,False
2015-09-16,Dinamo Zagreb,Arsenal FC,dinamo zagreb,arsenal,2,1,CRO,ENG,2015-16,UEFA,False
2015-09-16,Dinamo Kiev,FC Porto,dinamo kiev,porto,2,2,UKR,POR,2015-16,UEFA,False
2015-09-16,Chelsea FC,Maccabi Tel Aviv,chelsea,maccabi tel aviv,4,0,ENG,ISR,2015-16,UEFA,False
2015-09-16,Olympiakos Piraeus,Bayern München,olympiakos piraeus,bayern münchen,0,3,GRE,GER,2015-16,UEFA,False
2015-09-16,AS Roma,FC Barcelona,roma,barcelona,1,1,ITA,ESP,2015-16,UEFA,False
2015-09-16,KAA Gent,Olympique Lyonnais,kaa gent,olympique lyonnais,1,1,BEL,FRA,2015-16,UEFA,False
2015-09-16,Valencia CF,Zenit St. Petersburg,valencia,zenit st. petersburg,2,3,ESP,RUS,2015-16,UEFA,False
2015-09-16,Bayer Leverkusen,BATE Borisov,bayer leverkusen,bate borisov,4,1,GER,BLR,2015-16,UEFA,False
2015-09-29,Bayern München,Dinamo Zagreb,bayern münchen,dinamo zagreb,5,0,GER,CRO,2015-16,UEFA,False
2015-09-29,Olympique Lyonnais,Valencia CF,olympique lyonnais,valencia,0,1,FRA,ESP,2015-16,UEFA,False
2015-09-29,FC Porto,Chelsea FC,porto,chelsea,2,1,POR,ENG,2015-16,UEFA,False
2015-09-29,Maccabi Tel Aviv,Dinamo Kiev,maccabi tel aviv,dinamo kiev,0,2,ISR,UKR,2015-16,UEFA,False
2015-09-29,Zenit St. Petersburg,KAA Gent,zenit st. petersburg,kaa gent,2,1,RUS,BEL,2015-16,UEFA,False
2015-09-29,BATE Borisov,AS Roma,bate borisov,roma,3,2,BLR,ITA,2015-16,UEFA,False
2015-09-29,FC Barcelona,Bayer Leverkusen,barcelona,bayer leverkusen,2,1,ESP,GER,2015-16,UEFA,False
2015-09-29,Arsenal FC,Olympiakos Piraeus,arsenal,olympiakos piraeus,2,3,ENG,GRE,2015-16,UEFA,False
2015-09-30,Bor. Mönchengladbach,Manchester City,bor. mönchengladbach,manchester city,1,2,GER,ENG,2015-16,UEFA,False
2015-09-30,Juventus,Sevilla FC,juventus,sevilla,2,0,ITA,ESP,2015-16,UEFA,False
2015-09-30,FK Astana,Galatasaray,astana,galatasaray,2,2,KAZ,TUR,2015-16,UEFA,False
2015-09-30,Atlético Madrid,SL Benfica,atlético madrid,sl benfica,1,2,ESP,POR,2015-16,UEFA,False
2015-09-30,Manchester United,VfL Wolfsburg,manchester united,wolfsburg,2,1,ENG,GER,2015-16,UEFA,False
2015-09-30,Malmö FF,Real Madrid,malmö ff,real madrid,0,2,SWE,ESP,2015-16,UEFA,False
2015-09-30,CSKA Moskva,PSV Eindhoven,cska moskva,psv eindhoven,3,2,RUS,NED,2015-16,UEFA,False
2015-09-30,Shakhtar Donetsk,Paris Saint-Germain,shakhtar donetsk,paris saint-germain,0,3,UKR,FRA,2015-16,UEFA,False
2015-10-20,BATE Borisov,FC Barcelona,bate borisov,barcelona,0,2,BLR,ESP,2015-16,UEFA,False
2015-10-20,Bayer Leverkusen,AS Roma,bayer leverkusen,roma,4,4,GER,ITA,2015-16,UEFA,False
2015-10-20,Dinamo Zagreb,Olympiakos Piraeus,dinamo zagreb,olympiakos piraeus,0,1,CRO,GRE,2015-16,UEFA,False
2015-10-20,Arsenal FC,Bayern München,arsenal,bayern münchen,2,0,ENG,GER,2015-16,UEFA,False
2015-10-20,Valencia CF,KAA Gent,valencia,kaa gent,2,1,ESP,BEL,2015-16,UEFA,False
2015-10-20,FC Porto,Maccabi Tel Aviv,porto,maccabi tel aviv,2,0,POR,ISR,2015-16,UEFA,False
2015-10-20,Dinamo Kiev,Chelsea FC,dinamo kiev,chelsea,0,0,UKR,ENG,2015-16,UEFA,False
2015-10-20,Zenit St. Petersburg,Olympique Lyonnais,zenit st. petersburg,olympique lyonnais,3,1,RUS,FRA,2015-16,UEFA,False
2015-10-21,Atlético Madrid,FK Astana,atlético madrid,astana,4,0,ESP,KAZ,2015-16,UEFA,False
2015-10-21,Galatasaray,SL Benfica,galatasaray,sl benfica,2,1,TUR,POR,2015-16,UEFA,False
2015-10-21,Malmö FF,Shakhtar Donetsk,malmö ff,shakhtar donetsk,1,0,SWE,UKR,2015-16,UEFA,False
2015-10-21,Manchester City,Sevilla FC,manchester city,sevilla,2,1,ENG,ESP,2015-16,UEFA,False
2015-10-21,Juventus,Bor. Mönchengladbach,juventus,bor. mönchengladbach,0,0,ITA,GER,2015-16,UEFA,False
2015-10-21,VfL Wolfsburg,PSV Eindhoven,wolfsburg,psv eindhoven,2,0,GER,NED,2015-16,UEFA,False
2015-10-21,CSKA Moskva,Manchester United,cska moskva,manchester united,1,1,RUS,ENG,2015-16,UEFA,False
2015-10-21,Paris Saint-Germain,Real Madrid,paris saint-germain,real madrid,0,0,FRA,ESP,2015-16,UEFA,False
2015-11-03,SL Benfica,Galatasaray,sl benfica,galatasaray,2,1,POR,TUR,2015-16,UEFA,False
2015-11-03,FK Astana,Atlético Madrid,astana,atlético madrid,0,0,KAZ,ESP,2015-16,UEFA,False
2015-11-03,PSV Eindhoven,VfL Wolfsburg,psv eindhoven,wolfsburg,2,0,NED,GER,2015-16,UEFA,False
2015-11-03,Sevilla FC,Manchester City,sevilla,manchester city,1,3,ESP,ENG,2015-16,UEFA,False
2015-11-03,Bor. Mönchengladbach,Juventus,bor. mönchengladbach,juventus,1,1,GER,ITA,2015-16,UEFA,False
2015-11-03,Manchester United,CSKA Moskva,manchester united,cska moskva,1,0,ENG,RUS,2015-16,UEFA,False
2015-11-03,Shakhtar Donetsk,Malmö FF,shakhtar donetsk,malmö ff,4,0,UKR,SWE,2015-16,UEFA,False
2015-11-03,Real Madrid,Paris Saint-Germain,real madrid,paris saint-germain,1,0,ESP,FRA,2015-16,UEFA,False
2015-11-04,Chelsea FC,Dinamo Kiev,chelsea,dinamo kiev,2,1,ENG,UKR,2015-16,UEFA,False
2015-11-04,Olympiakos Piraeus,Dinamo Zagreb,olympiakos piraeus,dinamo zagreb,2,1,GRE,CRO,2015-16,UEFA,False
2015-11-04,Bayern München,Arsenal FC,bayern münchen,arsenal,5,1,GER,ENG,2015-16,UEFA,False
2015-11-04,Olympique Lyonnais,Zenit St. Petersburg,olympique lyonnais,zenit st. petersburg,0,2,FRA,RUS,2015-16,UEFA,False
2015-11-04,Maccabi Tel Aviv,FC Porto,maccabi tel aviv,porto,1,3,ISR,POR,2015-16,UEFA,False
2015-11-04,AS Roma,Bayer Leverkusen,roma,bayer leverkusen,3,2,ITA,GER,2015-16,UEFA,False
2015-11-04,KAA Gent,Valencia CF,kaa gent,valencia,1,0,BEL,ESP,2015-16,UEFA,False
2015-11-04,FC Barcelona,BATE Borisov,barcelona,bate borisov,3,0,ESP,BLR,2015-16,UEFA,False
2015-11-24,Zenit St. Petersburg,Valencia CF,zenit st. petersburg,valencia,2,0,RUS,ESP,2015-16,UEFA,False
2015-11-24,Arsenal FC,Dinamo Zagreb,arsenal,dinamo zagreb,3,0,ENG,CRO,2015-16,UEFA,False
2015-11-24,Bayern München,Olympiakos Piraeus,bayern münchen,olympiakos piraeus,4,0,GER,GRE,2015-16,UEFA,False
2015-11-24,FC Porto,Dinamo Kiev,porto,dinamo kiev,0,2,POR,UKR,2015-16,UEFA,False
2015-11-24,FC Barcelona,AS Roma,barcelona,roma,6,1,ESP,ITA,2015-16,UEFA,False
2015-11-24,Maccabi Tel Aviv,Chelsea FC,maccabi tel aviv,chelsea,0,4,ISR,ENG,2015-16,UEFA,False
2015-11-24,Olympique Lyonnais,KAA Gent,olympique lyonnais,kaa gent,1,2,FRA,BEL,2015-16,UEFA,False
2015-11-24,BATE Borisov,Bayer Leverkusen,bate borisov,bayer leverkusen,1,1,BLR,GER,2015-16,UEFA,False
2015-11-25,FK Astana,SL Benfica,astana,sl benfica,2,2,KAZ,POR,2015-16,UEFA,False
2015-11-25,Shakhtar Donetsk,Real Madrid,shakhtar donetsk,real madrid,3,4,UKR,ESP,2015-16,UEFA,False
2015-11-25,Manchester United,PSV Eindhoven,manchester united,psv eindhoven,0,0,ENG,NED,2015-16,UEFA,False
2015-11-25,CSKA Moskva,VfL Wolfsburg,cska moskva,wolfsburg,0,2,RUS,GER,2015-16,UEFA,False
2015-11-25,Atlético Madrid,Galatasaray,atlético madrid,galatasaray,2,0,ESP,TUR,2015-16,UEFA,False
2015-11-25,Juventus,Manchester City,juventus,manchester city,1,0,ITA,ENG,2015-16,UEFA,False
2015-11-25,Bor. Mönchengladbach,Sevilla FC,bor. mönchengladbach,sevilla,4,2,GER,ESP,2015-16,UEFA,False
2015-11-25,Malmö FF,Paris Saint-Germain,malmö ff,paris saint-germain,0,5,SWE,FRA,2015-16,UEFA,False
2015-12-08,Paris Saint-Germain,Shakhtar Donetsk,paris saint-germain,shakhtar donetsk,2,0,FRA,UKR,2015-16,UEFA,False
2015-12-08,Real Madrid,Malmö FF,real madrid,malmö ff,8,0,ESP,SWE,2015-16,UEFA,False
2015-12-08,Manchester City,Bor. Mönchengladbach,manchester city,bor. mönchengladbach,4,2,ENG,GER,2015-16,UEFA,False
2015-12-08,Sevilla FC,Juventus,sevilla,juventus,1,0,ESP,ITA,2015-16,UEFA,False
2015-12-08,VfL Wolfsburg,Manchester United,wolfsburg,manchester united,3,2,GER,ENG,2015-16,UEFA,False
2015-12-08,PSV Eindhoven,CSKA Moskva,psv eindhoven,cska moskva,2,1,NED,RUS,2015-16,UEFA,False
2015-12-08,Galatasaray,FK Astana,galatasaray,astana,1,1,TUR,KAZ,2015-16,UEFA,False
2015-12-08,SL Benfica,Atlético Madrid,sl benfica,atlético madrid,1,2,POR,ESP,2015-16,UEFA,False
2015-12-09,Chelsea FC,FC Porto,chelsea,porto,2,0,ENG,POR,2015-16,UEFA,False
2015-12-09,KAA Gent,Zenit St. Petersburg,kaa gent,zenit st. petersburg,2,1,BEL,RUS,2015-16,UEFA,False
2015-12-09,Valencia CF,Olympique Lyonnais,valencia,olympique lyonnais,0,2,ESP,FRA,2015-16,UEFA,False
2015-12-09,Bayer Leverkusen,FC Barcelona,bayer leverkusen,barcelona,1,1,GER,ESP,2015-16,UEFA,False
2015-12-09,Dinamo Kiev,Maccabi Tel Aviv,dinamo kiev,maccabi tel aviv,1,0,UKR,ISR,2015-16,UEFA,False
2015-12-09,Dinamo Zagreb,Bayern München,dinamo zagreb,bayern münchen,0,2,CRO,GER,2015-16,UEFA,False
2015-12-09,Olympiakos Piraeus,Arsenal FC,olympiakos piraeus,arsenal,0,3,GRE,ENG,2015-16,UEFA,False
2015-12-09,AS Roma,BATE Borisov,roma,bate borisov,0,0,ITA,BLR,2015-16,UEFA,False
2016-02-16,Paris Saint-Germain,Chelsea FC,paris saint-germain,chelsea,2,1,FRA,ENG,2015-16,UEFA,False
2016-02-16,SL Benfica,Zenit St. Petersburg,sl benfica,zenit st. petersburg,1,0,POR,RUS,2015-16,UEFA,False
2016-02-17,KAA Gent,VfL Wolfsburg,kaa gent,wolfsburg,2,3,BEL,GER,2015-16,UEFA,False
2016-02-17,AS Roma,Real Madrid,roma,real madrid,0,2,ITA,ESP,2015-16,UEFA,False
2016-02-23,Juventus,Bayern München,juventus,bayern münchen,2,2,ITA,GER,2015-16,UEFA,False
2016-02-23,Arsenal FC,FC Barcelona,arsenal,barcelona,0,2,ENG,ESP,2015-16,UEFA,False
2016-02-24,PSV Eindhoven,Atlético Madrid,psv eindhoven,atlético madrid,0,0,NED,ESP,2015-16,UEFA,False
2016-02-24,Dinamo Kiev,Manchester City,dinamo kiev,manchester city,1,3,UKR,ENG,2015-16,UEFA,False
2016-03-08,VfL Wolfsburg,KAA Gent,wolfsburg,kaa gent,1,0,GER,BEL,2015-16,UEFA,False
2016-03-08,Real Madrid,AS Roma,real madrid,roma,2,0,ESP,ITA,2015-16,UEFA,False
2016-03-09,Zenit St. Petersburg,SL Benfica,zenit st. petersburg,sl benfica,1,2,RUS,POR,2015-16,UEFA,False
2016-03-09,Chelsea FC,Paris Saint-Germain,chelsea,paris saint-germain,1,2,ENG,FRA,2015-16,UEFA,False
2016-03-15,Manchester City,Dinamo Kiev,manchester city,dinamo kiev,0,0,ENG,UKR,2015-16,UEFA,False
2016-03-15,Atlético Madrid,PSV Eindhoven,atlético madrid,psv eindhoven,8,7,ESP,NED,2015-16,UEFA,False
2016-03-16,Bayern München,Juventus,bayern münchen,juventus,4,2,GER,ITA,2015-16,UEFA,False
2016-03-16,FC Barcelona,Arsenal FC,barcelona,arsenal,3,1,ESP,ENG,2015-16,UEFA,False
2016-04-05,Bayern München,SL Benfica,bayern münchen,sl benfica,1,0,GER,POR,2015-16,UEFA,False
2016-04-05,FC Barcelona,Atlético Madrid,barcelona,atlético madrid,2,1,ESP,ESP,2015-16,UEFA,False
2016-04-06,VfL Wolfsburg,Real Madrid,wolfsburg,real madrid,2,0,GER,ESP,2015-16,UEFA,False
2016-04-06,Paris Saint-Germain,Manchester City,paris saint-germain,manchester city,2,2,FRA,ENG,2015-16,UEFA,False
2016-04-12,Real Madrid,VfL Wolfsburg,real madrid,wolfsburg,3,0,ESP,GER,2015-16,UEFA,False
2016-04-12,Manchester City,Paris Saint-Germain,manchester city,paris saint-germain,1,0,ENG,FRA,2015-16,UEFA,False
2016-04-13,SL Benfica,Bayern München,sl benfica,bayern münchen,2,2,POR,GER,2015-16,UEFA,False
2016-04-13,Atlético Madrid,FC Barcelona,atlético madrid,barcelona,2,0,ESP,ESP,2015-16,UEFA,False
2016-04-26,Manchester City,Real Madrid,manchester city,real madrid,0,0,ENG,ESP,2015-16,UEFA,False
2016-04-27,Atlético Madrid,Bayern München,atlético madrid,bayern münchen,1,0,ESP,GER,2015-16,UEFA,False
2016-05-03,Bayern München,Atlético Madrid,bayern münchen,atlético madrid,2,1,GER,ESP,2015-16,UEFA,False
2016-05-04,Real Madrid,Manchester City,real madrid,manchester city,1,0,ESP,ENG,2015-16,UEFA,False
2016-05-28,Real Madrid,Atlético Madrid,real madrid,atlético madrid,5,3,ESP,ESP,2015-16,UEFA,False
2016-09-13,FC Basel 1893,PFC Ludogorets Razgrad,basel 1893,pfc ludogorets razgrad,1,1,SUI,BUL,2016-17,UEFA,False
2016-09-13,Paris Saint-Germain,Arsenal FC,paris saint-germain,arsenal,1,1,FRA,ENG,2016-17,UEFA,False
2016-09-13,PSV Eindhoven,Atlético Madrid,psv eindhoven,atlético madrid,0,1,NED,ESP,2016-17,UEFA,False
2016-09-13,Bayern München,FK Rostov,bayern münchen,rostov,5,0,GER,RUS,2016-17,UEFA,False
2016-09-13,FC Barcelona,Celtic FC,barcelona,celtic,7,0,ESP,SCO,2016-17,UEFA,False
2016-09-13,SL Benfica,Beşiktaş,sl benfica,beşiktaş,1,1,POR,TUR,2016-17,UEFA,False
2016-09-13,Dinamo Kiev,SSC Napoli,dinamo kiev,ssc napoli,1,2,UKR,ITA,2016-17,UEFA,False
2016-09-14,Legia Warszawa,Borussia Dortmund,legia warszawa,borussia dortmund,0,6,POL,GER,2016-17,UEFA,False
2016-09-14,Real Madrid,Sporting CP,real madrid,sporting cp,2,1,ESP,POR,2016-17,UEFA,False
2016-09-14,Manchester City,Bor. Mönchengladbach,manchester city,bor. mönchengladbach,4,0,ENG,GER,2016-17,UEFA,False
2016-09-14,Club Brugge KV,Leicester City,club brugge,leicester city,0,3,BEL,ENG,2016-17,UEFA,False
2016-09-14,FC Porto,FC København,porto,københavn,1,1,POR,DEN,2016-17,UEFA,False
2016-09-14,Tottenham Hotspur,AS Monaco,tottenham hotspur,monaco,1,2,ENG,FRA,2016-17,UEFA,False
2016-09-14,Bayer Leverkusen,CSKA Moskva,bayer leverkusen,cska moskva,2,2,GER,RUS,2016-17,UEFA,False
2016-09-14,Juventus,Sevilla FC,juventus,sevilla,0,0,ITA,ESP,2016-17,UEFA,False
2016-09-14,Olympique Lyonnais,Dinamo Zagreb,olympique lyonnais,dinamo zagreb,3,0,FRA,CRO,2016-17,UEFA,False
2016-09-27,Dinamo Zagreb,Juventus,dinamo zagreb,juventus,0,4,CRO,ITA,2016-17,UEFA,False
2016-09-27,Sevilla FC,Olympique Lyonnais,sevilla,olympique lyonnais,1,0,ESP,FRA,2016-17,UEFA,False
2016-09-27,Sporting CP,Legia Warszawa,sporting cp,legia warszawa,2,0,POR,POL,2016-17,UEFA,False
2016-09-27,FC København,Club Brugge KV,københavn,club brugge,4,0,DEN,BEL,2016-17,UEFA,False
2016-09-27,Borussia Dortmund,Real Madrid,borussia dortmund,real madrid,2,2,GER,ESP,2016-17,UEFA,False
2016-09-27,CSKA Moskva,Tottenham Hotspur,cska moskva,tottenham hotspur,0,1,RUS,ENG,2016-17,UEFA,False
2016-09-27,AS Monaco,Bayer Leverkusen,monaco,bayer leverkusen,1,1,FRA,GER,2016-17,UEFA,False
2016-09-27,Leicester City,FC Porto,leicester city,porto,1,0,ENG,POR,2016-17,UEFA,False
2016-09-28,SSC Napoli,SL Benfica,ssc napoli,sl benfica,4,2,ITA,POR,2016-17,UEFA,False
2016-09-28,Bor. Mönchengladbach,FC Barcelona,bor. mönchengladbach,barcelona,1,2,GER,ESP,2016-17,UEFA,False
2016-09-28,Celtic FC,Manchester City,celtic,manchester city,3,3,SCO,ENG,2016-17,UEFA,False
2016-09-28,FK Rostov,PSV Eindhoven,rostov,psv eindhoven,2,2,RUS,NED,2016-17,UEFA,False
2016-09-28,Atlético Madrid,Bayern München,atlético madrid,bayern münchen,1,0,ESP,GER,2016-17,UEFA,False
2016-09-28,Arsenal FC,FC Basel 1893,arsenal,basel 1893,2,0,ENG,SUI,2016-17,UEFA,False
2016-09-28,PFC Ludogorets Razgrad,Paris Saint-Germain,pfc ludogorets razgrad,paris saint-germain,1,3,BUL,FRA,2016-17,UEFA,False
2016-09-28,Beşiktaş,Dinamo Kiev,beşiktaş,dinamo kiev,1,1,TUR,UKR,2016-17,UEFA,False
2016-10-18,Bayer Leverkusen,Tottenham Hotspur,bayer leverkusen,tottenham hotspur,0,0,GER,ENG,2016-17,UEFA,False
2016-10-18,CSKA Moskva,AS Monaco,cska moskva,monaco,1,1,RUS,FRA,2016-17,UEFA,False
2016-10-18,Sporting CP,Borussia Dortmund,sporting cp,borussia dortmund,1,2,POR,GER,2016-17,UEFA,False
2016-10-18,Real Madrid,Legia Warszawa,real madrid,legia warszawa,5,1,ESP,POL,2016-17,UEFA,False
2016-10-18,Leicester City,FC København,leicester city,københavn,1,0,ENG,DEN,2016-17,UEFA,False
2016-10-18,Dinamo Zagreb,Sevilla FC,dinamo zagreb,sevilla,0,1,CRO,ESP,2016-17,UEFA,False
2016-10-18,Olympique Lyonnais,Juventus,olympique lyonnais,juventus,0,1,FRA,ITA,2016-17,UEFA,False
2016-10-18,Club Brugge KV,FC Porto,club brugge,porto,1,2,BEL,POR,2016-17,UEFA,False
2016-10-19,Arsenal FC,PFC Ludogorets Razgrad,arsenal,pfc ludogorets razgrad,6,0,ENG,BUL,2016-17,UEFA,False
2016-10-19,FC Barcelona,Manchester City,barcelona,manchester city,4,0,ESP,ENG,2016-17,UEFA,False
2016-10-19,Celtic FC,Bor. Mönchengladbach,celtic,bor. mönchengladbach,0,2,SCO,GER,2016-17,UEFA,False
2016-10-19,Bayern München,PSV Eindhoven,bayern münchen,psv eindhoven,4,1,GER,NED,2016-17,UEFA,False
2016-10-19,FK Rostov,Atlético Madrid,rostov,atlético madrid,0,1,RUS,ESP,2016-17,UEFA,False
2016-10-19,Dinamo Kiev,SL Benfica,dinamo kiev,sl benfica,0,2,UKR,POR,2016-17,UEFA,False
2016-10-19,Paris Saint-Germain,FC Basel 1893,paris saint-germain,basel 1893,3,0,FRA,SUI,2016-17,UEFA,False
2016-10-19,SSC Napoli,Beşiktaş,ssc napoli,beşiktaş,2,3,ITA,TUR,2016-17,UEFA,False
2016-11-01,SL Benfica,Dinamo Kiev,sl benfica,dinamo kiev,1,0,POR,UKR,2016-17,UEFA,False
2016-11-01,PFC Ludogorets Razgrad,Arsenal FC,pfc ludogorets razgrad,arsenal,2,3,BUL,ENG,2016-17,UEFA,False
2016-11-01,Beşiktaş,SSC Napoli,beşiktaş,ssc napoli,1,1,TUR,ITA,2016-17,UEFA,False
2016-11-01,FC Basel 1893,Paris Saint-Germain,basel 1893,paris saint-germain,1,2,SUI,FRA,2016-17,UEFA,False
2016-11-01,Bor. Mönchengladbach,Celtic FC,bor. mönchengladbach,celtic,1,1,GER,SCO,2016-17,UEFA,False
2016-11-01,Manchester City,FC Barcelona,manchester city,barcelona,3,1,ENG,ESP,2016-17,UEFA,False
2016-11-01,Atlético Madrid,FK Rostov,atlético madrid,rostov,2,1,ESP,RUS,2016-17,UEFA,False
2016-11-01,PSV Eindhoven,Bayern München,psv eindhoven,bayern münchen,1,2,NED,GER,2016-17,UEFA,False
2016-11-02,AS Monaco,CSKA Moskva,monaco,cska moskva,3,0,FRA,RUS,2016-17,UEFA,False
2016-11-02,FC København,Leicester City,københavn,leicester city,0,0,DEN,ENG,2016-17,UEFA,False
2016-11-02,Borussia Dortmund,Sporting CP,borussia dortmund,sporting cp,1,0,GER,POR,2016-17,UEFA,False
2016-11-02,FC Porto,Club Brugge KV,porto,club brugge,1,0,POR,BEL,2016-17,UEFA,False
2016-11-02,Juventus,Olympique Lyonnais,juventus,olympique lyonnais,1,1,ITA,FRA,2016-17,UEFA,False
2016-11-02,Legia Warszawa,Real Madrid,legia warszawa,real madrid,3,3,POL,ESP,2016-17,UEFA,False
2016-11-02,Tottenham Hotspur,Bayer Leverkusen,tottenham hotspur,bayer leverkusen,0,1,ENG,GER,2016-17,UEFA,False
2016-11-02,Sevilla FC,Dinamo Zagreb,sevilla,dinamo zagreb,4,0,ESP,CRO,2016-17,UEFA,False
2016-11-22,FC København,FC Porto,københavn,porto,0,0,DEN,POR,2016-17,UEFA,False
2016-11-22,Dinamo Zagreb,Olympique Lyonnais,dinamo zagreb,olympique lyonnais,0,1,CRO,FRA,2016-17,UEFA,False
2016-11-22,Sevilla FC,Juventus,sevilla,juventus,1,3,ESP,ITA,2016-17,UEFA,False
2016-11-22,AS Monaco,Tottenham Hotspur,monaco,tottenham hotspur,2,1,FRA,ENG,2016-17,UEFA,False
2016-11-22,CSKA Moskva,Bayer Leverkusen,cska moskva,bayer leverkusen,1,1,RUS,GER,2016-17,UEFA,False
2016-11-22,Borussia Dortmund,Legia Warszawa,borussia dortmund,legia warszawa,8,4,GER,POL,2016-17,UEFA,False
2016-11-22,Sporting CP,Real Madrid,sporting cp,real madrid,1,2,POR,ESP,2016-17,UEFA,False
2016-11-22,Leicester City,Club Brugge KV,leicester city,club brugge,2,1,ENG,BEL,2016-17,UEFA,False
2016-11-23,Atlético Madrid,PSV Eindhoven,atlético madrid,psv eindhoven,2,0,ESP,NED,2016-17,UEFA,False
2016-11-23,Beşiktaş,SL Benfica,beşiktaş,sl benfica,3,3,TUR,POR,2016-17,UEFA,False
2016-11-23,Celtic FC,FC Barcelona,celtic,barcelona,0,2,SCO,ESP,2016-17,UEFA,False
2016-11-23,PFC Ludogorets Razgrad,FC Basel 1893,pfc ludogorets razgrad,basel 1893,0,0,BUL,SUI,2016-17,UEFA,False
2016-11-23,FK Rostov,Bayern München,rostov,bayern münchen,3,2,RUS,GER,2016-17,UEFA,False
2016-11-23,Bor. Mönchengladbach,Manchester City,bor. mönchengladbach,manchester city,1,1,GER,ENG,2016-17,UEFA,False
2016-11-23,SSC Napoli,Dinamo Kiev,ssc napoli,dinamo kiev,0,0,ITA,UKR,2016-17,UEFA,False
2016-11-23,Arsenal FC,Paris Saint-Germain,arsenal,paris saint-germain,2,2,ENG,FRA,2016-17,UEFA,False
2016-12-06,FC Basel 1893,Arsenal FC,basel 1893,arsenal,1,4,SUI,ENG,2016-17,UEFA,False
2016-12-06,Bayern München,Atlético Madrid,bayern münchen,atlético madrid,1,0,GER,ESP,2016-17,UEFA,False
2016-12-06,PSV Eindhoven,FK Rostov,psv eindhoven,rostov,0,0,NED,RUS,2016-17,UEFA,False
2016-12-06,Paris Saint-Germain,PFC Ludogorets Razgrad,paris saint-germain,pfc ludogorets razgrad,2,2,FRA,BUL,2016-17,UEFA,False
2016-12-06,Dinamo Kiev,Beşiktaş,dinamo kiev,beşiktaş,6,0,UKR,TUR,2016-17,UEFA,False
2016-12-06,SL Benfica,SSC Napoli,sl benfica,ssc napoli,1,2,POR,ITA,2016-17,UEFA,False
2016-12-06,FC Barcelona,Bor. Mönchengladbach,barcelona,bor. mönchengladbach,4,0,ESP,GER,2016-17,UEFA,False
2016-12-06,Manchester City,Celtic FC,manchester city,celtic,1,1,ENG,SCO,2016-17,UEFA,False
2016-12-07,Olympique Lyonnais,Sevilla FC,olympique lyonnais,sevilla,0,0,FRA,ESP,2016-17,UEFA,False
2016-12-07,Juventus,Dinamo Zagreb,juventus,dinamo zagreb,2,0,ITA,CRO,2016-17,UEFA,False
2016-12-07,Bayer Leverkusen,AS Monaco,bayer leverkusen,monaco,3,0,GER,FRA,2016-17,UEFA,False
2016-12-07,Tottenham Hotspur,CSKA Moskva,tottenham hotspur,cska moskva,3,1,ENG,RUS,2016-17,UEFA,False
2016-12-07,Club Brugge KV,FC København,club brugge,københavn,0,2,BEL,DEN,2016-17,UEFA,False
2016-12-07,Legia Warszawa,Sporting CP,legia warszawa,sporting cp,1,0,POL,POR,2016-17,UEFA,False
2016-12-07,Real Madrid,Borussia Dortmund,real madrid,borussia dortmund,2,2,ESP,GER,2016-17,UEFA,False
2016-12-07,FC Porto,Leicester City,porto,leicester city,5,0,POR,ENG,2016-17,UEFA,False
2017-02-14,SL Benfica,Borussia Dortmund,sl benfica,borussia dortmund,1,0,POR,GER,2016-17,UEFA,False
2017-02-14,Paris Saint-Germain,FC Barcelona,paris saint-germain,barcelona,4,0,FRA,ESP,2016-17,UEFA,False
2017-02-15,Real Madrid,SSC Napoli,real madrid,ssc napoli,3,1,ESP,ITA,2016-17,UEFA,False
2017-02-15,Bayern München,Arsenal FC,bayern münchen,arsenal,5,1,GER,ENG,2016-17,UEFA,False
2017-02-21,Manchester City,AS Monaco,manchester city,monaco,5,3,ENG,FRA,2016-17,UEFA,False
2017-02-21,Bayer Leverkusen,Atlético Madrid,bayer leverkusen,atlético madrid,2,4,GER,ESP,2016-17,UEFA,False
2017-02-22,FC Porto,Juventus,porto,juventus,0,2,POR,ITA,2016-17,UEFA,False
2017-02-22,Sevilla FC,Leicester City,sevilla,leicester city,2,1,ESP,ENG,2016-17,UEFA,False
2017-03-07,Arsenal FC,Bayern München,arsenal,bayern münchen,1,5,ENG,GER,2016-17,UEFA,False
2017-03-07,SSC Napoli,Real Madrid,ssc napoli,real madrid,1,3,ITA,ESP,2016-17,UEFA,False
2017-03-08,Borussia Dortmund,SL Benfica,borussia dortmund,sl benfica,4,0,GER,POR,2016-17,UEFA,False
2017-03-08,FC Barcelona,Paris Saint-Germain,barcelona,paris saint-germain,6,1,ESP,FRA,2016-17,UEFA,False
2017-03-14,Leicester City,Sevilla FC,leicester city,sevilla,2,0,ENG,ESP,2016-17,UEFA,False
2017-03-14,Juventus,FC Porto,juventus,porto,1,0,ITA,POR,2016-17,UEFA,False
2017-03-15,AS Monaco,Manchester City,monaco,manchester city,3,1,FRA,ENG,2016-17,UEFA,False
2017-03-15,Atlético Madrid,Bayer Leverkusen,atlético madrid,bayer leverkusen,0,0,ESP,GER,2016-17,UEFA,False
2017-04-11,Juventus,FC Barcelona,juventus,barcelona,3,0,ITA,ESP,2016-17,UEFA,False
2017-04-12,Borussia Dortmund,AS Monaco,borussia dortmund,monaco,2,3,GER,FRA,2016-17,UEFA,False
2017-04-12,Atlético Madrid,Leicester City,atlético madrid,leicester city,1,0,ESP,ENG,2016-17,UEFA,False
2017-04-12,Bayern München,Real Madrid,bayern münchen,real madrid,1,2,GER,ESP,2016-17,UEFA,False
2017-04-18,Real Madrid,Bayern München,real madrid,bayern münchen,4,2,ESP,GER,2016-17,UEFA,False
2017-04-18,Leicester City,Atlético Madrid,leicester city,atlético madrid,1,1,ENG,ESP,2016-17,UEFA,False
2017-04-19,FC Barcelona,Juventus,barcelona,juventus,0,0,ESP,ITA,2016-17,UEFA,False
2017-04-19,AS Monaco,Borussia Dortmund,monaco,borussia dortmund,3,1,FRA,GER,2016-17,UEFA,False
2017-05-02,Real Madrid,Atlético Madrid,real madrid,atlético madrid,3,0,ESP,ESP,2016-17,UEFA,False
2017-05-03,AS Monaco,Juventus,monaco,juventus,0,2,FRA,ITA,2016-17,UEFA,False
2017-05-09,Juventus,AS Monaco,juventus,monaco,2,1,ITA,FRA,2016-17,UEFA,False
2017-05-10,Atlético Madrid,Real Madrid,atlético madrid,real madrid,2,1,ESP,ESP,2016-17,UEFA,False
2017-06-03,Juventus,Real Madrid,juventus,real madrid,1,4,ITA,ESP,2016-17,UEFA,False
2017-09-12,Chelsea FC,Qarabağ FK,chelsea,qarabağ,6,0,ENG,AZE,2017-18,UEFA,False
2017-09-12,AS Roma,Atlético Madrid,roma,atlético madrid,0,0,ITA,ESP,2017-18,UEFA,False
2017-09-12,Olympiakos Piraeus,Sporting CP,olympiakos piraeus,sporting cp,2,3,GRE,POR,2017-18,UEFA,False
2017-09-12,Celtic FC,Paris Saint-Germain,celtic,paris saint-germain,0,5,SCO,FRA,2017-18,UEFA,False
2017-09-12,FC Barcelona,Juventus,barcelona,juventus,3,0,ESP,ITA,2017-18,UEFA,False
2017-09-12,Bayern München,RSC Anderlecht,bayern münchen,rsc anderlecht,3,0,GER,BEL,2017-18,UEFA,False
2017-09-12,SL Benfica,CSKA Moskva,sl benfica,cska moskva,1,2,POR,RUS,2017-18,UEFA,False
2017-09-12,Manchester United,FC Basel 1893,manchester united,basel 1893,3,0,ENG,SUI,2017-18,UEFA,False
2017-09-13,Feyenoord,Manchester City,feyenoord,manchester city,0,4,NED,ENG,2017-18,UEFA,False
2017-09-13,Shakhtar Donetsk,SSC Napoli,shakhtar donetsk,ssc napoli,2,1,UKR,ITA,2017-18,UEFA,False
2017-09-13,Tottenham Hotspur,Borussia Dortmund,tottenham hotspur,borussia dortmund,3,1,ENG,GER,2017-18,UEFA,False
2017-09-13,FC Porto,Beşiktaş,porto,beşiktaş,1,3,POR,TUR,2017-18,UEFA,False
2017-09-13,RB Leipzig,AS Monaco,rb leipzig,monaco,1,1,GER,FRA,2017-18,UEFA,False
2017-09-13,Real Madrid,APOEL Nikosia,real madrid,apoel nikosia,3,0,ESP,CYP,2017-18,UEFA,False
2017-09-13,Liverpool FC,Sevilla FC,liverpool,sevilla,2,2,ENG,ESP,2017-18,UEFA,False
2017-09-13,NK Maribor,Spartak Moskva,maribor,spartak moskva,1,1,SVN,RUS,2017-18,UEFA,False
2017-09-26,Manchester City,Shakhtar Donetsk,manchester city,shakhtar donetsk,2,0,ENG,UKR,2017-18,UEFA,False
2017-09-26,Sevilla FC,NK Maribor,sevilla,maribor,3,0,ESP,SVN,2017-18,UEFA,False
2017-09-26,Spartak Moskva,Liverpool FC,spartak moskva,liverpool,1,1,RUS,ENG,2017-18,UEFA,False
2017-09-26,AS Monaco,FC Porto,monaco,porto,0,3,FRA,POR,2017-18,UEFA,False
2017-09-26,Beşiktaş,RB Leipzig,beşiktaş,rb leipzig,2,0,TUR,GER,2017-18,UEFA,False
2017-09-26,SSC Napoli,Feyenoord,ssc napoli,feyenoord,3,1,ITA,NED,2017-18,UEFA,False
2017-09-26,APOEL Nikosia,Tottenham Hotspur,apoel nikosia,tottenham hotspur,0,3,CYP,ENG,2017-18,UEFA,False
2017-09-26,Borussia Dortmund,Real Madrid,borussia dortmund,real madrid,1,3,GER,ESP,2017-18,UEFA,False
2017-09-27,Juventus,Olympiakos Piraeus,juventus,olympiakos piraeus,2,0,ITA,GRE,2017-18,UEFA,False
2017-09-27,Sporting CP,FC Barcelona,sporting cp,barcelona,0,1,POR,ESP,2017-18,UEFA,False
2017-09-27,Atlético Madrid,Chelsea FC,atlético madrid,chelsea,1,2,ESP,ENG,2017-18,UEFA,False
2017-09-27,FC Basel 1893,SL Benfica,basel 1893,sl benfica,5,0,SUI,POR,2017-18,UEFA,False
2017-09-27,CSKA Moskva,Manchester United,cska moskva,manchester united,1,4,RUS,ENG,2017-18,UEFA,False
2017-09-27,Paris Saint-Germain,Bayern München,paris saint-germain,bayern münchen,3,0,FRA,GER,2017-18,UEFA,False
2017-09-27,RSC Anderlecht,Celtic FC,rsc anderlecht,celtic,0,3,BEL,SCO,2017-18,UEFA,False
2017-09-27,Qarabağ FK,AS Roma,qarabağ,roma,1,2,AZE,ITA,2017-18,UEFA,False
2017-10-17,RB Leipzig,FC Porto,rb leipzig,porto,3,2,GER,POR,2017-18,UEFA,False
2017-10-17,AS Monaco,Beşiktaş,monaco,beşiktaş,1,2,FRA,TUR,2017-18,UEFA,False
2017-10-17,Spartak Moskva,Sevilla FC,spartak moskva,sevilla,5,1,RUS,ESP,2017-18,UEFA,False
2017-10-17,NK Maribor,Liverpool FC,maribor,liverpool,0,7,SVN,ENG,2017-18,UEFA,False
2017-10-17,Real Madrid,Tottenham Hotspur,real madrid,tottenham hotspur,1,1,ESP,ENG,2017-18,UEFA,False
2017-10-17,Feyenoord,Shakhtar Donetsk,feyenoord,shakhtar donetsk,1,2,NED,UKR,2017-18,UEFA,False
2017-10-17,Manchester City,SSC Napoli,manchester city,ssc napoli,2,1,ENG,ITA,2017-18,UEFA,False
2017-10-17,APOEL Nikosia,Borussia Dortmund,apoel nikosia,borussia dortmund,1,1,CYP,GER,2017-18,UEFA,False
2017-10-18,RSC Anderlecht,Paris Saint-Germain,rsc anderlecht,paris saint-germain,0,4,BEL,FRA,2017-18,UEFA,False
2017-10-18,FC Barcelona,Olympiakos Piraeus,barcelona,olympiakos piraeus,3,1,ESP,GRE,2017-18,UEFA,False
2017-10-18,Juventus,Sporting CP,juventus,sporting cp,2,1,ITA,POR,2017-18,UEFA,False
2017-10-18,SL Benfica,Manchester United,sl benfica,manchester united,0,1,POR,ENG,2017-18,UEFA,False
2017-10-18,CSKA Moskva,FC Basel 1893,cska moskva,basel 1893,0,2,RUS,SUI,2017-18,UEFA,False
2017-10-18,Chelsea FC,AS Roma,chelsea,roma,3,3,ENG,ITA,2017-18,UEFA,False
2017-10-18,Qarabağ FK,Atlético Madrid,qarabağ,atlético madrid,0,0,AZE,ESP,2017-18,UEFA,False
2017-10-18,Bayern München,Celtic FC,bayern münchen,celtic,3,0,GER,SCO,2017-18,UEFA,False
2017-10-31,FC Basel 1893,CSKA Moskva,basel 1893,cska moskva,1,2,SUI,RUS,2017-18,UEFA,False
2017-10-31,Sporting CP,Juventus,sporting cp,juventus,1,1,POR,ITA,2017-18,UEFA,False
2017-10-31,Atlético Madrid,Qarabağ FK,atlético madrid,qarabağ,1,1,ESP,AZE,2017-18,UEFA,False
2017-10-31,AS Roma,Chelsea FC,roma,chelsea,3,0,ITA,ENG,2017-18,UEFA,False
2017-10-31,Celtic FC,Bayern München,celtic,bayern münchen,1,2,SCO,GER,2017-18,UEFA,False
2017-10-31,Paris Saint-Germain,RSC Anderlecht,paris saint-germain,rsc anderlecht,5,0,FRA,BEL,2017-18,UEFA,False
2017-10-31,Manchester United,SL Benfica,manchester united,sl benfica,2,0,ENG,POR,2017-18,UEFA,False
2017-10-31,Olympiakos Piraeus,FC Barcelona,olympiakos piraeus,barcelona,0,0,GRE,ESP,2017-18,UEFA,False
2017-11-01,Sevilla FC,Spartak Moskva,sevilla,spartak moskva,2,1,ESP,RUS,2017-18,UEFA,False
2017-11-01,Shakhtar Donetsk,Feyenoord,shakhtar donetsk,feyenoord,3,1,UKR,NED,2017-18,UEFA,False
2017-11-01,SSC Napoli,Manchester City,ssc napoli,manchester city,2,4,ITA,ENG,2017-18,UEFA,False
2017-11-01,Borussia Dortmund,APOEL Nikosia,borussia dortmund,apoel nikosia,1,1,GER,CYP,2017-18,UEFA,False
2017-11-01,Tottenham Hotspur,Real Madrid,tottenham hotspur,real madrid,3,1,ENG,ESP,2017-18,UEFA,False
2017-11-01,Beşiktaş,AS Monaco,beşiktaş,monaco,1,1,TUR,FRA,2017-18,UEFA,False
2017-11-01,Liverpool FC,NK Maribor,liverpool,maribor,3,0,ENG,SVN,2017-18,UEFA,False
2017-11-01,FC Porto,RB Leipzig,porto,rb leipzig,3,1,POR,GER,2017-18,UEFA,False
2017-11-21,APOEL Nikosia,Real Madrid,apoel nikosia,real madrid,0,6,CYP,ESP,2017-18,UEFA,False
2017-11-21,Borussia Dortmund,Tottenham Hotspur,borussia dortmund,tottenham hotspur,1,2,GER,ENG,2017-18,UEFA,False
2017-11-21,Sevilla FC,Liverpool FC,sevilla,liverpool,3,3,ESP,ENG,2017-18,UEFA,False
2017-11-21,Spartak Moskva,NK Maribor,spartak moskva,maribor,1,1,RUS,SVN,2017-18,UEFA,False
2017-11-21,SSC Napoli,Shakhtar Donetsk,ssc napoli,shakhtar donetsk,3,0,ITA,UKR,2017-18,UEFA,False
2017-11-21,Manchester City,Feyenoord,manchester city,feyenoord,1,0,ENG,NED,2017-18,UEFA,False
2017-11-21,AS Monaco,RB Leipzig,monaco,rb leipzig,1,4,FRA,GER,2017-18,UEFA,False
2017-11-21,Beşiktaş,FC Porto,beşiktaş,porto,1,1,TUR,POR,2017-18,UEFA,False
2017-11-22,CSKA Moskva,SL Benfica,cska moskva,sl benfica,2,0,RUS,POR,2017-18,UEFA,False
2017-11-22,FC Basel 1893,Manchester United,basel 1893,manchester united,1,0,SUI,ENG,2017-18,UEFA,False
2017-11-22,Juventus,FC Barcelona,juventus,barcelona,0,0,ITA,ESP,2017-18,UEFA,False
2017-11-22,Sporting CP,Olympiakos Piraeus,sporting cp,olympiakos piraeus,3,1,POR,GRE,2017-18,UEFA,False
2017-11-22,Qarabağ FK,Chelsea FC,qarabağ,chelsea,0,4,AZE,ENG,2017-18,UEFA,False
2017-11-22,Atlético Madrid,AS Roma,atlético madrid,roma,2,0,ESP,ITA,2017-18,UEFA,False
2017-11-22,RSC Anderlecht,Bayern München,rsc anderlecht,bayern münchen,1,2,BEL,GER,2017-18,UEFA,False
2017-11-22,Paris Saint-Germain,Celtic FC,paris saint-germain,celtic,7,1,FRA,SCO,2017-18,UEFA,False
2017-12-05,AS Roma,Qarabağ FK,roma,qarabağ,1,0,ITA,AZE,2017-18,UEFA,False
2017-12-05,SL Benfica,FC Basel 1893,sl benfica,basel 1893,0,2,POR,SUI,2017-18,UEFA,False
2017-12-05,Manchester United,CSKA Moskva,manchester united,cska moskva,2,1,ENG,RUS,2017-18,UEFA,False
2017-12-05,Olympiakos Piraeus,Juventus,olympiakos piraeus,juventus,0,2,GRE,ITA,2017-18,UEFA,False
2017-12-05,FC Barcelona,Sporting CP,barcelona,sporting cp,2,0,ESP,POR,2017-18,UEFA,False
2017-12-05,Chelsea FC,Atlético Madrid,chelsea,atlético madrid,1,1,ENG,ESP,2017-18,UEFA,False
2017-12-05,Celtic FC,RSC Anderlecht,celtic,rsc anderlecht,0,1,SCO,BEL,2017-18,UEFA,False
2017-12-05,Bayern München,Paris Saint-Germain,bayern münchen,paris saint-germain,3,1,GER,FRA,2017-18,UEFA,False
2017-12-06,Shakhtar Donetsk,Manchester City,shakhtar donetsk,manchester city,2,1,UKR,ENG,2017-18,UEFA,False
2017-12-06,Tottenham Hotspur,APOEL Nikosia,tottenham hotspur,apoel nikosia,3,0,ENG,CYP,2017-18,UEFA,False
2017-12-06,Real Madrid,Borussia Dortmund,real madrid,borussia dortmund,3,2,ESP,GER,2017-18,UEFA,False
2017-12-06,Feyenoord,SSC Napoli,feyenoord,ssc napoli,2,1,NED,ITA,2017-18,UEFA,False
2017-12-06,NK Maribor,Sevilla FC,maribor,sevilla,1,1,SVN,ESP,2017-18,UEFA,False
2017-12-06,Liverpool FC,Spartak Moskva,liverpool,spartak moskva,7,0,ENG,RUS,2017-18,UEFA,False
2017-12-06,RB Leipzig,Beşiktaş,rb leipzig,beşiktaş,1,2,GER,TUR,2017-18,UEFA,False
2017-12-06,FC Porto,AS Monaco,porto,monaco,5,2,POR,FRA,2017-18,UEFA,False
2018-02-13,FC Basel 1893,Manchester City,basel 1893,manchester city,0,4,SUI,ENG,2017-18,UEFA,False
2018-02-13,Juventus,Tottenham Hotspur,juventus,tottenham hotspur,2,2,ITA,ENG,2017-18,UEFA,False
2018-02-14,FC Porto,Liverpool FC,porto,liverpool,0,5,POR,ENG,2017-18,UEFA,False
2018-02-14,Real Madrid,Paris Saint-Germain,real madrid,paris saint-germain,3,1,ESP,FRA,2017-18,UEFA,False
2018-02-20,Chelsea FC,FC Barcelona,chelsea,barcelona,1,1,ENG,ESP,2017-18,UEFA,False
2018-02-20,Bayern München,Beşiktaş,bayern münchen,beşiktaş,5,0,GER,TUR,2017-18,UEFA,False
2018-02-21,Shakhtar Donetsk,AS Roma,shakhtar donetsk,roma,2,1,UKR,ITA,2017-18,UEFA,False
2018-02-21,Sevilla FC,Manchester United,sevilla,manchester united,0,0,ESP,ENG,2017-18,UEFA,False
2018-03-06,Paris Saint-Germain,Real Madrid,paris saint-germain,real madrid,1,2,FRA,ESP,2017-18,UEFA,False
2018-03-06,Liverpool FC,FC Porto,liverpool,porto,0,0,ENG,POR,2017-18,UEFA,False
2018-03-07,Tottenham Hotspur,Juventus,tottenham hotspur,juventus,1,2,ENG,ITA,2017-18,UEFA,False
2018-03-07,Manchester City,FC Basel 1893,manchester city,basel 1893,1,2,ENG,SUI,2017-18,UEFA,False
2018-03-13,Manchester United,Sevilla FC,manchester united,sevilla,1,2,ENG,ESP,2017-18,UEFA,False
2018-03-13,AS Roma,Shakhtar Donetsk,roma,shakhtar donetsk,1,0,ITA,UKR,2017-18,UEFA,False
2018-03-14,Beşiktaş,Bayern München,beşiktaş,bayern münchen,1,3,TUR,GER,2017-18,UEFA,False
2018-03-14,FC Barcelona,Chelsea FC,barcelona,chelsea,3,0,ESP,ENG,2017-18,UEFA,False
2018-04-03,Sevilla FC,Bayern München,sevilla,bayern münchen,1,2,ESP,GER,2017-18,UEFA,False
2018-04-03,Juventus,Real Madrid,juventus,real madrid,0,3,ITA,ESP,2017-18,UEFA,False
2018-04-04,Liverpool FC,Manchester City,liverpool,manchester city,3,0,ENG,ENG,2017-18,UEFA,False
2018-04-04,FC Barcelona,AS Roma,barcelona,roma,4,1,ESP,ITA,2017-18,UEFA,False
2018-04-10,AS Roma,FC Barcelona,roma,barcelona,3,0,ITA,ESP,2017-18,UEFA,False
2018-04-10,Manchester City,Liverpool FC,manchester city,liverpool,1,2,ENG,ENG,2017-18,UEFA,False
2018-04-11,Bayern München,Sevilla FC,bayern münchen,sevilla,0,0,GER,ESP,2017-18,UEFA,False
2018-04-11,Real Madrid,Juventus,real madrid,juventus,1,3,ESP,ITA,2017-18,UEFA,False
2018-04-24,Liverpool FC,AS Roma,liverpool,roma,5,2,ENG,ITA,2017-18,UEFA,False
2018-04-25,Bayern München,Real Madrid,bayern münchen,real madrid,1,2,GER,ESP,2017-18,UEFA,False
2018-05-01,Real Madrid,Bayern München,real madrid,bayern münchen,2,2,ESP,GER,2017-18,UEFA,False
2018-05-02,AS Roma,Liverpool FC,roma,liverpool,4,2,ITA,ENG,2017-18,UEFA,False
2018-05-26,Real Madrid,Liverpool FC,real madrid,liverpool,3,1,ESP,ENG,2017-18,UEFA,False
2018-09-18,FC Schalke 04,FC Porto,schalke,porto,1,1,GER,POR,2018-19,UEFA,False
2018-09-18,Galatasaray,Lokomotiv Moskva,galatasaray,lokomotiv moskva,3,0,TUR,RUS,2018-19,UEFA,False
2018-09-18,Inter,Tottenham Hotspur,inter,tottenham hotspur,2,1,ITA,ENG,2018-19,UEFA,False
2018-09-18,FC Barcelona,PSV Eindhoven,barcelona,psv eindhoven,4,0,ESP,NED,2018-19,UEFA,False
2018-09-18,Crvena Zvezda,SSC Napoli,crvena zvezda,ssc napoli,0,0,SRB,ITA,2018-19,UEFA,False
2018-09-18,Liverpool FC,Paris Saint-Germain,liverpool,paris saint-germain,3,2,ENG,FRA,2018-19,UEFA,False
2018-09-18,AS Monaco,Atlético Madrid,monaco,atlético madrid,1,2,FRA,ESP,2018-19,UEFA,False
2018-09-18,Club Brugge KV,Borussia Dortmund,club brugge,borussia dortmund,0,1,BEL,GER,2018-19,UEFA,False
2018-09-19,BSC Young Boys,Manchester United,young boys,manchester united,0,3,SUI,ENG,2018-19,UEFA,False
2018-09-19,AFC Ajax,AEK Athen,ajax,aek athen,3,0,NED,GRE,2018-19,UEFA,False
2018-09-19,SL Benfica,Bayern München,sl benfica,bayern münchen,0,2,POR,GER,2018-19,UEFA,False
2018-09-19,Valencia CF,Juventus,valencia,juventus,0,2,ESP,ITA,2018-19,UEFA,False
2018-09-19,Shakhtar Donetsk,1899 Hoffenheim,shakhtar donetsk,1899 hoffenheim,2,2,UKR,GER,2018-19,UEFA,False
2018-09-19,Manchester City,Olympique Lyonnais,manchester city,olympique lyonnais,1,2,ENG,FRA,2018-19,UEFA,False
2018-09-19,Real Madrid,AS Roma,real madrid,roma,3,0,ESP,ITA,2018-19,UEFA,False
2018-09-19,Viktoria Plzeň,CSKA Moskva,viktoria plzeň,cska moskva,2,2,CZE,RUS,2018-19,UEFA,False
2018-10-02,Manchester United,Valencia CF,manchester united,valencia,0,0,ENG,ESP,2018-19,UEFA,False
2018-10-02,AEK Athen,SL Benfica,aek athen,sl benfica,2,3,GRE,POR,2018-19,UEFA,False
2018-10-02,Bayern München,AFC Ajax,bayern münchen,ajax,1,1,GER,NED,2018-19,UEFA,False
2018-10-02,1899 Hoffenheim,Manchester City,1899 hoffenheim,manchester city,1,2,GER,ENG,2018-19,UEFA,False
2018-10-02,Olympique Lyonnais,Shakhtar Donetsk,olympique lyonnais,shakhtar donetsk,2,2,FRA,UKR,2018-19,UEFA,False
2018-10-02,Juventus,BSC Young Boys,juventus,young boys,3,0,ITA,SUI,2018-19,UEFA,False
2018-10-02,CSKA Moskva,Real Madrid,cska moskva,real madrid,1,0,RUS,ESP,2018-19,UEFA,False
2018-10-02,AS Roma,Viktoria Plzeň,roma,viktoria plzeň,5,0,ITA,CZE,2018-19,UEFA,False
2018-10-03,Borussia Dortmund,AS Monaco,borussia dortmund,monaco,3,0,GER,FRA,2018-19,UEFA,False
2018-10-03,Atlético Madrid,Club Brugge KV,atlético madrid,club brugge,3,1,ESP,BEL,2018-19,UEFA,False
2018-10-03,Tottenham Hotspur,FC Barcelona,tottenham hotspur,barcelona,2,4,ENG,ESP,2018-19,UEFA,False
2018-10-03,FC Porto,Galatasaray,porto,galatasaray,1,0,POR,TUR,2018-19,UEFA,False
2018-10-03,Lokomotiv Moskva,FC Schalke 04,lokomotiv moskva,schalke,0,1,RUS,GER,2018-19,UEFA,False
2018-10-03,PSV Eindhoven,Inter,psv eindhoven,inter,1,2,NED,ITA,2018-19,UEFA,False
2018-10-03,Paris Saint-Germain,Crvena Zvezda,paris saint-germain,crvena zvezda,6,1,FRA,SRB,2018-19,UEFA,False
2018-10-03,SSC Napoli,Liverpool FC,ssc napoli,liverpool,1,0,ITA,ENG,2018-19,UEFA,False
2018-10-23,Manchester United,Juventus,manchester united,juventus,0,1,ENG,ITA,2018-19,UEFA,False
2018-10-23,BSC Young Boys,Valencia CF,young boys,valencia,1,1,SUI,ESP,2018-19,UEFA,False
2018-10-23,1899 Hoffenheim,Olympique Lyonnais,1899 hoffenheim,olympique lyonnais,3,3,GER,FRA,2018-19,UEFA,False
2018-10-23,AEK Athen,Bayern München,aek athen,bayern münchen,0,2,GRE,GER,2018-19,UEFA,False
2018-10-23,Shakhtar Donetsk,Manchester City,shakhtar donetsk,manchester city,0,3,UKR,ENG,2018-19,UEFA,False
2018-10-23,AFC Ajax,SL Benfica,ajax,sl benfica,1,0,NED,POR,2018-19,UEFA,False
2018-10-23,AS Roma,CSKA Moskva,roma,cska moskva,3,0,ITA,RUS,2018-19,UEFA,False
2018-10-23,Real Madrid,Viktoria Plzeň,real madrid,viktoria plzeň,2,1,ESP,CZE,2018-19,UEFA,False
2018-10-24,Liverpool FC,Crvena Zvezda,liverpool,crvena zvezda,4,0,ENG,SRB,2018-19,UEFA,False
2018-10-24,Lokomotiv Moskva,FC Porto,lokomotiv moskva,porto,1,3,RUS,POR,2018-19,UEFA,False
2018-10-24,Galatasaray,FC Schalke 04,galatasaray,schalke,0,0,TUR,GER,2018-19,UEFA,False
2018-10-24,Club Brugge KV,AS Monaco,club brugge,monaco,1,1,BEL,FRA,2018-19,UEFA,False
2018-10-24,PSV Eindhoven,Tottenham Hotspur,psv eindhoven,tottenham hotspur,2,2,NED,ENG,2018-19,UEFA,False
2018-10-24,FC Barcelona,Inter,barcelona,inter,2,0,ESP,ITA,2018-19,UEFA,False
2018-10-24,Borussia Dortmund,Atlético Madrid,borussia dortmund,atlético madrid,4,0,GER,ESP,2018-19,UEFA,False
2018-10-24,Paris Saint-Germain,SSC Napoli,paris saint-germain,ssc napoli,2,2,FRA,ITA,2018-19,UEFA,False
2018-11-06,Crvena Zvezda,Liverpool FC,crvena zvezda,liverpool,2,0,SRB,ENG,2018-19,UEFA,False
2018-11-06,FC Porto,Lokomotiv Moskva,porto,lokomotiv moskva,4,1,POR,RUS,2018-19,UEFA,False
2018-11-06,Inter,FC Barcelona,inter,barcelona,1,1,ITA,ESP,2018-19,UEFA,False
2018-11-06,Atlético Madrid,Borussia Dortmund,atlético madrid,borussia dortmund,2,0,ESP,GER,2018-19,UEFA,False
2018-11-06,AS Monaco,Club Brugge KV,monaco,club brugge,0,4,FRA,BEL,2018-19,UEFA,False
2018-11-06,SSC Napoli,Paris Saint-Germain,ssc napoli,paris saint-germain,1,1,ITA,FRA,2018-19,UEFA,False
2018-11-06,Tottenham Hotspur,PSV Eindhoven,tottenham hotspur,psv eindhoven,2,1,ENG,NED,2018-19,UEFA,False
2018-11-06,FC Schalke 04,Galatasaray,schalke,galatasaray,2,0,GER,TUR,2018-19,UEFA,False
2018-11-07,Manchester City,Shakhtar Donetsk,manchester city,shakhtar donetsk,6,0,ENG,UKR,2018-19,UEFA,False
2018-11-07,Olympique Lyonnais,1899 Hoffenheim,olympique lyonnais,1899 hoffenheim,2,2,FRA,GER,2018-19,UEFA,False
2018-11-07,SL Benfica,AFC Ajax,sl benfica,ajax,1,1,POR,NED,2018-19,UEFA,False
2018-11-07,Viktoria Plzeň,Real Madrid,viktoria plzeň,real madrid,0,5,CZE,ESP,2018-19,UEFA,False
2018-11-07,Bayern München,AEK Athen,bayern münchen,aek athen,2,0,GER,GRE,2018-19,UEFA,False
2018-11-07,CSKA Moskva,AS Roma,cska moskva,roma,1,2,RUS,ITA,2018-19,UEFA,False
2018-11-07,Valencia CF,BSC Young Boys,valencia,young boys,3,1,ESP,SUI,2018-19,UEFA,False
2018-11-07,Juventus,Manchester United,juventus,manchester united,1,2,ITA,ENG,2018-19,UEFA,False
2018-11-27,CSKA Moskva,Viktoria Plzeň,cska moskva,viktoria plzeň,1,2,RUS,CZE,2018-19,UEFA,False
2018-11-27,Manchester United,BSC Young Boys,manchester united,young boys,1,0,ENG,SUI,2018-19,UEFA,False
2018-11-27,Juventus,Valencia CF,juventus,valencia,1,0,ITA,ESP,2018-19,UEFA,False
2018-11-27,AS Roma,Real Madrid,roma,real madrid,0,2,ITA,ESP,2018-19,UEFA,False
2018-11-27,Bayern München,SL Benfica,bayern münchen,sl benfica,5,1,GER,POR,2018-19,UEFA,False
2018-11-27,AEK Athen,AFC Ajax,aek athen,ajax,0,2,GRE,NED,2018-19,UEFA,False
2018-11-27,Olympique Lyonnais,Manchester City,olympique lyonnais,manchester city,2,2,FRA,ENG,2018-19,UEFA,False
2018-11-27,1899 Hoffenheim,Shakhtar Donetsk,1899 hoffenheim,shakhtar donetsk,2,3,GER,UKR,2018-19,UEFA,False
2018-11-28,PSV Eindhoven,FC Barcelona,psv eindhoven,barcelona,1,2,NED,ESP,2018-19,UEFA,False
2018-11-28,Lokomotiv Moskva,Galatasaray,lokomotiv moskva,galatasaray,2,0,RUS,TUR,2018-19,UEFA,False
2018-11-28,Atlético Madrid,AS Monaco,atlético madrid,monaco,2,0,ESP,FRA,2018-19,UEFA,False
2018-11-28,FC Porto,FC Schalke 04,porto,schalke,3,1,POR,GER,2018-19,UEFA,False
2018-11-28,Borussia Dortmund,Club Brugge KV,borussia dortmund,club brugge,0,0,GER,BEL,2018-19,UEFA,False
2018-11-28,Tottenham Hotspur,Inter,tottenham hotspur,inter,1,0,ENG,ITA,2018-19,UEFA,False
2018-11-28,SSC Napoli,Crvena Zvezda,ssc napoli,crvena zvezda,3,1,ITA,SRB,2018-19,UEFA,False
2018-11-28,Paris Saint-Germain,Liverpool FC,paris saint-germain,liverpool,2,1,FRA,ENG,2018-19,UEFA,False
2018-12-11,FC Barcelona,Tottenham Hotspur,barcelona,tottenham hotspur,1,1,ESP,ENG,2018-19,UEFA,False
2018-12-11,AS Monaco,Borussia Dortmund,monaco,borussia dortmund,0,2,FRA,GER,2018-19,UEFA,False
2018-12-11,Club Brugge KV,Atlético Madrid,club brugge,atlético madrid,0,0,BEL,ESP,2018-19,UEFA,False
2018-12-11,Inter,PSV Eindhoven,inter,psv eindhoven,1,1,ITA,NED,2018-19,UEFA,False
2018-12-11,Galatasaray,FC Porto,galatasaray,porto,2,3,TUR,POR,2018-19,UEFA,False
2018-12-11,FC Schalke 04,Lokomotiv Moskva,schalke,lokomotiv moskva,1,0,GER,RUS,2018-19,UEFA,False
2018-12-11,Crvena Zvezda,Paris Saint-Germain,crvena zvezda,paris saint-germain,1,4,SRB,FRA,2018-19,UEFA,False
2018-12-11,Liverpool FC,SSC Napoli,liverpool,ssc napoli,1,0,ENG,ITA,2018-19,UEFA,False
2018-12-12,Manchester City,1899 Hoffenheim,manchester city,1899 hoffenheim,2,1,ENG,GER,2018-19,UEFA,False
2018-12-12,Real Madrid,CSKA Moskva,real madrid,cska moskva,0,3,ESP,RUS,2018-19,UEFA,False
2018-12-12,Viktoria Plzeň,AS Roma,viktoria plzeň,roma,2,1,CZE,ITA,2018-19,UEFA,False
2018-12-12,Shakhtar Donetsk,Olympique Lyonnais,shakhtar donetsk,olympique lyonnais,1,1,UKR,FRA,2018-19,UEFA,False
2018-12-12,SL Benfica,AEK Athen,sl benfica,aek athen,1,0,POR,GRE,2018-19,UEFA,False
2018-12-12,AFC Ajax,Bayern München,ajax,bayern münchen,3,3,NED,GER,2018-19,UEFA,False
2018-12-12,Valencia CF,Manchester United,valencia,manchester united,2,1,ESP,ENG,2018-19,UEFA,False
2018-12-12,BSC Young Boys,Juventus,young boys,juventus,2,1,SUI,ITA,2018-19,UEFA,False
2019-02-12,AS Roma,FC Porto,roma,porto,2,1,ITA,POR,2018-19,UEFA,False
2019-02-12,Manchester United,Paris Saint-Germain,manchester united,paris saint-germain,0,2,ENG,FRA,2018-19,UEFA,False
2019-02-13,Tottenham Hotspur,Borussia Dortmund,tottenham hotspur,borussia dortmund,3,0,ENG,GER,2018-19,UEFA,False
2019-02-13,AFC Ajax,Real Madrid,ajax,real madrid,1,2,NED,ESP,2018-19,UEFA,False
2019-02-19,Olympique Lyonnais,FC Barcelona,olympique lyonnais,barcelona,0,0,FRA,ESP,2018-19,UEFA,False
2019-02-19,Liverpool FC,Bayern München,liverpool,bayern münchen,0,0,ENG,GER,2018-19,UEFA,False
2019-02-20,FC Schalke 04,Manchester City,schalke,manchester city,2,3,GER,ENG,2018-19,UEFA,False
2019-02-20,Atlético Madrid,Juventus,atlético madrid,juventus,2,0,ESP,ITA,2018-19,UEFA,False
2019-03-05,Real Madrid,AFC Ajax,real madrid,ajax,1,4,ESP,NED,2018-19,UEFA,False
2019-03-05,Borussia Dortmund,Tottenham Hotspur,borussia dortmund,tottenham hotspur,0,1,GER,ENG,2018-19,UEFA,False
2019-03-06,Paris Saint-Germain,Manchester United,paris saint-germain,manchester united,1,3,FRA,ENG,2018-19,UEFA,False
2019-03-06,FC Porto,AS Roma,porto,roma,3,1,POR,ITA,2018-19,UEFA,False
2019-03-12,Manchester City,FC Schalke 04,manchester city,schalke,7,0,ENG,GER,2018-19,UEFA,False
2019-03-12,Juventus,Atlético Madrid,juventus,atlético madrid,3,0,ITA,ESP,2018-19,UEFA,False
2019-03-13,FC Barcelona,Olympique Lyonnais,barcelona,olympique lyonnais,5,1,ESP,FRA,2018-19,UEFA,False
2019-03-13,Bayern München,Liverpool FC,bayern münchen,liverpool,1,3,GER,ENG,2018-19,UEFA,False
2019-04-09,Liverpool FC,FC Porto,liverpool,porto,2,0,ENG,POR,2018-19,UEFA,False
2019-04-09,Tottenham Hotspur,Manchester City,tottenham hotspur,manchester city,1,0,ENG,ENG,2018-19,UEFA,False
2019-04-10,Manchester United,FC Barcelona,manchester united,barcelona,0,1,ENG,ESP,2018-19,UEFA,False
2019-04-10,AFC Ajax,Juventus,ajax,juventus,1,1,NED,ITA,2018-19,UEFA,False
2019-04-16,Juventus,AFC Ajax,juventus,ajax,1,2,ITA,NED,2018-19,UEFA,False
2019-04-16,FC Barcelona,Manchester United,barcelona,manchester united,3,0,ESP,ENG,2018-19,UEFA,False
2019-04-17,FC Porto,Liverpool FC,porto,liverpool,1,4,POR,ENG,2018-19,UEFA,False
2019-04-17,Manchester City,Tottenham Hotspur,manchester city,tottenham hotspur,4,3,ENG,ENG,2018-19,UEFA,False
2019-04-30,Tottenham Hotspur,AFC Ajax,tottenham hotspur,ajax,0,1,ENG,NED,2018-19,UEFA,False
2019-05-01,FC Barcelona,Liverpool FC,barcelona,liverpool,3,0,ESP,ENG,2018-19,UEFA,False
2019-05-07,Liverpool FC,FC Barcelona,liverpool,barcelona,4,0,ENG,ESP,2018-19,UEFA,False
2019-05-08,AFC Ajax,Tottenham Hotspur,ajax,tottenham hotspur,2,3,NED,ENG,2018-19,UEFA,False
2019-06-01,Tottenham Hotspur,Liverpool FC,tottenham hotspur,liverpool,0,2,ENG,ENG,2018-19,UEFA,False
2019-08-12,Atalanta,Paris Saint-Germain,atalanta,paris saint-germain,1,2,ITA,FRA,2019-20,UEFA,False
2019-08-13,RB Leipzig,Atlético Madrid,rb leipzig,atlético madrid,2,1,GER,ESP,2019-20,UEFA,False
2019-08-14,FC Barcelona,Bayern München,barcelona,bayern münchen,2,8,ESP,GER,2019-20,UEFA,False
2019-08-15,Manchester City,Olympique Lyonnais,manchester city,olympique lyonnais,1,3,ENG,FRA,2019-20,UEFA,False
2019-08-18,RB Leipzig,Paris Saint-Germain,rb leipzig,paris saint-germain,0,3,GER,FRA,2019-20,UEFA,False
2019-08-19,Olympique Lyonnais,Bayern München,olympique lyonnais,bayern münchen,0,3,FRA,GER,2019-20,UEFA,False
2019-08-23,Paris Saint-Germain,Bayern München,paris saint-germain,bayern münchen,0,1,FRA,GER,2019-20,UEFA,False
2019-09-17,AFC Ajax,Lille OSC,ajax,lille osc,3,0,NED,FRA,2019-20,UEFA,False
2019-09-17,Chelsea FC,Valencia CF,chelsea,valencia,0,1,ENG,ESP,2019-20,UEFA,False
2019-09-17,SL Benfica,RB Leipzig,sl benfica,rb leipzig,1,2,POR,GER,2019-20,UEFA,False
2019-09-17,SSC Napoli,Liverpool FC,ssc napoli,liverpool,2,0,ITA,ENG,2019-20,UEFA,False
2019-09-17,RB Salzburg,KRC Genk,rb salzburg,krc genk,6,2,AUT,BEL,2019-20,UEFA,False
2019-09-17,Olympique Lyonnais,Zenit St. Petersburg,olympique lyonnais,zenit st. petersburg,1,1,FRA,RUS,2019-20,UEFA,False
2019-09-17,Borussia Dortmund,FC Barcelona,borussia dortmund,barcelona,0,0,GER,ESP,2019-20,UEFA,False
2019-09-17,Inter,Slavia Praha,inter,slavia praha,1,1,ITA,CZE,2019-20,UEFA,False
2019-09-18,Bayer Leverkusen,Lokomotiv Moskva,bayer leverkusen,lokomotiv moskva,1,2,GER,RUS,2019-20,UEFA,False
2019-09-18,Atlético Madrid,Juventus,atlético madrid,juventus,2,2,ESP,ITA,2019-20,UEFA,False
2019-09-18,Shakhtar Donetsk,Manchester City,shakhtar donetsk,manchester city,0,3,UKR,ENG,2019-20,UEFA,False
2019-09-18,Olympiakos Piraeus,Tottenham Hotspur,olympiakos piraeus,tottenham hotspur,2,2,GRE,ENG,2019-20,UEFA,False
2019-09-18,Paris Saint-Germain,Real Madrid,paris saint-germain,real madrid,3,0,FRA,ESP,2019-20,UEFA,False
2019-09-18,Club Brugge KV,Galatasaray,club brugge,galatasaray,0,0,BEL,TUR,2019-20,UEFA,False
2019-09-18,Bayern München,Crvena Zvezda,bayern münchen,crvena zvezda,3,0,GER,SRB,2019-20,UEFA,False
2019-09-18,Dinamo Zagreb,Atalanta,dinamo zagreb,atalanta,4,0,CRO,ITA,2019-20,UEFA,False
2019-10-01,Lokomotiv Moskva,Atlético Madrid,lokomotiv moskva,atlético madrid,0,2,RUS,ESP,2019-20,UEFA,False
2019-10-01,Juventus,Bayer Leverkusen,juventus,bayer leverkusen,3,0,ITA,GER,2019-20,UEFA,False
2019-10-01,Atalanta,Shakhtar Donetsk,atalanta,shakhtar donetsk,1,2,ITA,UKR,2019-20,UEFA,False
2019-10-01,Manchester City,Dinamo Zagreb,manchester city,dinamo zagreb,2,0,ENG,CRO,2019-20,UEFA,False
2019-10-01,Tottenham Hotspur,Bayern München,tottenham hotspur,bayern münchen,2,7,ENG,GER,2019-20,UEFA,False
2019-10-01,Real Madrid,Club Brugge KV,real madrid,club brugge,2,2,ESP,BEL,2019-20,UEFA,False
2019-10-01,Galatasaray,Paris Saint-Germain,galatasaray,paris saint-germain,0,1,TUR,FRA,2019-20,UEFA,False
2019-10-01,Crvena Zvezda,Olympiakos Piraeus,crvena zvezda,olympiakos piraeus,3,1,SRB,GRE,2019-20,UEFA,False
2019-10-02,Valencia CF,AFC Ajax,valencia,ajax,0,3,ESP,NED,2019-20,UEFA,False
2019-10-02,Liverpool FC,RB Salzburg,liverpool,rb salzburg,4,3,ENG,AUT,2019-20,UEFA,False
2019-10-02,Zenit St. Petersburg,SL Benfica,zenit st. petersburg,sl benfica,3,1,RUS,POR,2019-20,UEFA,False
2019-10-02,RB Leipzig,Olympique Lyonnais,rb leipzig,olympique lyonnais,0,2,GER,FRA,2019-20,UEFA,False
2019-10-02,Lille OSC,Chelsea FC,lille osc,chelsea,1,2,FRA,ENG,2019-20,UEFA,False
2019-10-02,KRC Genk,SSC Napoli,krc genk,ssc napoli,0,0,BEL,ITA,2019-20,UEFA,False
2019-10-02,FC Barcelona,Inter,barcelona,inter,2,1,ESP,ITA,2019-20,UEFA,False
2019-10-02,Slavia Praha,Borussia Dortmund,slavia praha,borussia dortmund,0,2,CZE,GER,2019-20,UEFA,False
2019-10-22,Olympiakos Piraeus,Bayern München,olympiakos piraeus,bayern münchen,2,3,GRE,GER,2019-20,UEFA,False
2019-10-22,Atlético Madrid,Bayer Leverkusen,atlético madrid,bayer leverkusen,1,0,ESP,GER,2019-20,UEFA,False
2019-10-22,Juventus,Lokomotiv Moskva,juventus,lokomotiv moskva,2,1,ITA,RUS,2019-20,UEFA,False
2019-10-22,Galatasaray,Real Madrid,galatasaray,real madrid,0,1,TUR,ESP,2019-20,UEFA,False
2019-10-22,Club Brugge KV,Paris Saint-Germain,club brugge,paris saint-germain,0,5,BEL,FRA,2019-20,UEFA,False
2019-10-22,Manchester City,Atalanta,manchester city,atalanta,5,1,ENG,ITA,2019-20,UEFA,False
2019-10-22,Shakhtar Donetsk,Dinamo Zagreb,shakhtar donetsk,dinamo zagreb,2,2,UKR,CRO,2019-20,UEFA,False
2019-10-22,Tottenham Hotspur,Crvena Zvezda,tottenham hotspur,crvena zvezda,5,0,ENG,SRB,2019-20,UEFA,False
2019-10-23,Slavia Praha,FC Barcelona,slavia praha,barcelona,1,2,CZE,ESP,2019-20,UEFA,False
2019-10-23,KRC Genk,Liverpool FC,krc genk,liverpool,1,4,BEL,ENG,2019-20,UEFA,False
2019-10-23,RB Salzburg,SSC Napoli,rb salzburg,ssc napoli,2,3,AUT,ITA,2019-20,UEFA,False
2019-10-23,Inter,Borussia Dortmund,inter,borussia dortmund,2,0,ITA,GER,2019-20,UEFA,False
2019-10-23,RB Leipzig,Zenit St. Petersburg,rb leipzig,zenit st. petersburg,2,1,GER,RUS,2019-20,UEFA,False
2019-10-23,SL Benfica,Olympique Lyonnais,sl benfica,olympique lyonnais,2,1,POR,FRA,2019-20,UEFA,False
2019-10-23,AFC Ajax,Chelsea FC,ajax,chelsea,0,1,NED,ENG,2019-20,UEFA,False
2019-10-23,Lille OSC,Valencia CF,lille osc,valencia,1,1,FRA,ESP,2019-20,UEFA,False
2019-11-05,Borussia Dortmund,Inter,borussia dortmund,inter,3,2,GER,ITA,2019-20,UEFA,False
2019-11-05,Olympique Lyonnais,SL Benfica,olympique lyonnais,sl benfica,3,1,FRA,POR,2019-20,UEFA,False
2019-11-05,Chelsea FC,AFC Ajax,chelsea,ajax,4,4,ENG,NED,2019-20,UEFA,False
2019-11-05,FC Barcelona,Slavia Praha,barcelona,slavia praha,0,0,ESP,CZE,2019-20,UEFA,False
2019-11-05,Valencia CF,Lille OSC,valencia,lille osc,4,1,ESP,FRA,2019-20,UEFA,False
2019-11-05,Zenit St. Petersburg,RB Leipzig,zenit st. petersburg,rb leipzig,0,2,RUS,GER,2019-20,UEFA,False
2019-11-05,SSC Napoli,RB Salzburg,ssc napoli,rb salzburg,1,1,ITA,AUT,2019-20,UEFA,False
2019-11-05,Liverpool FC,KRC Genk,liverpool,krc genk,2,1,ENG,BEL,2019-20,UEFA,False
2019-11-06,Atalanta,Manchester City,atalanta,manchester city,1,1,ITA,ENG,2019-20,UEFA,False
2019-11-06,Lokomotiv Moskva,Juventus,lokomotiv moskva,juventus,1,2,RUS,ITA,2019-20,UEFA,False
2019-11-06,Bayer Leverkusen,Atlético Madrid,bayer leverkusen,atlético madrid,2,1,GER,ESP,2019-20,UEFA,False
2019-11-06,Paris Saint-Germain,Club Brugge KV,paris saint-germain,club brugge,1,0,FRA,BEL,2019-20,UEFA,False
2019-11-06,Real Madrid,Galatasaray,real madrid,galatasaray,6,0,ESP,TUR,2019-20,UEFA,False
2019-11-06,Crvena Zvezda,Tottenham Hotspur,crvena zvezda,tottenham hotspur,0,4,SRB,ENG,2019-20,UEFA,False
2019-11-06,Dinamo Zagreb,Shakhtar Donetsk,dinamo zagreb,shakhtar donetsk,3,3,CRO,UKR,2019-20,UEFA,False
2019-11-06,Bayern München,Olympiakos Piraeus,bayern münchen,olympiakos piraeus,2,0,GER,GRE,2019-20,UEFA,False
2019-11-26,Galatasaray,Club Brugge KV,galatasaray,club brugge,1,1,TUR,BEL,2019-20,UEFA,False
2019-11-26,Manchester City,Shakhtar Donetsk,manchester city,shakhtar donetsk,1,1,ENG,UKR,2019-20,UEFA,False
2019-11-26,Atalanta,Dinamo Zagreb,atalanta,dinamo zagreb,2,0,ITA,CRO,2019-20,UEFA,False
2019-11-26,Juventus,Atlético Madrid,juventus,atlético madrid,1,0,ITA,ESP,2019-20,UEFA,False
2019-11-26,Tottenham Hotspur,Olympiakos Piraeus,tottenham hotspur,olympiakos piraeus,4,2,ENG,GRE,2019-20,UEFA,False
2019-11-26,Crvena Zvezda,Bayern München,crvena zvezda,bayern münchen,0,6,SRB,GER,2019-20,UEFA,False
2019-11-26,Real Madrid,Paris Saint-Germain,real madrid,paris saint-germain,2,2,ESP,FRA,2019-20,UEFA,False
2019-11-26,Lokomotiv Moskva,Bayer Leverkusen,lokomotiv moskva,bayer leverkusen,0,2,RUS,GER,2019-20,UEFA,False
2019-11-27,RB Leipzig,SL Benfica,rb leipzig,sl benfica,2,2,GER,POR,2019-20,UEFA,False
2019-11-27,Valencia CF,Chelsea FC,valencia,chelsea,2,2,ESP,ENG,2019-20,UEFA,False
2019-11-27,Lille OSC,AFC Ajax,lille osc,ajax,0,2,FRA,NED,2019-20,UEFA,False
2019-11-27,Slavia Praha,Inter,slavia praha,inter,1,3,CZE,ITA,2019-20,UEFA,False
2019-11-27,FC Barcelona,Borussia Dortmund,barcelona,borussia dortmund,3,1,ESP,GER,2019-20,UEFA,False
2019-11-27,Liverpool FC,SSC Napoli,liverpool,ssc napoli,1,1,ENG,ITA,2019-20,UEFA,False
2019-11-27,KRC Genk,RB Salzburg,krc genk,rb salzburg,1,4,BEL,AUT,2019-20,UEFA,False
2019-11-27,Zenit St. Petersburg,Olympique Lyonnais,zenit st. petersburg,olympique lyonnais,2,0,RUS,FRA,2019-20,UEFA,False
2019-12-10,RB Salzburg,Liverpool FC,rb salzburg,liverpool,0,2,AUT,ENG,2019-20,UEFA,False
2019-12-10,Chelsea FC,Lille OSC,chelsea,lille osc,2,1,ENG,FRA,2019-20,UEFA,False
2019-12-10,SSC Napoli,KRC Genk,ssc napoli,krc genk,4,0,ITA,BEL,2019-20,UEFA,False
2019-12-10,AFC Ajax,Valencia CF,ajax,valencia,0,1,NED,ESP,2019-20,UEFA,False
2019-12-10,Inter,FC Barcelona,inter,barcelona,1,2,ITA,ESP,2019-20,UEFA,False
2019-12-10,Borussia Dortmund,Slavia Praha,borussia dortmund,slavia praha,2,1,GER,CZE,2019-20,UEFA,False
2019-12-10,SL Benfica,Zenit St. Petersburg,sl benfica,zenit st. petersburg,3,0,POR,RUS,2019-20,UEFA,False
2019-12-10,Olympique Lyonnais,RB Leipzig,olympique lyonnais,rb leipzig,2,2,FRA,GER,2019-20,UEFA,False
2019-12-11,Club Brugge KV,Real Madrid,club brugge,real madrid,1,3,BEL,ESP,2019-20,UEFA,False
2019-12-11,Bayer Leverkusen,Juventus,bayer leverkusen,juventus,0,2,GER,ITA,2019-20,UEFA,False
2019-12-11,Shakhtar Donetsk,Atalanta,shakhtar donetsk,atalanta,0,3,UKR,ITA,2019-20,UEFA,False
2019-12-11,Atlético Madrid,Lokomotiv Moskva,atlético madrid,lokomotiv moskva,2,0,ESP,RUS,2019-20,UEFA,False
2019-12-11,Olympiakos Piraeus,Crvena Zvezda,olympiakos piraeus,crvena zvezda,1,0,GRE,SRB,2019-20,UEFA,False
2019-12-11,Dinamo Zagreb,Manchester City,dinamo zagreb,manchester city,1,4,CRO,ENG,2019-20,UEFA,False
2019-12-11,Bayern München,Tottenham Hotspur,bayern münchen,tottenham hotspur,3,1,GER,ENG,2019-20,UEFA,False
2019-12-11,Paris Saint-Germain,Galatasaray,paris saint-germain,galatasaray,5,0,FRA,TUR,2019-20,UEFA,False
2020-02-18,Borussia Dortmund,Paris Saint-Germain,borussia dortmund,paris saint-germain,2,1,GER,FRA,2019-20,UEFA,False
2020-02-18,Atlético Madrid,Liverpool FC,atlético madrid,liverpool,1,0,ESP,ENG,2019-20,UEFA,False
2020-02-19,Atalanta,Valencia CF,atalanta,valencia,4,1,ITA,ESP,2019-20,UEFA,False
2020-02-19,Tottenham Hotspur,RB Leipzig,tottenham hotspur,rb leipzig,0,1,ENG,GER,2019-20,UEFA,False
2020-02-25,Chelsea FC,Bayern München,chelsea,bayern münchen,0,3,ENG,GER,2019-20,UEFA,False
2020-02-25,SSC Napoli,FC Barcelona,ssc napoli,barcelona,1,1,ITA,ESP,2019-20,UEFA,False
2020-02-26,Olympique Lyonnais,Juventus,olympique lyonnais,juventus,1,0,FRA,ITA,2019-20,UEFA,False
2020-02-26,Real Madrid,Manchester City,real madrid,manchester city,1,2,ESP,ENG,2019-20,UEFA,False
2020-03-10,RB Leipzig,Tottenham Hotspur,rb leipzig,tottenham hotspur,3,0,GER,ENG,2019-20,UEFA,False
2020-03-10,Valencia CF,Atalanta,valencia,atalanta,3,4,ESP,ITA,2019-20,UEFA,False
2020-03-11,Liverpool FC,Atlético Madrid,liverpool,atlético madrid,2,3,ENG,ESP,2019-20,UEFA,False
2020-03-11,Paris Saint-Germain,Borussia Dortmund,paris saint-germain,borussia dortmund,2,0,FRA,GER,2019-20,UEFA,False
2020-08-07,Juventus,Olympique Lyonnais,juventus,olympique lyonnais,2,1,ITA,FRA,2019-20,UEFA,False
2020-08-07,Manchester City,Real Madrid,manchester city,real madrid,2,1,ENG,ESP,2019-20,UEFA,False
2020-08-08,Bayern München,Chelsea FC,bayern münchen,chelsea,4,1,GER,ENG,2019-20,UEFA,False
2020-08-08,FC Barcelona,SSC Napoli,barcelona,ssc napoli,3,1,ESP,ITA,2019-20,UEFA,False
2020-10-20,Chelsea FC,Sevilla FC,chelsea,sevilla,0,0,ENG,ESP,2020-21,UEFA,False
2020-10-20,Stade Rennais,FK Krasnodar,stade rennais,krasnodar,1,1,FRA,RUS,2020-21,UEFA,False
2020-10-20,Zenit St. Petersburg,Club Brugge KV,zenit st. petersburg,club brugge,1,2,RUS,BEL,2020-21,UEFA,False
2020-10-20,Lazio Roma,Borussia Dortmund,lazio roma,borussia dortmund,3,1,ITA,GER,2020-21,UEFA,False
2020-10-20,Dinamo Kiev,Juventus,dinamo kiev,juventus,0,2,UKR,ITA,2020-21,UEFA,False
2020-10-20,FC Barcelona,Ferencvárosi TC,barcelona,ferencvárosi tc,5,1,ESP,HUN,2020-21,UEFA,False
2020-10-20,RB Leipzig,İstanbul Başakşehir,rb leipzig,i̇stanbul başakşehir,2,0,GER,TUR,2020-21,UEFA,False
2020-10-20,Paris Saint-Germain,Manchester United,paris saint-germain,manchester united,1,2,FRA,ENG,2020-21,UEFA,False
2020-10-21,Olympiakos Piraeus,Olympique Marseille,olympiakos piraeus,olympique marseille,1,0,GRE,FRA,2020-21,UEFA,False
2020-10-21,Manchester City,FC Porto,manchester city,porto,3,1,ENG,POR,2020-21,UEFA,False
2020-10-21,Inter,Bor. Mönchengladbach,inter,bor. mönchengladbach,2,2,ITA,GER,2020-21,UEFA,False
2020-10-21,Real Madrid,Shakhtar Donetsk,real madrid,shakhtar donetsk,2,3,ESP,UKR,2020-21,UEFA,False
2020-10-21,AFC Ajax,Liverpool FC,ajax,liverpool,0,1,NED,ENG,2020-21,UEFA,False
2020-10-21,FC Midtjylland,Atalanta,midtjylland,atalanta,0,4,DEN,ITA,2020-21,UEFA,False
2020-10-21,RB Salzburg,Lokomotiv Moskva,rb salzburg,lokomotiv moskva,2,2,AUT,RUS,2020-21,UEFA,False
2020-10-21,Bayern München,Atlético Madrid,bayern münchen,atlético madrid,4,0,GER,ESP,2020-21,UEFA,False
2020-10-22,Wolfsberger AC,CSKA Moskva,wolfsberger,cska moskva,1,1,AUT,RUS,2020-21,UEFA,False
2020-10-22,PFC Ludogorets Razgrad,Royal Antwerp FC,pfc ludogorets razgrad,royal antwerp,1,2,BUL,BEL,2020-21,UEFA,False
2020-10-22,Tottenham Hotspur,LASK,tottenham hotspur,lask,3,0,ENG,AUT,2020-21,UEFA,False
2020-10-22,Villarreal CF,Sivasspor,villarreal,sivasspor,5,3,ESP,TUR,2020-21,UEFA,False
2020-10-22,Maccabi Tel Aviv,Qarabağ FK,maccabi tel aviv,qarabağ,1,0,ISR,AZE,2020-21,UEFA,False
2020-10-22,AC Sparta Praha,Lille OSC,sparta praha,lille osc,1,4,CZE,FRA,2020-21,UEFA,False
2020-10-22,Dinamo Zagreb,Feyenoord,dinamo zagreb,feyenoord,0,0,CRO,NED,2020-21,UEFA,False
2020-10-22,BSC Young Boys,AS Roma,young boys,roma,1,2,SUI,ITA,2020-21,UEFA,False
2020-10-22,HNK Rijeka,Real Sociedad,rijeka,real sociedad,0,1,CRO,ESP,2020-21,UEFA,False
2020-10-22,Sporting Braga,AEK Athen,sporting braga,aek athen,3,0,POR,GRE,2020-21,UEFA,False
2020-10-22,CSKA Sofia,CFR Cluj,cska sofia,cfr cluj,0,2,BUL,ROU,2020-21,UEFA,False
2020-10-22,Rapid Wien,Arsenal FC,rapid wien,arsenal,1,2,AUT,ENG,2020-21,UEFA,False
2020-10-22,Dundalk FC,Molde FK,dundalk,molde,1,2,IRL,NOR,2020-21,UEFA,False
2020-10-22,Bayer Leverkusen,OGC Nice,bayer leverkusen,ogc nice,6,2,GER,FRA,2020-21,UEFA,False
2020-10-22,Hapoel Be'er Sheva,Slavia Praha,hapoel be'er sheva,slavia praha,3,1,ISR,CZE,2020-21,UEFA,False
2020-10-22,Lech Poznań,SL Benfica,lech poznań,sl benfica,2,4,POL,POR,2020-21,UEFA,False
2020-10-22,Standard Liège,Rangers FC,standard liège,rangers,0,2,BEL,SCO,2020-21,UEFA,False
2020-10-22,PSV Eindhoven,Granada CF,psv eindhoven,granada,1,2,NED,ESP,2020-21,UEFA,False
2020-10-22,PAOK Saloniki,Omonia Nikosia,paok saloniki,omonia nikosia,1,1,GRE,CYP,2020-21,UEFA,False
2020-10-22,SSC Napoli,AZ Alkmaar,ssc napoli,az alkmaar,0,1,ITA,NED,2020-21,UEFA,False
2020-10-22,Leicester City,Zorya Lugansk,leicester city,zorya lugansk,3,0,ENG,UKR,2020-21,UEFA,False
2020-10-22,Celtic FC,AC Milan,celtic,milan,1,3,SCO,ITA,2020-21,UEFA,False
2020-10-22,Slovan Liberec,KAA Gent,slovan liberec,kaa gent,1,0,CZE,BEL,2020-21,UEFA,False
2020-10-22,1899 Hoffenheim,Crvena Zvezda,1899 hoffenheim,crvena zvezda,2,0,GER,SRB,2020-21,UEFA,False
2020-10-27,Liverpool FC,FC Midtjylland,liverpool,midtjylland,2,0,ENG,DEN,2020-21,UEFA,False
2020-10-27,Olympique Marseille,Manchester City,olympique marseille,manchester city,0,3,FRA,ENG,2020-21,UEFA,False
2020-10-27,Atlético Madrid,RB Salzburg,atlético madrid,rb salzburg,3,2,ESP,AUT,2020-21,UEFA,False
2020-10-27,Shakhtar Donetsk,Inter,shakhtar donetsk,inter,0,0,UKR,ITA,2020-21,UEFA,False
2020-10-27,Atalanta,AFC Ajax,atalanta,ajax,2,2,ITA,NED,2020-21,UEFA,False
2020-10-27,Lokomotiv Moskva,Bayern München,lokomotiv moskva,bayern münchen,1,2,RUS,GER,2020-21,UEFA,False
2020-10-27,Bor. Mönchengladbach,Real Madrid,bor. mönchengladbach,real madrid,2,2,GER,ESP,2020-21,UEFA,False
2020-10-27,FC Porto,Olympiakos Piraeus,porto,olympiakos piraeus,2,0,POR,GRE,2020-21,UEFA,False
2020-10-28,Juventus,FC Barcelona,juventus,barcelona,0,2,ITA,ESP,2020-21,UEFA,False
2020-10-28,Borussia Dortmund,Zenit St. Petersburg,borussia dortmund,zenit st. petersburg,2,0,GER,RUS,2020-21,UEFA,False
2020-10-28,İstanbul Başakşehir,Paris Saint-Germain,i̇stanbul başakşehir,paris saint-germain,0,2,TUR,FRA,2020-21,UEFA,False
2020-10-28,Manchester United,RB Leipzig,manchester united,rb leipzig,5,0,ENG,GER,2020-21,UEFA,False
2020-10-28,Sevilla FC,Stade Rennais,sevilla,stade rennais,1,0,ESP,FRA,2020-21,UEFA,False
2020-10-28,Club Brugge KV,Lazio Roma,club brugge,lazio roma,1,1,BEL,ITA,2020-21,UEFA,False
2020-10-28,FK Krasnodar,Chelsea FC,krasnodar,chelsea,0,4,RUS,ENG,2020-21,UEFA,False
2020-10-28,Ferencvárosi TC,Dinamo Kiev,ferencvárosi tc,dinamo kiev,2,2,HUN,UKR,2020-21,UEFA,False
2020-10-29,AEK Athen,Leicester City,aek athen,leicester city,1,2,GRE,ENG,2020-21,UEFA,False
2020-10-29,Real Sociedad,SSC Napoli,real sociedad,ssc napoli,0,1,ESP,ITA,2020-21,UEFA,False
2020-10-29,Omonia Nikosia,PSV Eindhoven,omonia nikosia,psv eindhoven,1,2,CYP,NED,2020-21,UEFA,False
2020-10-29,Granada CF,PAOK Saloniki,granada,paok saloniki,0,0,ESP,GRE,2020-21,UEFA,False
2020-10-29,Sivasspor,Maccabi Tel Aviv,sivasspor,maccabi tel aviv,1,2,TUR,ISR,2020-21,UEFA,False
2020-10-29,Lille OSC,Celtic FC,lille osc,celtic,2,2,FRA,SCO,2020-21,UEFA,False
2020-10-29,AC Milan,AC Sparta Praha,milan,sparta praha,3,0,ITA,CZE,2020-21,UEFA,False
2020-10-29,AZ Alkmaar,HNK Rijeka,az alkmaar,rijeka,4,1,NED,CRO,2020-21,UEFA,False
2020-10-29,Zorya Lugansk,Sporting Braga,zorya lugansk,sporting braga,1,2,UKR,POR,2020-21,UEFA,False
2020-10-29,Rangers FC,Lech Poznań,rangers,lech poznań,1,0,SCO,POL,2020-21,UEFA,False
2020-10-29,SL Benfica,Standard Liège,sl benfica,standard liège,3,0,POR,BEL,2020-21,UEFA,False
2020-10-29,CFR Cluj,BSC Young Boys,cfr cluj,young boys,1,1,ROU,SUI,2020-21,UEFA,False
2020-10-29,AS Roma,CSKA Sofia,roma,cska sofia,0,0,ITA,BUL,2020-21,UEFA,False
2020-10-29,Arsenal FC,Dundalk FC,arsenal,dundalk,3,0,ENG,IRL,2020-21,UEFA,False
2020-10-29,Feyenoord,Wolfsberger AC,feyenoord,wolfsberger,1,4,NED,AUT,2020-21,UEFA,False
2020-10-29,CSKA Moskva,Dinamo Zagreb,cska moskva,dinamo zagreb,0,0,RUS,CRO,2020-21,UEFA,False
2020-10-29,KAA Gent,1899 Hoffenheim,kaa gent,1899 hoffenheim,1,4,BEL,GER,2020-21,UEFA,False
2020-10-29,Crvena Zvezda,Slovan Liberec,crvena zvezda,slovan liberec,5,1,SRB,CZE,2020-21,UEFA,False
2020-10-29,Molde FK,Rapid Wien,molde,rapid wien,1,0,NOR,AUT,2020-21,UEFA,False
2020-10-29,Slavia Praha,Bayer Leverkusen,slavia praha,bayer leverkusen,1,0,CZE,GER,2020-21,UEFA,False
2020-10-29,LASK,PFC Ludogorets Razgrad,lask,pfc ludogorets razgrad,4,3,AUT,BUL,2020-21,UEFA,False
2020-10-29,OGC Nice,Hapoel Be'er Sheva,ogc nice,hapoel be'er sheva,1,0,FRA,ISR,2020-21,UEFA,False
2020-10-29,Qarabağ FK,Villarreal CF,qarabağ,villarreal,1,3,AZE,ESP,2020-21,UEFA,False
2020-10-29,Royal Antwerp FC,Tottenham Hotspur,royal antwerp,tottenham hotspur,1,0,BEL,ENG,2020-21,UEFA,False
2020-11-03,Shakhtar Donetsk,Bor. Mönchengladbach,shakhtar donetsk,bor. mönchengladbach,0,6,UKR,GER,2020-21,UEFA,False
2020-11-03,Real Madrid,Inter,real madrid,inter,3,2,ESP,ITA,2020-21,UEFA,False
2020-11-03,FC Porto,Olympique Marseille,porto,olympique marseille,3,0,POR,FRA,2020-21,UEFA,False
2020-11-03,Manchester City,Olympiakos Piraeus,manchester city,olympiakos piraeus,3,0,ENG,GRE,2020-21,UEFA,False
2020-11-03,Atalanta,Liverpool FC,atalanta,liverpool,0,5,ITA,ENG,2020-21,UEFA,False
2020-11-03,FC Midtjylland,AFC Ajax,midtjylland,ajax,1,2,DEN,NED,2020-21,UEFA,False
2020-11-03,RB Salzburg,Bayern München,rb salzburg,bayern münchen,2,6,AUT,GER,2020-21,UEFA,False
2020-11-03,Lokomotiv Moskva,Atlético Madrid,lokomotiv moskva,atlético madrid,1,1,RUS,ESP,2020-21,UEFA,False
2020-11-04,FC Barcelona,Dinamo Kiev,barcelona,dinamo kiev,2,1,ESP,UKR,2020-21,UEFA,False
2020-11-04,Club Brugge KV,Borussia Dortmund,club brugge,borussia dortmund,0,3,BEL,GER,2020-21,UEFA,False
2020-11-04,Sevilla FC,FK Krasnodar,sevilla,krasnodar,3,2,ESP,RUS,2020-21,UEFA,False
2020-11-04,Chelsea FC,Stade Rennais,chelsea,stade rennais,3,0,ENG,FRA,2020-21,UEFA,False
2020-11-04,Ferencvárosi TC,Juventus,ferencvárosi tc,juventus,1,4,HUN,ITA,2020-21,UEFA,False
2020-11-04,Zenit St. Petersburg,Lazio Roma,zenit st. petersburg,lazio roma,1,1,RUS,ITA,2020-21,UEFA,False
2020-11-04,RB Leipzig,Paris Saint-Germain,rb leipzig,paris saint-germain,2,1,GER,FRA,2020-21,UEFA,False
2020-11-04,İstanbul Başakşehir,Manchester United,i̇stanbul başakşehir,manchester united,2,1,TUR,ENG,2020-21,UEFA,False
2020-11-05,1899 Hoffenheim,Slovan Liberec,1899 hoffenheim,slovan liberec,5,0,GER,CZE,2020-21,UEFA,False
2020-11-05,Crvena Zvezda,KAA Gent,crvena zvezda,kaa gent,2,1,SRB,BEL,2020-21,UEFA,False
2020-11-05,Sivasspor,Qarabağ FK,sivasspor,qarabağ,2,0,TUR,AZE,2020-21,UEFA,False
2020-11-05,Royal Antwerp FC,LASK,royal antwerp,lask,0,1,BEL,AUT,2020-21,UEFA,False
2020-11-05,Rapid Wien,Dundalk FC,rapid wien,dundalk,4,3,AUT,IRL,2020-21,UEFA,False
2020-11-05,Arsenal FC,Molde FK,arsenal,molde,4,1,ENG,NOR,2020-21,UEFA,False
2020-11-05,Feyenoord,CSKA Moskva,feyenoord,cska moskva,3,1,NED,RUS,2020-21,UEFA,False
2020-11-05,Hapoel Be'er Sheva,Bayer Leverkusen,hapoel be'er sheva,bayer leverkusen,2,4,ISR,GER,2020-21,UEFA,False
2020-11-05,Slavia Praha,OGC Nice,slavia praha,ogc nice,3,2,CZE,FRA,2020-21,UEFA,False
2020-11-05,Dinamo Zagreb,Wolfsberger AC,dinamo zagreb,wolfsberger,1,0,CRO,AUT,2020-21,UEFA,False
2020-11-05,Villarreal CF,Maccabi Tel Aviv,villarreal,maccabi tel aviv,4,0,ESP,ISR,2020-21,UEFA,False
2020-11-05,PFC Ludogorets Razgrad,Tottenham Hotspur,pfc ludogorets razgrad,tottenham hotspur,1,3,BUL,ENG,2020-21,UEFA,False
2020-11-05,AS Roma,CFR Cluj,roma,cfr cluj,5,0,ITA,ROU,2020-21,UEFA,False
2020-11-05,Lech Poznań,Standard Liège,lech poznań,standard liège,3,1,POL,BEL,2020-21,UEFA,False
2020-11-05,SL Benfica,Rangers FC,sl benfica,rangers,3,3,POR,SCO,2020-21,UEFA,False
2020-11-05,Leicester City,Sporting Braga,leicester city,sporting braga,4,0,ENG,POR,2020-21,UEFA,False
2020-11-05,HNK Rijeka,SSC Napoli,rijeka,ssc napoli,1,2,CRO,ITA,2020-21,UEFA,False
2020-11-05,Real Sociedad,AZ Alkmaar,real sociedad,az alkmaar,1,0,ESP,NED,2020-21,UEFA,False
2020-11-05,Zorya Lugansk,AEK Athen,zorya lugansk,aek athen,1,4,UKR,GRE,2020-21,UEFA,False
2020-11-05,Celtic FC,AC Sparta Praha,celtic,sparta praha,1,4,SCO,CZE,2020-21,UEFA,False
2020-11-05,PAOK Saloniki,PSV Eindhoven,paok saloniki,psv eindhoven,4,1,GRE,NED,2020-21,UEFA,False
2020-11-05,AC Milan,Lille OSC,milan,lille osc,0,3,ITA,FRA,2020-21,UEFA,False
2020-11-05,Omonia Nikosia,Granada CF,omonia nikosia,granada,0,2,CYP,ESP,2020-21,UEFA,False
2020-11-05,BSC Young Boys,CSKA Sofia,young boys,cska sofia,3,0,SUI,BUL,2020-21,UEFA,False
2020-11-24,Stade Rennais,Chelsea FC,stade rennais,chelsea,1,2,FRA,ENG,2020-21,UEFA,False
2020-11-24,FK Krasnodar,Sevilla FC,krasnodar,sevilla,1,2,RUS,ESP,2020-21,UEFA,False
2020-11-24,Lazio Roma,Zenit St. Petersburg,lazio roma,zenit st. petersburg,3,1,ITA,RUS,2020-21,UEFA,False
2020-11-24,Borussia Dortmund,Club Brugge KV,borussia dortmund,club brugge,3,0,GER,BEL,2020-21,UEFA,False
2020-11-24,Dinamo Kiev,FC Barcelona,dinamo kiev,barcelona,0,4,UKR,ESP,2020-21,UEFA,False
2020-11-24,Paris Saint-Germain,RB Leipzig,paris saint-germain,rb leipzig,1,0,FRA,GER,2020-21,UEFA,False
2020-11-24,Manchester United,İstanbul Başakşehir,manchester united,i̇stanbul başakşehir,4,1,ENG,TUR,2020-21,UEFA,False
2020-11-24,Juventus,Ferencvárosi TC,juventus,ferencvárosi tc,2,1,ITA,HUN,2020-21,UEFA,False
2020-11-25,Atlético Madrid,Lokomotiv Moskva,atlético madrid,lokomotiv moskva,0,0,ESP,RUS,2020-21,UEFA,False
2020-11-25,Bayern München,RB Salzburg,bayern münchen,rb salzburg,3,1,GER,AUT,2020-21,UEFA,False
2020-11-25,Bor. Mönchengladbach,Shakhtar Donetsk,bor. mönchengladbach,shakhtar donetsk,4,0,GER,UKR,2020-21,UEFA,False
2020-11-25,Inter,Real Madrid,inter,real madrid,0,2,ITA,ESP,2020-21,UEFA,False
2020-11-25,AFC Ajax,FC Midtjylland,ajax,midtjylland,3,1,NED,DEN,2020-21,UEFA,False
2020-11-25,Liverpool FC,Atalanta,liverpool,atalanta,0,2,ENG,ITA,2020-21,UEFA,False
2020-11-25,Olympique Marseille,FC Porto,olympique marseille,porto,0,2,FRA,POR,2020-21,UEFA,False
2020-11-25,Olympiakos Piraeus,Manchester City,olympiakos piraeus,manchester city,0,1,GRE,ENG,2020-21,UEFA,False
2020-11-26,Bayer Leverkusen,Hapoel Be'er Sheva,bayer leverkusen,hapoel be'er sheva,4,1,GER,ISR,2020-21,UEFA,False
2020-11-26,OGC Nice,Slavia Praha,ogc nice,slavia praha,1,3,FRA,CZE,2020-21,UEFA,False
2020-11-26,CSKA Sofia,BSC Young Boys,cska sofia,young boys,0,1,BUL,SUI,2020-21,UEFA,False
2020-11-26,SSC Napoli,HNK Rijeka,ssc napoli,rijeka,2,0,ITA,CRO,2020-21,UEFA,False
2020-11-26,AZ Alkmaar,Real Sociedad,az alkmaar,real sociedad,0,0,NED,ESP,2020-21,UEFA,False
2020-11-26,Maccabi Tel Aviv,Villarreal CF,maccabi tel aviv,villarreal,1,1,ISR,ESP,2020-21,UEFA,False
2020-11-26,Tottenham Hotspur,PFC Ludogorets Razgrad,tottenham hotspur,pfc ludogorets razgrad,4,0,ENG,BUL,2020-21,UEFA,False
2020-11-26,Standard Liège,Lech Poznań,standard liège,lech poznań,2,1,BEL,POL,2020-21,UEFA,False
2020-11-26,Rangers FC,SL Benfica,rangers,sl benfica,2,2,SCO,POR,2020-21,UEFA,False
2020-11-26,Qarabağ FK,Sivasspor,qarabağ,sivasspor,2,3,AZE,TUR,2020-21,UEFA,False
2020-11-26,PSV Eindhoven,PAOK Saloniki,psv eindhoven,paok saloniki,3,2,NED,GRE,2020-21,UEFA,False
2020-11-26,LASK,Royal Antwerp FC,lask,royal antwerp,0,2,AUT,BEL,2020-21,UEFA,False
2020-11-26,Granada CF,Omonia Nikosia,granada,omonia nikosia,2,1,ESP,CYP,2020-21,UEFA,False
2020-11-26,CSKA Moskva,Feyenoord,cska moskva,feyenoord,0,0,RUS,NED,2020-21,UEFA,False
2020-11-26,Wolfsberger AC,Dinamo Zagreb,wolfsberger,dinamo zagreb,0,3,AUT,CRO,2020-21,UEFA,False
2020-11-26,CFR Cluj,AS Roma,cfr cluj,roma,0,2,ROU,ITA,2020-21,UEFA,False
2020-11-26,Dundalk FC,Rapid Wien,dundalk,rapid wien,1,3,IRL,AUT,2020-21,UEFA,False
2020-11-26,AC Sparta Praha,Celtic FC,sparta praha,celtic,4,1,CZE,SCO,2020-21,UEFA,False
2020-11-26,Sporting Braga,Leicester City,sporting braga,leicester city,3,3,POR,ENG,2020-21,UEFA,False
2020-11-26,Lille OSC,AC Milan,lille osc,milan,1,1,FRA,ITA,2020-21,UEFA,False
2020-11-26,Slovan Liberec,1899 Hoffenheim,slovan liberec,1899 hoffenheim,0,2,CZE,GER,2020-21,UEFA,False
2020-11-26,KAA Gent,Crvena Zvezda,kaa gent,crvena zvezda,0,2,BEL,SRB,2020-21,UEFA,False
2020-11-26,Molde FK,Arsenal FC,molde,arsenal,0,3,NOR,ENG,2020-21,UEFA,False
2020-11-26,AEK Athen,Zorya Lugansk,aek athen,zorya lugansk,0,3,GRE,UKR,2020-21,UEFA,False
2020-12-01,Bor. Mönchengladbach,Inter,bor. mönchengladbach,inter,2,3,GER,ITA,2020-21,UEFA,False
2020-12-01,Lokomotiv Moskva,RB Salzburg,lokomotiv moskva,rb salzburg,1,3,RUS,AUT,2020-21,UEFA,False
2020-12-01,Shakhtar Donetsk,Real Madrid,shakhtar donetsk,real madrid,2,0,UKR,ESP,2020-21,UEFA,False
2020-12-01,Liverpool FC,AFC Ajax,liverpool,ajax,1,0,ENG,NED,2020-21,UEFA,False
2020-12-01,Atalanta,FC Midtjylland,atalanta,midtjylland,1,1,ITA,DEN,2020-21,UEFA,False
2020-12-01,FC Porto,Manchester City,porto,manchester city,0,0,POR,ENG,2020-21,UEFA,False
2020-12-01,Olympique Marseille,Olympiakos Piraeus,olympique marseille,olympiakos piraeus,2,1,FRA,GRE,2020-21,UEFA,False
2020-12-01,Atlético Madrid,Bayern München,atlético madrid,bayern münchen,1,1,ESP,GER,2020-21,UEFA,False
2020-12-02,Ferencvárosi TC,FC Barcelona,ferencvárosi tc,barcelona,0,3,HUN,ESP,2020-21,UEFA,False
2020-12-02,Manchester United,Paris Saint-Germain,manchester united,paris saint-germain,1,3,ENG,FRA,2020-21,UEFA,False
2020-12-02,İstanbul Başakşehir,RB Leipzig,i̇stanbul başakşehir,rb leipzig,3,4,TUR,GER,2020-21,UEFA,False
2020-12-02,Juventus,Dinamo Kiev,juventus,dinamo kiev,3,0,ITA,UKR,2020-21,UEFA,False
2020-12-02,Club Brugge KV,Zenit St. Petersburg,club brugge,zenit st. petersburg,3,0,BEL,RUS,2020-21,UEFA,False
2020-12-02,Borussia Dortmund,Lazio Roma,borussia dortmund,lazio roma,1,1,GER,ITA,2020-21,UEFA,False
2020-12-02,FK Krasnodar,Stade Rennais,krasnodar,stade rennais,1,0,RUS,FRA,2020-21,UEFA,False
2020-12-02,Sevilla FC,Chelsea FC,sevilla,chelsea,0,4,ESP,ENG,2020-21,UEFA,False
2020-12-03,Molde FK,Dundalk FC,molde,dundalk,3,1,NOR,IRL,2020-21,UEFA,False
2020-12-03,Arsenal FC,Rapid Wien,arsenal,rapid wien,4,1,ENG,AUT,2020-21,UEFA,False
2020-12-03,Crvena Zvezda,1899 Hoffenheim,crvena zvezda,1899 hoffenheim,0,0,SRB,GER,2020-21,UEFA,False
2020-12-03,CSKA Moskva,Wolfsberger AC,cska moskva,wolfsberger,0,1,RUS,AUT,2020-21,UEFA,False
2020-12-03,Real Sociedad,HNK Rijeka,real sociedad,rijeka,2,2,ESP,CRO,2020-21,UEFA,False
2020-12-03,AZ Alkmaar,SSC Napoli,az alkmaar,ssc napoli,1,1,NED,ITA,2020-21,UEFA,False
2020-12-03,Feyenoord,Dinamo Zagreb,feyenoord,dinamo zagreb,0,2,NED,CRO,2020-21,UEFA,False
2020-12-03,Royal Antwerp FC,PFC Ludogorets Razgrad,royal antwerp,pfc ludogorets razgrad,3,1,BEL,BUL,2020-21,UEFA,False
2020-12-03,KAA Gent,Slovan Liberec,kaa gent,slovan liberec,1,2,BEL,CZE,2020-21,UEFA,False
2020-12-03,AEK Athen,Sporting Braga,aek athen,sporting braga,2,4,GRE,POR,2020-21,UEFA,False
2020-12-03,Slavia Praha,Hapoel Be'er Sheva,slavia praha,hapoel be'er sheva,3,0,CZE,ISR,2020-21,UEFA,False
2020-12-03,LASK,Tottenham Hotspur,lask,tottenham hotspur,3,3,AUT,ENG,2020-21,UEFA,False
2020-12-03,CFR Cluj,CSKA Sofia,cfr cluj,cska sofia,0,0,ROU,BUL,2020-21,UEFA,False
2020-12-03,Qarabağ FK,Maccabi Tel Aviv,qarabağ,maccabi tel aviv,1,1,AZE,ISR,2020-21,UEFA,False
2020-12-03,Sivasspor,Villarreal CF,sivasspor,villarreal,0,1,TUR,ESP,2020-21,UEFA,False
2020-12-03,AC Milan,Celtic FC,milan,celtic,4,2,ITA,SCO,2020-21,UEFA,False
2020-12-03,Omonia Nikosia,PAOK Saloniki,omonia nikosia,paok saloniki,2,1,CYP,GRE,2020-21,UEFA,False
2020-12-03,Granada CF,PSV Eindhoven,granada,psv eindhoven,0,1,ESP,NED,2020-21,UEFA,False
2020-12-03,Rangers FC,Standard Liège,rangers,standard liège,3,2,SCO,BEL,2020-21,UEFA,False
2020-12-03,Lille OSC,AC Sparta Praha,lille osc,sparta praha,2,1,FRA,CZE,2020-21,UEFA,False
2020-12-03,AS Roma,BSC Young Boys,roma,young boys,3,1,ITA,SUI,2020-21,UEFA,False
2020-12-03,Zorya Lugansk,Leicester City,zorya lugansk,leicester city,1,0,UKR,ENG,2020-21,UEFA,False
2020-12-03,SL Benfica,Lech Poznań,sl benfica,lech poznań,4,0,POR,POL,2020-21,UEFA,False
2020-12-03,OGC Nice,Bayer Leverkusen,ogc nice,bayer leverkusen,2,3,FRA,GER,2020-21,UEFA,False
2020-12-08,Dinamo Kiev,Ferencvárosi TC,dinamo kiev,ferencvárosi tc,1,0,UKR,HUN,2020-21,UEFA,False
2020-12-08,Zenit St. Petersburg,Borussia Dortmund,zenit st. petersburg,borussia dortmund,1,2,RUS,GER,2020-21,UEFA,False
2020-12-08,Stade Rennais,Sevilla FC,stade rennais,sevilla,1,3,FRA,ESP,2020-21,UEFA,False
2020-12-08,RB Leipzig,Manchester United,rb leipzig,manchester united,3,2,GER,ENG,2020-21,UEFA,False
2020-12-08,Lazio Roma,Club Brugge KV,lazio roma,club brugge,2,2,ITA,BEL,2020-21,UEFA,False
2020-12-08,Chelsea FC,FK Krasnodar,chelsea,krasnodar,1,1,ENG,RUS,2020-21,UEFA,False
2020-12-08,FC Barcelona,Juventus,barcelona,juventus,0,3,ESP,ITA,2020-21,UEFA,False
2020-12-09,Real Madrid,Bor. Mönchengladbach,real madrid,bor. mönchengladbach,2,0,ESP,GER,2020-21,UEFA,False
2020-12-09,Inter,Shakhtar Donetsk,inter,shakhtar donetsk,0,0,ITA,UKR,2020-21,UEFA,False
2020-12-09,Olympiakos Piraeus,FC Porto,olympiakos piraeus,porto,0,2,GRE,POR,2020-21,UEFA,False
2020-12-09,Bayern München,Lokomotiv Moskva,bayern münchen,lokomotiv moskva,2,0,GER,RUS,2020-21,UEFA,False
2020-12-09,Paris Saint-Germain,İstanbul Başakşehir,paris saint-germain,i̇stanbul başakşehir,5,1,FRA,TUR,2020-21,UEFA,False
2020-12-09,RB Salzburg,Atlético Madrid,rb salzburg,atlético madrid,0,2,AUT,ESP,2020-21,UEFA,False
2020-12-09,FC Midtjylland,Liverpool FC,midtjylland,liverpool,1,1,DEN,ENG,2020-21,UEFA,False
2020-12-09,Manchester City,Olympique Marseille,manchester city,olympique marseille,3,0,ENG,FRA,2020-21,UEFA,False
2020-12-09,AFC Ajax,Atalanta,ajax,atalanta,0,1,NED,ITA,2020-21,UEFA,False
2020-12-10,Tottenham Hotspur,Royal Antwerp FC,tottenham hotspur,royal antwerp,2,0,ENG,BEL,2020-21,UEFA,False
2020-12-10,PFC Ludogorets Razgrad,LASK,pfc ludogorets razgrad,lask,1,3,BUL,AUT,2020-21,UEFA,False
2020-12-10,Dinamo Zagreb,CSKA Moskva,dinamo zagreb,cska moskva,3,1,CRO,RUS,2020-21,UEFA,False
2020-12-10,Wolfsberger AC,Feyenoord,wolfsberger,feyenoord,1,0,AUT,NED,2020-21,UEFA,False
2020-12-10,Villarreal CF,Qarabağ FK,villarreal,qarabağ,3,0,ESP,AZE,2020-21,UEFA,False
2020-12-10,Maccabi Tel Aviv,Sivasspor,maccabi tel aviv,sivasspor,1,0,ISR,TUR,2020-21,UEFA,False
2020-12-10,HNK Rijeka,AZ Alkmaar,rijeka,az alkmaar,2,1,CRO,NED,2020-21,UEFA,False
2020-12-10,AC Sparta Praha,AC Milan,sparta praha,milan,0,1,CZE,ITA,2020-21,UEFA,False
2020-12-10,CSKA Sofia,AS Roma,cska sofia,roma,3,1,BUL,ITA,2020-21,UEFA,False
2020-12-10,BSC Young Boys,CFR Cluj,young boys,cfr cluj,2,1,SUI,ROU,2020-21,UEFA,False
2020-12-10,Dundalk FC,Arsenal FC,dundalk,arsenal,2,4,IRL,ENG,2020-21,UEFA,False
2020-12-10,1899 Hoffenheim,KAA Gent,1899 hoffenheim,kaa gent,4,1,GER,BEL,2020-21,UEFA,False
2020-12-10,Slovan Liberec,Crvena Zvezda,slovan liberec,crvena zvezda,0,0,CZE,SRB,2020-21,UEFA,False
2020-12-10,Bayer Leverkusen,Slavia Praha,bayer leverkusen,slavia praha,4,0,GER,CZE,2020-21,UEFA,False
2020-12-10,Hapoel Be'er Sheva,OGC Nice,hapoel be'er sheva,ogc nice,1,0,ISR,FRA,2020-21,UEFA,False
2020-12-10,Celtic FC,Lille OSC,celtic,lille osc,3,2,SCO,FRA,2020-21,UEFA,False
2020-12-10,Lech Poznań,Rangers FC,lech poznań,rangers,0,2,POL,SCO,2020-21,UEFA,False
2020-12-10,Standard Liège,SL Benfica,standard liège,sl benfica,2,2,BEL,POR,2020-21,UEFA,False
2020-12-10,Rapid Wien,Molde FK,rapid wien,molde,2,2,AUT,NOR,2020-21,UEFA,False
2020-12-10,Sporting Braga,Zorya Lugansk,sporting braga,zorya lugansk,2,0,POR,UKR,2020-21,UEFA,False
2020-12-10,Leicester City,AEK Athen,leicester city,aek athen,2,0,ENG,GRE,2020-21,UEFA,False
2020-12-10,SSC Napoli,Real Sociedad,ssc napoli,real sociedad,1,1,ITA,ESP,2020-21,UEFA,False
2020-12-10,PAOK Saloniki,Granada CF,paok saloniki,granada,0,0,GRE,ESP,2020-21,UEFA,False
2020-12-10,PSV Eindhoven,Omonia Nikosia,psv eindhoven,omonia nikosia,4,0,NED,CYP,2020-21,UEFA,False
2021-02-16,RB Leipzig,Liverpool FC,rb leipzig,liverpool,0,2,GER,ENG,2020-21,UEFA,False
2021-02-16,FC Barcelona,Paris Saint-Germain,barcelona,paris saint-germain,1,4,ESP,FRA,2020-21,UEFA,False
2021-02-17,Sevilla FC,Borussia Dortmund,sevilla,borussia dortmund,2,3,ESP,GER,2020-21,UEFA,False
2021-02-17,FC Porto,Juventus,porto,juventus,2,1,POR,ITA,2020-21,UEFA,False
2021-02-18,Molde FK,1899 Hoffenheim,molde,1899 hoffenheim,3,3,NOR,GER,2020-21,UEFA,False
2021-02-18,Dinamo Kiev,Club Brugge KV,dinamo kiev,club brugge,1,1,UKR,BEL,2020-21,UEFA,False
2021-02-18,Wolfsberger AC,Tottenham Hotspur,wolfsberger,tottenham hotspur,1,4,AUT,ENG,2020-21,UEFA,False
2021-02-18,Real Sociedad,Manchester United,real sociedad,manchester united,0,4,ESP,ENG,2020-21,UEFA,False
2021-02-18,Lille OSC,AFC Ajax,lille osc,ajax,1,2,FRA,NED,2020-21,UEFA,False
2021-02-18,Crvena Zvezda,AC Milan,crvena zvezda,milan,2,2,SRB,ITA,2020-21,UEFA,False
2021-02-18,Slavia Praha,Leicester City,slavia praha,leicester city,0,0,CZE,ENG,2020-21,UEFA,False
2021-02-18,Sporting Braga,AS Roma,sporting braga,roma,0,2,POR,ITA,2020-21,UEFA,False
2021-02-18,FK Krasnodar,Dinamo Zagreb,krasnodar,dinamo zagreb,2,3,RUS,CRO,2020-21,UEFA,False
2021-02-18,BSC Young Boys,Bayer Leverkusen,young boys,bayer leverkusen,4,3,SUI,GER,2020-21,UEFA,False
2021-02-18,Maccabi Tel Aviv,Shakhtar Donetsk,maccabi tel aviv,shakhtar donetsk,0,2,ISR,UKR,2020-21,UEFA,False
2021-02-18,SL Benfica,Arsenal FC,sl benfica,arsenal,1,1,POR,ENG,2020-21,UEFA,False
2021-02-18,Royal Antwerp FC,Rangers FC,royal antwerp,rangers,3,4,BEL,SCO,2020-21,UEFA,False
2021-02-18,Granada CF,SSC Napoli,granada,ssc napoli,2,0,ESP,ITA,2020-21,UEFA,False
2021-02-18,Olympiakos Piraeus,PSV Eindhoven,olympiakos piraeus,psv eindhoven,4,2,GRE,NED,2020-21,UEFA,False
2021-02-18,RB Salzburg,Villarreal CF,rb salzburg,villarreal,0,2,AUT,ESP,2020-21,UEFA,False
2021-02-23,Lazio Roma,Bayern München,lazio roma,bayern münchen,1,4,ITA,GER,2020-21,UEFA,False
2021-02-23,Atlético Madrid,Chelsea FC,atlético madrid,chelsea,0,1,ESP,ENG,2020-21,UEFA,False
2021-02-24,Bor. Mönchengladbach,Manchester City,bor. mönchengladbach,manchester city,0,2,GER,ENG,2020-21,UEFA,False
2021-02-24,Tottenham Hotspur,Wolfsberger AC,tottenham hotspur,wolfsberger,4,0,ENG,AUT,2020-21,UEFA,False
2021-02-24,Atalanta,Real Madrid,atalanta,real madrid,0,1,ITA,ESP,2020-21,UEFA,False
2021-02-25,Leicester City,Slavia Praha,leicester city,slavia praha,0,2,ENG,CZE,2020-21,UEFA,False
2021-02-25,AC Milan,Crvena Zvezda,milan,crvena zvezda,1,1,ITA,SRB,2020-21,UEFA,False
2021-02-25,Manchester United,Real Sociedad,manchester united,real sociedad,0,0,ENG,ESP,2020-21,UEFA,False
2021-02-25,Club Brugge KV,Dinamo Kiev,club brugge,dinamo kiev,0,1,BEL,UKR,2020-21,UEFA,False
2021-02-25,Dinamo Zagreb,FK Krasnodar,dinamo zagreb,krasnodar,1,0,CRO,RUS,2020-21,UEFA,False
2021-02-25,SSC Napoli,Granada CF,ssc napoli,granada,2,1,ITA,ESP,2020-21,UEFA,False
2021-02-25,1899 Hoffenheim,Molde FK,1899 hoffenheim,molde,0,2,GER,NOR,2020-21,UEFA,False
2021-02-25,Villarreal CF,RB Salzburg,villarreal,rb salzburg,2,1,ESP,AUT,2020-21,UEFA,False
2021-02-25,Rangers FC,Royal Antwerp FC,rangers,royal antwerp,5,2,SCO,BEL,2020-21,UEFA,False
2021-02-25,Arsenal FC,SL Benfica,arsenal,sl benfica,3,2,ENG,POR,2020-21,UEFA,False
2021-02-25,Bayer Leverkusen,BSC Young Boys,bayer leverkusen,young boys,0,2,GER,SUI,2020-21,UEFA,False
2021-02-25,PSV Eindhoven,Olympiakos Piraeus,psv eindhoven,olympiakos piraeus,2,1,NED,GRE,2020-21,UEFA,False
2021-02-25,AS Roma,Sporting Braga,roma,sporting braga,3,1,ITA,POR,2020-21,UEFA,False
2021-02-25,Shakhtar Donetsk,Maccabi Tel Aviv,shakhtar donetsk,maccabi tel aviv,1,0,UKR,ISR,2020-21,UEFA,False
2021-02-25,AFC Ajax,Lille OSC,ajax,lille osc,2,1,NED,FRA,2020-21,UEFA,False
2021-03-09,Borussia Dortmund,Sevilla FC,borussia dortmund,sevilla,2,2,GER,ESP,2020-21,UEFA,False
2021-03-09,Juventus,FC Porto,juventus,porto,3,2,ITA,POR,2020-21,UEFA,False
2021-03-10,Liverpool FC,RB Leipzig,liverpool,rb leipzig,2,0,ENG,GER,2020-21,UEFA,False
2021-03-10,Paris Saint-Germain,FC Barcelona,paris saint-germain,barcelona,1,1,FRA,ESP,2020-21,UEFA,False
2021-03-11,Granada CF,Molde FK,granada,molde,2,0,ESP,NOR,2020-21,UEFA,False
2021-03-11,Manchester United,AC Milan,manchester united,milan,1,1,ENG,ITA,2020-21,UEFA,False
2021-03-11,Olympiakos Piraeus,Arsenal FC,olympiakos piraeus,arsenal,1,3,GRE,ENG,2020-21,UEFA,False
2021-03-11,AS Roma,Shakhtar Donetsk,roma,shakhtar donetsk,3,0,ITA,UKR,2020-21,UEFA,False
2021-03-11,Tottenham Hotspur,Dinamo Zagreb,tottenham hotspur,dinamo zagreb,2,0,ENG,CRO,2020-21,UEFA,False
2021-03-11,Slavia Praha,Rangers FC,slavia praha,rangers,1,1,CZE,SCO,2020-21,UEFA,False
2021-03-11,AFC Ajax,BSC Young Boys,ajax,young boys,3,0,NED,SUI,2020-21,UEFA,False
2021-03-11,Dinamo Kiev,Villarreal CF,dinamo kiev,villarreal,0,2,UKR,ESP,2020-21,UEFA,False
2021-03-16,Real Madrid,Atalanta,real madrid,atalanta,3,1,ESP,ITA,2020-21,UEFA,False
2021-03-16,Manchester City,Bor. Mönchengladbach,manchester city,bor. mönchengladbach,2,0,ENG,GER,2020-21,UEFA,False
2021-03-17,Bayern München,Lazio Roma,bayern münchen,lazio roma,2,1,GER,ITA,2020-21,UEFA,False
2021-03-17,Chelsea FC,Atlético Madrid,chelsea,atlético madrid,2,0,ENG,ESP,2020-21,UEFA,False
2021-03-18,Shakhtar Donetsk,AS Roma,shakhtar donetsk,roma,1,2,UKR,ITA,2020-21,UEFA,False
2021-03-18,Arsenal FC,Olympiakos Piraeus,arsenal,olympiakos piraeus,0,1,ENG,GRE,2020-21,UEFA,False
2021-03-18,Molde FK,Granada CF,molde,granada,2,1,NOR,ESP,2020-21,UEFA,False
2021-03-18,BSC Young Boys,AFC Ajax,young boys,ajax,0,2,SUI,NED,2020-21,UEFA,False
2021-03-18,Villarreal CF,Dinamo Kiev,villarreal,dinamo kiev,2,0,ESP,UKR,2020-21,UEFA,False
2021-03-18,AC Milan,Manchester United,milan,manchester united,0,1,ITA,ENG,2020-21,UEFA,False
2021-03-18,Rangers FC,Slavia Praha,rangers,slavia praha,0,2,SCO,CZE,2020-21,UEFA,False
2021-03-18,Dinamo Zagreb,Tottenham Hotspur,dinamo zagreb,tottenham hotspur,3,0,CRO,ENG,2020-21,UEFA,False
2021-04-06,Manchester City,Borussia Dortmund,manchester city,borussia dortmund,2,1,ENG,GER,2020-21,UEFA,False
2021-04-06,Real Madrid,Liverpool FC,real madrid,liverpool,3,1,ESP,ENG,2020-21,UEFA,False
2021-04-07,FC Porto,Chelsea FC,porto,chelsea,0,2,POR,ENG,2020-21,UEFA,False
2021-04-07,Bayern München,Paris Saint-Germain,bayern münchen,paris saint-germain,2,3,GER,FRA,2020-21,UEFA,False
2021-04-08,Dinamo Zagreb,Villarreal CF,dinamo zagreb,villarreal,0,1,CRO,ESP,2020-21,UEFA,False
2021-04-08,Granada CF,Manchester United,granada,manchester united,0,2,ESP,ENG,2020-21,UEFA,False
2021-04-08,Arsenal FC,Slavia Praha,arsenal,slavia praha,1,1,ENG,CZE,2020-21,UEFA,False
2021-04-08,AFC Ajax,AS Roma,ajax,roma,1,2,NED,ITA,2020-21,UEFA,False
2021-04-13,Chelsea FC,FC Porto,chelsea,porto,0,1,ENG,POR,2020-21,UEFA,False
2021-04-13,Paris Saint-Germain,Bayern München,paris saint-germain,bayern münchen,0,1,FRA,GER,2020-21,UEFA,False
2021-04-14,Borussia Dortmund,Manchester City,borussia dortmund,manchester city,1,2,GER,ENG,2020-21,UEFA,False
2021-04-14,Liverpool FC,Real Madrid,liverpool,real madrid,0,0,ENG,ESP,2020-21,UEFA,False
2021-04-15,Villarreal CF,Dinamo Zagreb,villarreal,dinamo zagreb,2,1,ESP,CRO,2020-21,UEFA,False
2021-04-15,Slavia Praha,Arsenal FC,slavia praha,arsenal,0,4,CZE,ENG,2020-21,UEFA,False
2021-04-15,AS Roma,AFC Ajax,roma,ajax,1,1,ITA,NED,2020-21,UEFA,False
2021-04-15,Manchester United,Granada CF,manchester united,granada,2,0,ENG,ESP,2020-21,UEFA,False
2021-04-27,Real Madrid,Chelsea FC,real madrid,chelsea,1,1,ESP,ENG,2020-21,UEFA,False
2021-04-28,Paris Saint-Germain,Manchester City,paris saint-germain,manchester city,1,2,FRA,ENG,2020-21,UEFA,False
2021-04-29,Manchester United,AS Roma,manchester united,roma,6,2,ENG,ITA,2020-21,UEFA,False
2021-04-29,Villarreal CF,Arsenal FC,villarreal,arsenal,2,1,ESP,ENG,2020-21,UEFA,False
2021-05-04,Manchester City,Paris Saint-Germain,manchester city,paris saint-germain,2,0,ENG,FRA,2020-21,UEFA,False
2021-05-05,Chelsea FC,Real Madrid,chelsea,real madrid,2,0,ENG,ESP,2020-21,UEFA,False
2021-05-06,AS Roma,Manchester United,roma,manchester united,3,2,ITA,ENG,2020-21,UEFA,False
2021-05-06,Arsenal FC,Villarreal CF,arsenal,villarreal,0,0,ENG,ESP,2020-21,UEFA,False
2021-05-26,Villarreal CF,Manchester United,villarreal,manchester united,11,10,ESP,ENG,2020-21,UEFA,False
2021-05-29,Manchester City,Chelsea FC,manchester city,chelsea,0,1,ENG,ENG,2020-21,UEFA,False
2021-09-14,Chelsea FC,Zenit St. Petersburg,chelsea,zenit st. petersburg,1,0,ENG,RUS,2021-22,UEFA,False
2021-09-14,BSC Young Boys,Manchester United,young boys,manchester united,2,1,SUI,ENG,2021-22,UEFA,False
2021-09-14,Villarreal CF,Atalanta,villarreal,atalanta,2,2,ESP,ITA,2021-22,UEFA,False
2021-09-14,Maccabi Haifa,Feyenoord,maccabi haifa,feyenoord,0,0,ISR,NED,2021-22,UEFA,False
2021-09-14,Dinamo Kiev,SL Benfica,dinamo kiev,sl benfica,0,0,UKR,POR,2021-22,UEFA,False
2021-09-14,Sevilla FC,RB Salzburg,sevilla,rb salzburg,1,1,ESP,AUT,2021-22,UEFA,False
2021-09-14,Malmö FF,Juventus,malmö ff,juventus,0,3,SWE,ITA,2021-22,UEFA,False
2021-09-14,Maccabi Tel Aviv,FC Alashkert,maccabi tel aviv,alashkert,4,1,ISR,ARM,2021-22,UEFA,False
2021-09-14,FC Barcelona,Bayern München,barcelona,bayern münchen,0,3,ESP,GER,2021-22,UEFA,False
2021-09-14,Lille OSC,VfL Wolfsburg,lille osc,wolfsburg,0,0,FRA,GER,2021-22,UEFA,False
2021-09-15,Beşiktaş,Borussia Dortmund,beşiktaş,borussia dortmund,1,2,TUR,GER,2021-22,UEFA,False
2021-09-15,Sporting CP,AFC Ajax,sporting cp,ajax,1,5,POR,NED,2021-22,UEFA,False
2021-09-15,Liverpool FC,AC Milan,liverpool,milan,3,2,ENG,ITA,2021-22,UEFA,False
2021-09-15,Inter,Real Madrid,inter,real madrid,0,1,ITA,ESP,2021-22,UEFA,False
2021-09-15,FC Sheriff,Shakhtar Donetsk,sheriff,shakhtar donetsk,2,0,MDA,UKR,2021-22,UEFA,False
2021-09-15,Spartak Moskva,Legia Warszawa,spartak moskva,legia warszawa,0,1,RUS,POL,2021-22,UEFA,False
2021-09-15,Club Brugge KV,Paris Saint-Germain,club brugge,paris saint-germain,1,1,BEL,FRA,2021-22,UEFA,False
2021-09-15,Manchester City,RB Leipzig,manchester city,rb leipzig,6,3,ENG,GER,2021-22,UEFA,False
2021-09-15,Atlético Madrid,FC Porto,atlético madrid,porto,0,0,ESP,POR,2021-22,UEFA,False
2021-09-16,Lincoln Red Imps,PAOK Saloniki,lincoln red imps,paok saloniki,0,2,GIB,GRE,2021-22,UEFA,False
2021-09-16,NŠ Mura,Vitesse,nš mura,vitesse,0,2,SVN,NED,2021-22,UEFA,False
2021-09-16,Lokomotiv Moskva,Olympique Marseille,lokomotiv moskva,olympique marseille,1,1,RUS,FRA,2021-22,UEFA,False
2021-09-16,Olympiakos Piraeus,Royal Antwerp FC,olympiakos piraeus,royal antwerp,2,1,GRE,BEL,2021-22,UEFA,False
2021-09-16,Stade Rennais,Tottenham Hotspur,stade rennais,tottenham hotspur,2,2,FRA,ENG,2021-22,UEFA,False
2021-09-16,FK Kairat,Omonia Nikosia,kairat,omonia nikosia,0,0,KAZ,CYP,2021-22,UEFA,False
2021-09-16,Qarabağ FK,FC Basel 1893,qarabağ,basel 1893,0,0,AZE,SUI,2021-22,UEFA,False
2021-09-16,Slovan Bratislava,FC København,slovan bratislava,københavn,1,3,SVK,DEN,2021-22,UEFA,False
2021-09-16,Eintracht Frankfurt,Fenerbahçe,eintracht frankfurt,fenerbahçe,1,1,GER,TUR,2021-22,UEFA,False
2021-09-16,Brøndby IF,AC Sparta Praha,brøndby if,sparta praha,0,0,DEN,CZE,2021-22,UEFA,False
2021-09-16,Rangers FC,Olympique Lyonnais,rangers,olympique lyonnais,0,2,SCO,FRA,2021-22,UEFA,False
2021-09-16,Leicester City,SSC Napoli,leicester city,ssc napoli,2,2,ENG,ITA,2021-22,UEFA,False
2021-09-16,Galatasaray,Lazio Roma,galatasaray,lazio roma,1,0,TUR,ITA,2021-22,UEFA,False
2021-09-16,Crvena Zvezda,Sporting Braga,crvena zvezda,sporting braga,2,1,SRB,POR,2021-22,UEFA,False
2021-09-16,FC Flora,KAA Gent,flora,kaa gent,0,1,EST,BEL,2021-22,UEFA,False
2021-09-16,PSV Eindhoven,Real Sociedad,psv eindhoven,real sociedad,2,2,NED,ESP,2021-22,UEFA,False
2021-09-16,Rapid Wien,KRC Genk,rapid wien,krc genk,0,1,AUT,BEL,2021-22,UEFA,False
2021-09-16,Dinamo Zagreb,West Ham United,dinamo zagreb,west ham united,0,2,CRO,ENG,2021-22,UEFA,False
2021-09-16,FK Bodø/Glimt,Zorya Lugansk,bodø/glimt,zorya lugansk,3,1,NOR,UKR,2021-22,UEFA,False
2021-09-16,FC Midtjylland,PFC Ludogorets Razgrad,midtjylland,pfc ludogorets razgrad,1,1,DEN,BUL,2021-22,UEFA,False
2021-09-16,AS Roma,CSKA Sofia,roma,cska sofia,5,1,ITA,BUL,2021-22,UEFA,False
2021-09-16,AS Monaco,Sturm Graz,monaco,sturm graz,1,0,FRA,AUT,2021-22,UEFA,False
2021-09-16,Randers FC,AZ Alkmaar,randers,az alkmaar,2,2,DEN,NED,2021-22,UEFA,False
2021-09-16,FK Jablonec,CFR Cluj,jablonec,cfr cluj,1,0,CZE,ROU,2021-22,UEFA,False
2021-09-16,Real Betis,Celtic FC,real betis,celtic,4,3,ESP,SCO,2021-22,UEFA,False
2021-09-16,Bayer Leverkusen,Ferencvárosi TC,bayer leverkusen,ferencvárosi tc,2,1,GER,HUN,2021-22,UEFA,False
2021-09-16,HJK Helsinki,LASK,hjk helsinki,lask,0,2,FIN,AUT,2021-22,UEFA,False
2021-09-16,Anorthosis Famagusta,Partizan,anorthosis famagusta,partizan,0,2,CYP,SRB,2021-22,UEFA,False
2021-09-16,Slavia Praha,1. FC Union Berlin,slavia praha,union berlin,3,1,CZE,GER,2021-22,UEFA,False
2021-09-28,AFC Ajax,Beşiktaş,ajax,beşiktaş,2,0,NED,TUR,2021-22,UEFA,False
2021-09-28,Paris Saint-Germain,Manchester City,paris saint-germain,manchester city,2,0,FRA,ENG,2021-22,UEFA,False
2021-09-28,FC Porto,Liverpool FC,porto,liverpool,1,5,POR,ENG,2021-22,UEFA,False
2021-09-28,Shakhtar Donetsk,Inter,shakhtar donetsk,inter,0,0,UKR,ITA,2021-22,UEFA,False
2021-09-28,RB Leipzig,Club Brugge KV,rb leipzig,club brugge,1,2,GER,BEL,2021-22,UEFA,False
2021-09-28,Real Madrid,FC Sheriff,real madrid,sheriff,1,2,ESP,MDA,2021-22,UEFA,False
2021-09-28,AC Milan,Atlético Madrid,milan,atlético madrid,1,2,ITA,ESP,2021-22,UEFA,False
2021-09-28,Borussia Dortmund,Sporting CP,borussia dortmund,sporting cp,1,0,GER,POR,2021-22,UEFA,False
2021-09-29,Bayern München,Dinamo Kiev,bayern münchen,dinamo kiev,5,0,GER,UKR,2021-22,UEFA,False
2021-09-29,SL Benfica,FC Barcelona,sl benfica,barcelona,3,0,POR,ESP,2021-22,UEFA,False
2021-09-29,Juventus,Chelsea FC,juventus,chelsea,1,0,ITA,ENG,2021-22,UEFA,False
2021-09-29,VfL Wolfsburg,Sevilla FC,wolfsburg,sevilla,1,1,GER,ESP,2021-22,UEFA,False
2021-09-29,RB Salzburg,Lille OSC,rb salzburg,lille osc,2,1,AUT,FRA,2021-22,UEFA,False
2021-09-29,Atalanta,BSC Young Boys,atalanta,young boys,1,0,ITA,SUI,2021-22,UEFA,False
2021-09-29,Manchester United,Villarreal CF,manchester united,villarreal,2,1,ENG,ESP,2021-22,UEFA,False
2021-09-29,Zenit St. Petersburg,Malmö FF,zenit st. petersburg,malmö ff,4,0,RUS,SWE,2021-22,UEFA,False
2021-09-30,AC Sparta Praha,Rangers FC,sparta praha,rangers,1,0,CZE,SCO,2021-22,UEFA,False
2021-09-30,Olympique Lyonnais,Brøndby IF,olympique lyonnais,brøndby if,3,0,FRA,DEN,2021-22,UEFA,False
2021-09-30,Feyenoord,Slavia Praha,feyenoord,slavia praha,2,1,NED,CZE,2021-22,UEFA,False
2021-09-30,CSKA Sofia,FK Bodø/Glimt,cska sofia,bodø/glimt,0,0,BUL,NOR,2021-22,UEFA,False
2021-09-30,Omonia Nikosia,Qarabağ FK,omonia nikosia,qarabağ,1,4,CYP,AZE,2021-22,UEFA,False
2021-09-30,LASK,Maccabi Tel Aviv,lask,maccabi tel aviv,1,1,AUT,ISR,2021-22,UEFA,False
2021-09-30,FC Alashkert,HJK Helsinki,alashkert,hjk helsinki,2,4,ARM,FIN,2021-22,UEFA,False
2021-09-30,Vitesse,Stade Rennais,vitesse,stade rennais,1,2,NED,FRA,2021-22,UEFA,False
2021-09-30,Tottenham Hotspur,NŠ Mura,tottenham hotspur,nš mura,5,1,ENG,SVN,2021-22,UEFA,False
2021-09-30,AZ Alkmaar,FK Jablonec,az alkmaar,jablonec,1,0,NED,CZE,2021-22,UEFA,False
2021-09-30,PAOK Saloniki,Slovan Bratislava,paok saloniki,slovan bratislava,1,1,GRE,SVK,2021-22,UEFA,False
2021-09-30,FC København,Lincoln Red Imps,københavn,lincoln red imps,3,1,DEN,GIB,2021-22,UEFA,False
2021-09-30,CFR Cluj,Randers FC,cfr cluj,randers,1,1,ROU,DEN,2021-22,UEFA,False
2021-09-30,1. FC Union Berlin,Maccabi Haifa,union berlin,maccabi haifa,3,0,GER,ISR,2021-22,UEFA,False
2021-09-30,Zorya Lugansk,AS Roma,zorya lugansk,roma,0,3,UKR,ITA,2021-22,UEFA,False
2021-09-30,FC Basel 1893,FK Kairat,basel 1893,kairat,4,2,SUI,KAZ,2021-22,UEFA,False
2021-09-30,Partizan,FC Flora,partizan,flora,2,0,SRB,EST,2021-22,UEFA,False
2021-09-30,Sturm Graz,PSV Eindhoven,sturm graz,psv eindhoven,1,4,AUT,NED,2021-22,UEFA,False
2021-09-30,Real Sociedad,AS Monaco,real sociedad,monaco,1,1,ESP,FRA,2021-22,UEFA,False
2021-09-30,Fenerbahçe,Olympiakos Piraeus,fenerbahçe,olympiakos piraeus,0,3,TUR,GRE,2021-22,UEFA,False
2021-09-30,Royal Antwerp FC,Eintracht Frankfurt,royal antwerp,eintracht frankfurt,0,1,BEL,GER,2021-22,UEFA,False
2021-09-30,KAA Gent,Anorthosis Famagusta,kaa gent,anorthosis famagusta,2,0,BEL,CYP,2021-22,UEFA,False
2021-09-30,PFC Ludogorets Razgrad,Crvena Zvezda,pfc ludogorets razgrad,crvena zvezda,0,1,BUL,SRB,2021-22,UEFA,False
2021-09-30,Sporting Braga,FC Midtjylland,sporting braga,midtjylland,3,1,POR,DEN,2021-22,UEFA,False
2021-09-30,Lazio Roma,Lokomotiv Moskva,lazio roma,lokomotiv moskva,2,0,ITA,RUS,2021-22,UEFA,False
2021-09-30,SSC Napoli,Spartak Moskva,ssc napoli,spartak moskva,2,3,ITA,RUS,2021-22,UEFA,False
2021-09-30,Celtic FC,Bayer Leverkusen,celtic,bayer leverkusen,0,4,SCO,GER,2021-22,UEFA,False
2021-09-30,Legia Warszawa,Leicester City,legia warszawa,leicester city,1,0,POL,ENG,2021-22,UEFA,False
2021-09-30,KRC Genk,Dinamo Zagreb,krc genk,dinamo zagreb,0,3,BEL,CRO,2021-22,UEFA,False
2021-09-30,West Ham United,Rapid Wien,west ham united,rapid wien,2,0,ENG,AUT,2021-22,UEFA,False
2021-09-30,Ferencvárosi TC,Real Betis,ferencvárosi tc,real betis,1,3,HUN,ESP,2021-22,UEFA,False
2021-09-30,Olympique Marseille,Galatasaray,olympique marseille,galatasaray,0,0,FRA,TUR,2021-22,UEFA,False
2021-10-19,Celtic FC,Ferencvárosi TC,celtic,ferencvárosi tc,2,0,SCO,HUN,2021-22,UEFA,False
2021-10-19,FC Porto,AC Milan,porto,milan,1,0,POR,ITA,2021-22,UEFA,False
2021-10-19,Beşiktaş,Sporting CP,beşiktaş,sporting cp,1,4,TUR,POR,2021-22,UEFA,False
2021-10-19,AFC Ajax,Borussia Dortmund,ajax,borussia dortmund,4,0,NED,GER,2021-22,UEFA,False
2021-10-19,Atlético Madrid,Liverpool FC,atlético madrid,liverpool,2,3,ESP,ENG,2021-22,UEFA,False
2021-10-19,Paris Saint-Germain,RB Leipzig,paris saint-germain,rb leipzig,3,2,FRA,GER,2021-22,UEFA,False
2021-10-19,Shakhtar Donetsk,Real Madrid,shakhtar donetsk,real madrid,0,5,UKR,ESP,2021-22,UEFA,False
2021-10-19,Club Brugge KV,Manchester City,club brugge,manchester city,1,5,BEL,ENG,2021-22,UEFA,False
2021-10-19,Inter,FC Sheriff,inter,sheriff,3,1,ITA,MDA,2021-22,UEFA,False
2021-10-20,RB Salzburg,VfL Wolfsburg,rb salzburg,wolfsburg,3,1,AUT,GER,2021-22,UEFA,False
2021-10-20,FC Barcelona,Dinamo Kiev,barcelona,dinamo kiev,1,0,ESP,UKR,2021-22,UEFA,False
2021-10-20,BSC Young Boys,Villarreal CF,young boys,villarreal,1,4,SUI,ESP,2021-22,UEFA,False
2021-10-20,Zenit St. Petersburg,Juventus,zenit st. petersburg,juventus,0,1,RUS,ITA,2021-22,UEFA,False
2021-10-20,Manchester United,Atalanta,manchester united,atalanta,3,2,ENG,ITA,2021-22,UEFA,False
2021-10-20,Spartak Moskva,Leicester City,spartak moskva,leicester city,3,4,RUS,ENG,2021-22,UEFA,False
2021-10-20,Lille OSC,Sevilla FC,lille osc,sevilla,0,0,FRA,ESP,2021-22,UEFA,False
2021-10-20,Chelsea FC,Malmö FF,chelsea,malmö ff,4,0,ENG,SWE,2021-22,UEFA,False
2021-10-20,SL Benfica,Bayern München,sl benfica,bayern münchen,0,4,POR,GER,2021-22,UEFA,False
2021-10-21,AC Sparta Praha,Olympique Lyonnais,sparta praha,olympique lyonnais,3,4,CZE,FRA,2021-22,UEFA,False
2021-10-21,Partizan,KAA Gent,partizan,kaa gent,0,1,SRB,BEL,2021-22,UEFA,False
2021-10-21,FK Bodø/Glimt,AS Roma,bodø/glimt,roma,6,1,NOR,ITA,2021-22,UEFA,False
2021-10-21,CSKA Sofia,Zorya Lugansk,cska sofia,zorya lugansk,0,1,BUL,UKR,2021-22,UEFA,False
2021-10-21,Real Betis,Bayer Leverkusen,real betis,bayer leverkusen,1,1,ESP,GER,2021-22,UEFA,False
2021-10-21,Anorthosis Famagusta,FC Flora,anorthosis famagusta,flora,2,2,CYP,EST,2021-22,UEFA,False
2021-10-21,Sturm Graz,Real Sociedad,sturm graz,real sociedad,0,1,AUT,ESP,2021-22,UEFA,False
2021-10-21,PSV Eindhoven,AS Monaco,psv eindhoven,monaco,1,2,NED,FRA,2021-22,UEFA,False
2021-10-21,West Ham United,KRC Genk,west ham united,krc genk,3,0,ENG,BEL,2021-22,UEFA,False
2021-10-21,Rapid Wien,Dinamo Zagreb,rapid wien,dinamo zagreb,2,1,AUT,CRO,2021-22,UEFA,False
2021-10-21,Eintracht Frankfurt,Olympiakos Piraeus,eintracht frankfurt,olympiakos piraeus,3,1,GER,GRE,2021-22,UEFA,False
2021-10-21,PFC Ludogorets Razgrad,Sporting Braga,pfc ludogorets razgrad,sporting braga,0,1,BUL,POR,2021-22,UEFA,False
2021-10-21,CFR Cluj,AZ Alkmaar,cfr cluj,az alkmaar,0,1,ROU,NED,2021-22,UEFA,False
2021-10-21,FK Jablonec,Randers FC,jablonec,randers,2,2,CZE,DEN,2021-22,UEFA,False
2021-10-21,FC Midtjylland,Crvena Zvezda,midtjylland,crvena zvezda,1,1,DEN,SRB,2021-22,UEFA,False
2021-10-21,FC Basel 1893,Omonia Nikosia,basel 1893,omonia nikosia,3,1,SUI,CYP,2021-22,UEFA,False
2021-10-21,Qarabağ FK,FK Kairat,qarabağ,kairat,2,1,AZE,KAZ,2021-22,UEFA,False
2021-10-21,Feyenoord,1. FC Union Berlin,feyenoord,union berlin,3,1,NED,GER,2021-22,UEFA,False
2021-10-21,Maccabi Haifa,Slavia Praha,maccabi haifa,slavia praha,1,0,ISR,CZE,2021-22,UEFA,False
2021-10-21,SSC Napoli,Legia Warszawa,ssc napoli,legia warszawa,3,0,ITA,POL,2021-22,UEFA,False
2021-10-21,Fenerbahçe,Royal Antwerp FC,fenerbahçe,royal antwerp,2,2,TUR,BEL,2021-22,UEFA,False
2021-10-21,Vitesse,Tottenham Hotspur,vitesse,tottenham hotspur,1,0,NED,ENG,2021-22,UEFA,False
2021-10-21,Lazio Roma,Olympique Marseille,lazio roma,olympique marseille,0,0,ITA,FRA,2021-22,UEFA,False
2021-10-21,FC København,PAOK Saloniki,københavn,paok saloniki,1,2,DEN,GRE,2021-22,UEFA,False
2021-10-21,NŠ Mura,Stade Rennais,nš mura,stade rennais,1,2,SVN,FRA,2021-22,UEFA,False
2021-10-21,Rangers FC,Brøndby IF,rangers,brøndby if,2,0,SCO,DEN,2021-22,UEFA,False
2021-10-21,Lokomotiv Moskva,Galatasaray,lokomotiv moskva,galatasaray,0,1,RUS,TUR,2021-22,UEFA,False
2021-10-21,Slovan Bratislava,Lincoln Red Imps,slovan bratislava,lincoln red imps,2,0,SVK,GIB,2021-22,UEFA,False
2021-10-21,FC Alashkert,LASK,alashkert,lask,0,3,ARM,AUT,2021-22,UEFA,False
2021-10-21,HJK Helsinki,Maccabi Tel Aviv,hjk helsinki,maccabi tel aviv,0,5,FIN,ISR,2021-22,UEFA,False
2021-11-02,Malmö FF,Chelsea FC,malmö ff,chelsea,0,1,SWE,ENG,2021-22,UEFA,False
2021-11-02,Juventus,Zenit St. Petersburg,juventus,zenit st. petersburg,4,2,ITA,RUS,2021-22,UEFA,False
2021-11-02,Sevilla FC,Lille OSC,sevilla,lille osc,1,2,ESP,FRA,2021-22,UEFA,False
2021-11-02,VfL Wolfsburg,RB Salzburg,wolfsburg,rb salzburg,2,1,GER,AUT,2021-22,UEFA,False
2021-11-02,Villarreal CF,BSC Young Boys,villarreal,young boys,2,0,ESP,SUI,2021-22,UEFA,False
2021-11-02,Atalanta,Manchester United,atalanta,manchester united,2,2,ITA,ENG,2021-22,UEFA,False
2021-11-02,Bayern München,SL Benfica,bayern münchen,sl benfica,5,2,GER,POR,2021-22,UEFA,False
2021-11-02,Dinamo Kiev,FC Barcelona,dinamo kiev,barcelona,0,1,UKR,ESP,2021-22,UEFA,False
2021-11-03,RB Leipzig,Paris Saint-Germain,rb leipzig,paris saint-germain,2,2,GER,FRA,2021-22,UEFA,False
2021-11-03,Sporting CP,Beşiktaş,sporting cp,beşiktaş,4,0,POR,TUR,2021-22,UEFA,False
2021-11-03,Borussia Dortmund,AFC Ajax,borussia dortmund,ajax,1,3,GER,NED,2021-22,UEFA,False
2021-11-03,FC Sheriff,Inter,sheriff,inter,1,3,MDA,ITA,2021-22,UEFA,False
2021-11-03,Real Madrid,Shakhtar Donetsk,real madrid,shakhtar donetsk,2,1,ESP,UKR,2021-22,UEFA,False
2021-11-03,Liverpool FC,Atlético Madrid,liverpool,atlético madrid,2,0,ENG,ESP,2021-22,UEFA,False
2021-11-03,AC Milan,FC Porto,milan,porto,1,1,ITA,POR,2021-22,UEFA,False
2021-11-03,Manchester City,Club Brugge KV,manchester city,club brugge,4,1,ENG,BEL,2021-22,UEFA,False
2021-11-04,Sporting Braga,PFC Ludogorets Razgrad,sporting braga,pfc ludogorets razgrad,4,2,POR,BUL,2021-22,UEFA,False
2021-11-04,Crvena Zvezda,FC Midtjylland,crvena zvezda,midtjylland,0,1,SRB,DEN,2021-22,UEFA,False
2021-11-04,PAOK Saloniki,FC København,paok saloniki,københavn,1,2,GRE,DEN,2021-22,UEFA,False
2021-11-04,Lincoln Red Imps,Slovan Bratislava,lincoln red imps,slovan bratislava,1,4,GIB,SVK,2021-22,UEFA,False
2021-11-04,Stade Rennais,NŠ Mura,stade rennais,nš mura,1,0,FRA,SVN,2021-22,UEFA,False
2021-11-04,Tottenham Hotspur,Vitesse,tottenham hotspur,vitesse,3,2,ENG,NED,2021-22,UEFA,False
2021-11-04,Legia Warszawa,SSC Napoli,legia warszawa,ssc napoli,1,4,POL,ITA,2021-22,UEFA,False
2021-11-04,Galatasaray,Lokomotiv Moskva,galatasaray,lokomotiv moskva,1,1,TUR,RUS,2021-22,UEFA,False
2021-11-04,FK Kairat,Qarabağ FK,kairat,qarabağ,1,2,KAZ,AZE,2021-22,UEFA,False
2021-11-04,Omonia Nikosia,FC Basel 1893,omonia nikosia,basel 1893,1,1,CYP,SUI,2021-22,UEFA,False
2021-11-04,Slavia Praha,Maccabi Haifa,slavia praha,maccabi haifa,1,0,CZE,ISR,2021-22,UEFA,False
2021-11-04,Royal Antwerp FC,Fenerbahçe,royal antwerp,fenerbahçe,0,3,BEL,TUR,2021-22,UEFA,False
2021-11-04,Olympiakos Piraeus,Eintracht Frankfurt,olympiakos piraeus,eintracht frankfurt,1,2,GRE,GER,2021-22,UEFA,False
2021-11-04,Leicester City,Spartak Moskva,leicester city,spartak moskva,1,1,ENG,RUS,2021-22,UEFA,False
2021-11-04,Real Sociedad,Sturm Graz,real sociedad,sturm graz,1,1,ESP,AUT,2021-22,UEFA,False
2021-11-04,AS Monaco,PSV Eindhoven,monaco,psv eindhoven,0,0,FRA,NED,2021-22,UEFA,False
2021-11-04,Olympique Lyonnais,AC Sparta Praha,olympique lyonnais,sparta praha,3,0,FRA,CZE,2021-22,UEFA,False
2021-11-04,Olympique Marseille,Lazio Roma,olympique marseille,lazio roma,2,2,FRA,ITA,2021-22,UEFA,False
2021-11-04,1. FC Union Berlin,Feyenoord,union berlin,feyenoord,1,2,GER,NED,2021-22,UEFA,False
2021-11-04,Brøndby IF,Rangers FC,brøndby if,rangers,1,1,DEN,SCO,2021-22,UEFA,False
2021-11-04,Bayer Leverkusen,Real Betis,bayer leverkusen,real betis,4,0,GER,ESP,2021-22,UEFA,False
2021-11-04,LASK,FC Alashkert,lask,alashkert,2,0,AUT,ARM,2021-22,UEFA,False
2021-11-04,Maccabi Tel Aviv,HJK Helsinki,maccabi tel aviv,hjk helsinki,3,0,ISR,FIN,2021-22,UEFA,False
2021-11-04,Ferencvárosi TC,Celtic FC,ferencvárosi tc,celtic,2,3,HUN,SCO,2021-22,UEFA,False
2021-11-04,Dinamo Zagreb,Rapid Wien,dinamo zagreb,rapid wien,3,1,CRO,AUT,2021-22,UEFA,False
2021-11-04,Randers FC,FK Jablonec,randers,jablonec,2,2,DEN,CZE,2021-22,UEFA,False
2021-11-04,FC Flora,Anorthosis Famagusta,flora,anorthosis famagusta,2,2,EST,CYP,2021-22,UEFA,False
2021-11-04,KAA Gent,Partizan,kaa gent,partizan,1,1,BEL,SRB,2021-22,UEFA,False
2021-11-04,AZ Alkmaar,CFR Cluj,az alkmaar,cfr cluj,2,0,NED,ROU,2021-22,UEFA,False
2021-11-04,KRC Genk,West Ham United,krc genk,west ham united,2,2,BEL,ENG,2021-22,UEFA,False
2021-11-04,Zorya Lugansk,CSKA Sofia,zorya lugansk,cska sofia,2,0,UKR,BUL,2021-22,UEFA,False
2021-11-04,AS Roma,FK Bodø/Glimt,roma,bodø/glimt,2,2,ITA,NOR,2021-22,UEFA,False
2021-11-23,Villarreal CF,Manchester United,villarreal,manchester united,0,2,ESP,ENG,2021-22,UEFA,False
2021-11-23,Dinamo Kiev,Bayern München,dinamo kiev,bayern münchen,1,2,UKR,GER,2021-22,UEFA,False
2021-11-23,BSC Young Boys,Atalanta,young boys,atalanta,3,3,SUI,ITA,2021-22,UEFA,False
2021-11-23,Chelsea FC,Juventus,chelsea,juventus,4,0,ENG,ITA,2021-22,UEFA,False
2021-11-23,Sevilla FC,VfL Wolfsburg,sevilla,wolfsburg,2,0,ESP,GER,2021-22,UEFA,False
2021-11-23,Lille OSC,RB Salzburg,lille osc,rb salzburg,1,0,FRA,AUT,2021-22,UEFA,False
2021-11-23,FC Barcelona,SL Benfica,barcelona,sl benfica,0,0,ESP,POR,2021-22,UEFA,False
2021-11-23,Malmö FF,Zenit St. Petersburg,malmö ff,zenit st. petersburg,1,1,SWE,RUS,2021-22,UEFA,False
2021-11-24,FC Sheriff,Real Madrid,sheriff,real madrid,0,3,MDA,ESP,2021-22,UEFA,False
2021-11-24,Sporting CP,Borussia Dortmund,sporting cp,borussia dortmund,3,1,POR,GER,2021-22,UEFA,False
2021-11-24,Inter,Shakhtar Donetsk,inter,shakhtar donetsk,2,0,ITA,UKR,2021-22,UEFA,False
2021-11-24,Club Brugge KV,RB Leipzig,club brugge,rb leipzig,0,5,BEL,GER,2021-22,UEFA,False
2021-11-24,Manchester City,Paris Saint-Germain,manchester city,paris saint-germain,2,1,ENG,FRA,2021-22,UEFA,False
2021-11-24,Spartak Moskva,SSC Napoli,spartak moskva,ssc napoli,2,1,RUS,ITA,2021-22,UEFA,False
2021-11-24,Atlético Madrid,AC Milan,atlético madrid,milan,0,1,ESP,ITA,2021-22,UEFA,False
2021-11-24,Liverpool FC,FC Porto,liverpool,porto,2,0,ENG,POR,2021-22,UEFA,False
2021-11-24,Beşiktaş,AFC Ajax,beşiktaş,ajax,1,2,TUR,NED,2021-22,UEFA,False
2021-11-25,Rapid Wien,West Ham United,rapid wien,west ham united,0,2,AUT,ENG,2021-22,UEFA,False
2021-11-25,Dinamo Zagreb,KRC Genk,dinamo zagreb,krc genk,1,1,CRO,BEL,2021-22,UEFA,False
2021-11-25,Olympiakos Piraeus,Fenerbahçe,olympiakos piraeus,fenerbahçe,1,0,GRE,TUR,2021-22,UEFA,False
2021-11-25,Eintracht Frankfurt,Royal Antwerp FC,eintracht frankfurt,royal antwerp,2,2,GER,BEL,2021-22,UEFA,False
2021-11-25,FK Bodø/Glimt,CSKA Sofia,bodø/glimt,cska sofia,2,0,NOR,BUL,2021-22,UEFA,False
2021-11-25,AS Roma,Zorya Lugansk,roma,zorya lugansk,4,0,ITA,UKR,2021-22,UEFA,False
2021-11-25,HJK Helsinki,FC Alashkert,hjk helsinki,alashkert,1,0,FIN,ARM,2021-22,UEFA,False
2021-11-25,PSV Eindhoven,Sturm Graz,psv eindhoven,sturm graz,2,0,NED,AUT,2021-22,UEFA,False
2021-11-25,AS Monaco,Real Sociedad,monaco,real sociedad,2,1,FRA,ESP,2021-22,UEFA,False
2021-11-25,Anorthosis Famagusta,KAA Gent,anorthosis famagusta,kaa gent,1,0,CYP,BEL,2021-22,UEFA,False
2021-11-25,FK Kairat,FC Basel 1893,kairat,basel 1893,2,3,KAZ,SUI,2021-22,UEFA,False
2021-11-25,Maccabi Haifa,1. FC Union Berlin,maccabi haifa,union berlin,0,1,ISR,GER,2021-22,UEFA,False
2021-11-25,Slavia Praha,Feyenoord,slavia praha,feyenoord,2,2,CZE,NED,2021-22,UEFA,False
2021-11-25,Bayer Leverkusen,Celtic FC,bayer leverkusen,celtic,3,2,GER,SCO,2021-22,UEFA,False
2021-11-25,FC Midtjylland,Sporting Braga,midtjylland,sporting braga,3,2,DEN,POR,2021-22,UEFA,False
2021-11-25,Real Betis,Ferencvárosi TC,real betis,ferencvárosi tc,2,0,ESP,HUN,2021-22,UEFA,False
2021-11-25,Lincoln Red Imps,FC København,lincoln red imps,københavn,0,4,GIB,DEN,2021-22,UEFA,False
2021-11-25,Slovan Bratislava,PAOK Saloniki,slovan bratislava,paok saloniki,0,0,SVK,GRE,2021-22,UEFA,False
2021-11-25,Crvena Zvezda,PFC Ludogorets Razgrad,crvena zvezda,pfc ludogorets razgrad,1,0,SRB,BUL,2021-22,UEFA,False
2021-11-25,Qarabağ FK,Omonia Nikosia,qarabağ,omonia nikosia,2,2,AZE,CYP,2021-22,UEFA,False
2021-11-25,FC Flora,Partizan,flora,partizan,1,0,EST,SRB,2021-22,UEFA,False
2021-11-25,Rangers FC,AC Sparta Praha,rangers,sparta praha,2,0,SCO,CZE,2021-22,UEFA,False
2021-11-25,Randers FC,CFR Cluj,randers,cfr cluj,2,1,DEN,ROU,2021-22,UEFA,False
2021-11-25,FK Jablonec,AZ Alkmaar,jablonec,az alkmaar,1,1,CZE,NED,2021-22,UEFA,False
2021-11-25,NŠ Mura,Tottenham Hotspur,nš mura,tottenham hotspur,2,1,SVN,ENG,2021-22,UEFA,False
2021-11-25,Stade Rennais,Vitesse,stade rennais,vitesse,3,3,FRA,NED,2021-22,UEFA,False
2021-11-25,Lokomotiv Moskva,Lazio Roma,lokomotiv moskva,lazio roma,0,3,RUS,ITA,2021-22,UEFA,False
2021-11-25,Galatasaray,Olympique Marseille,galatasaray,olympique marseille,4,2,TUR,FRA,2021-22,UEFA,False
2021-11-25,Maccabi Tel Aviv,LASK,maccabi tel aviv,lask,0,1,ISR,AUT,2021-22,UEFA,False
2021-11-25,Brøndby IF,Olympique Lyonnais,brøndby if,olympique lyonnais,1,3,DEN,FRA,2021-22,UEFA,False
2021-11-25,Leicester City,Legia Warszawa,leicester city,legia warszawa,3,1,ENG,POL,2021-22,UEFA,False
2021-12-07,AFC Ajax,Sporting CP,ajax,sporting cp,4,2,NED,POR,2021-22,UEFA,False
2021-12-07,FC Porto,Atlético Madrid,porto,atlético madrid,1,3,POR,ESP,2021-22,UEFA,False
2021-12-07,Shakhtar Donetsk,FC Sheriff,shakhtar donetsk,sheriff,1,1,UKR,MDA,2021-22,UEFA,False
2021-12-07,Paris Saint-Germain,Club Brugge KV,paris saint-germain,club brugge,4,1,FRA,BEL,2021-22,UEFA,False
2021-12-07,AC Milan,Liverpool FC,milan,liverpool,1,2,ITA,ENG,2021-22,UEFA,False
2021-12-07,Real Madrid,Inter,real madrid,inter,2,0,ESP,ITA,2021-22,UEFA,False
2021-12-07,Borussia Dortmund,Beşiktaş,borussia dortmund,beşiktaş,5,0,GER,TUR,2021-22,UEFA,False
2021-12-07,RB Leipzig,Manchester City,rb leipzig,manchester city,2,1,GER,ENG,2021-22,UEFA,False
2021-12-08,RB Salzburg,Sevilla FC,rb salzburg,sevilla,1,0,AUT,ESP,2021-22,UEFA,False
2021-12-08,SL Benfica,Dinamo Kiev,sl benfica,dinamo kiev,2,0,POR,UKR,2021-22,UEFA,False
2021-12-08,Bayern München,FC Barcelona,bayern münchen,barcelona,3,0,GER,ESP,2021-22,UEFA,False
2021-12-08,Manchester United,BSC Young Boys,manchester united,young boys,1,1,ENG,SUI,2021-22,UEFA,False
2021-12-08,VfL Wolfsburg,Lille OSC,wolfsburg,lille osc,1,3,GER,FRA,2021-22,UEFA,False
2021-12-08,Juventus,Malmö FF,juventus,malmö ff,1,0,ITA,SWE,2021-22,UEFA,False
2021-12-08,Zenit St. Petersburg,Chelsea FC,zenit st. petersburg,chelsea,3,3,RUS,ENG,2021-22,UEFA,False
2021-12-09,AC Sparta Praha,Brøndby IF,sparta praha,brøndby if,2,0,CZE,DEN,2021-22,UEFA,False
2021-12-09,SSC Napoli,Leicester City,ssc napoli,leicester city,3,2,ITA,ENG,2021-22,UEFA,False
2021-12-09,Sporting Braga,Crvena Zvezda,sporting braga,crvena zvezda,1,1,POR,SRB,2021-22,UEFA,False
2021-12-09,PFC Ludogorets Razgrad,FC Midtjylland,pfc ludogorets razgrad,midtjylland,0,0,BUL,DEN,2021-22,UEFA,False
2021-12-09,Celtic FC,Real Betis,celtic,real betis,3,2,SCO,ESP,2021-22,UEFA,False
2021-12-09,Ferencvárosi TC,Bayer Leverkusen,ferencvárosi tc,bayer leverkusen,1,0,HUN,GER,2021-22,UEFA,False
2021-12-09,KRC Genk,Rapid Wien,krc genk,rapid wien,0,1,BEL,AUT,2021-22,UEFA,False
2021-12-09,Olympique Marseille,Lokomotiv Moskva,olympique marseille,lokomotiv moskva,1,0,FRA,RUS,2021-22,UEFA,False
2021-12-09,Lazio Roma,Galatasaray,lazio roma,galatasaray,0,0,ITA,TUR,2021-22,UEFA,False
2021-12-09,Legia Warszawa,Spartak Moskva,legia warszawa,spartak moskva,0,1,POL,RUS,2021-22,UEFA,False
2021-12-09,Atalanta,Villarreal CF,atalanta,villarreal,2,3,ITA,ESP,2021-22,UEFA,False
2021-12-09,West Ham United,Dinamo Zagreb,west ham united,dinamo zagreb,0,1,ENG,CRO,2021-22,UEFA,False
2021-12-09,Sturm Graz,AS Monaco,sturm graz,monaco,1,1,AUT,FRA,2021-22,UEFA,False
2021-12-09,Real Sociedad,PSV Eindhoven,real sociedad,psv eindhoven,3,0,ESP,NED,2021-22,UEFA,False
2021-12-09,Royal Antwerp FC,Olympiakos Piraeus,royal antwerp,olympiakos piraeus,1,0,BEL,GRE,2021-22,UEFA,False
2021-12-09,LASK,HJK Helsinki,lask,hjk helsinki,3,0,AUT,FIN,2021-22,UEFA,False
2021-12-09,Olympique Lyonnais,Rangers FC,olympique lyonnais,rangers,1,1,FRA,SCO,2021-22,UEFA,False
2021-12-09,Fenerbahçe,Eintracht Frankfurt,fenerbahçe,eintracht frankfurt,1,1,TUR,GER,2021-22,UEFA,False
2021-12-09,FC Alashkert,Maccabi Tel Aviv,alashkert,maccabi tel aviv,1,1,ARM,ISR,2021-22,UEFA,False
2021-12-09,CFR Cluj,FK Jablonec,cfr cluj,jablonec,2,0,ROU,CZE,2021-22,UEFA,False
2021-12-09,Omonia Nikosia,FK Kairat,omonia nikosia,kairat,0,0,CYP,KAZ,2021-22,UEFA,False
2021-12-09,FC Basel 1893,Qarabağ FK,basel 1893,qarabağ,3,0,SUI,AZE,2021-22,UEFA,False
2021-12-09,Tottenham Hotspur,Stade Rennais,tottenham hotspur,stade rennais,0,3,ENG,FRA,2021-22,UEFA,False
2021-12-09,PAOK Saloniki,Lincoln Red Imps,paok saloniki,lincoln red imps,2,0,GRE,GIB,2021-22,UEFA,False
2021-12-09,FC København,Slovan Bratislava,københavn,slovan bratislava,2,0,DEN,SVK,2021-22,UEFA,False
2021-12-09,Vitesse,NŠ Mura,vitesse,nš mura,3,1,NED,SVN,2021-22,UEFA,False
2021-12-09,AZ Alkmaar,Randers FC,az alkmaar,randers,1,0,NED,DEN,2021-22,UEFA,False
2021-12-09,Zorya Lugansk,FK Bodø/Glimt,zorya lugansk,bodø/glimt,1,1,UKR,NOR,2021-22,UEFA,False
2021-12-09,CSKA Sofia,AS Roma,cska sofia,roma,2,3,BUL,ITA,2021-22,UEFA,False
2021-12-09,KAA Gent,FC Flora,kaa gent,flora,1,0,BEL,EST,2021-22,UEFA,False
2021-12-09,Feyenoord,Maccabi Haifa,feyenoord,maccabi haifa,2,1,NED,ISR,2021-22,UEFA,False
2021-12-09,1. FC Union Berlin,Slavia Praha,union berlin,slavia praha,1,1,GER,CZE,2021-22,UEFA,False
2021-12-09,Partizan,Anorthosis Famagusta,partizan,anorthosis famagusta,1,1,SRB,CYP,2021-22,UEFA,False
2022-02-15,Paris Saint-Germain,Real Madrid,paris saint-germain,real madrid,1,0,FRA,ESP,2021-22,UEFA,False
2022-02-15,Sporting CP,Manchester City,sporting cp,manchester city,0,5,POR,ENG,2021-22,UEFA,False
2022-02-16,Inter,Liverpool FC,inter,liverpool,0,2,ITA,ENG,2021-22,UEFA,False
2022-02-16,RB Salzburg,Bayern München,rb salzburg,bayern münchen,1,1,AUT,GER,2021-22,UEFA,False
2022-02-17,Celtic FC,FK Bodø/Glimt,celtic,bodø/glimt,1,3,SCO,NOR,2021-22,UEFA,False
2022-02-17,FC Sheriff,Sporting Braga,sheriff,sporting braga,2,0,MDA,POR,2021-22,UEFA,False
2022-02-17,Borussia Dortmund,Rangers FC,borussia dortmund,rangers,2,4,GER,SCO,2021-22,UEFA,False
2022-02-17,PSV Eindhoven,Maccabi Tel Aviv,psv eindhoven,maccabi tel aviv,1,0,NED,ISR,2021-22,UEFA,False
2022-02-17,Fenerbahçe,Slavia Praha,fenerbahçe,slavia praha,2,3,TUR,CZE,2021-22,UEFA,False
2022-02-17,FC Midtjylland,PAOK Saloniki,midtjylland,paok saloniki,1,0,DEN,GRE,2021-22,UEFA,False
2022-02-17,Rapid Wien,Vitesse,rapid wien,vitesse,2,1,AUT,NED,2021-22,UEFA,False
2022-02-17,Olympique Marseille,Qarabağ FK,olympique marseille,qarabağ,3,1,FRA,AZE,2021-22,UEFA,False
2022-02-17,Leicester City,Randers FC,leicester city,randers,4,1,ENG,DEN,2021-22,UEFA,False
2022-02-17,Zenit St. Petersburg,Real Betis,zenit st. petersburg,real betis,2,3,RUS,ESP,2021-22,UEFA,False
2022-02-17,FC Barcelona,SSC Napoli,barcelona,ssc napoli,1,1,ESP,ITA,2021-22,UEFA,False
2022-02-17,AC Sparta Praha,Partizan,sparta praha,partizan,0,1,CZE,SRB,2021-22,UEFA,False
2022-02-17,FC Porto,Lazio Roma,porto,lazio roma,2,1,POR,ITA,2021-22,UEFA,False
2022-02-17,RB Leipzig,Real Sociedad,rb leipzig,real sociedad,2,2,GER,ESP,2021-22,UEFA,False
2022-02-17,Atalanta,Olympiakos Piraeus,atalanta,olympiakos piraeus,2,1,ITA,GRE,2021-22,UEFA,False
2022-02-17,Sevilla FC,Dinamo Zagreb,sevilla,dinamo zagreb,3,1,ESP,CRO,2021-22,UEFA,False
2022-02-22,Villarreal CF,Juventus,villarreal,juventus,1,1,ESP,ITA,2021-22,UEFA,False
2022-02-22,Chelsea FC,Lille OSC,chelsea,lille osc,2,0,ENG,FRA,2021-22,UEFA,False
2022-02-23,SL Benfica,AFC Ajax,sl benfica,ajax,2,2,POR,NED,2021-22,UEFA,False
2022-02-23,Atlético Madrid,Manchester United,atlético madrid,manchester united,1,1,ESP,ENG,2021-22,UEFA,False
2022-02-24,Sporting Braga,FC Sheriff,sporting braga,sheriff,3,2,POR,MDA,2021-22,UEFA,False
2022-02-24,Rangers FC,Borussia Dortmund,rangers,borussia dortmund,2,2,SCO,GER,2021-22,UEFA,False
2022-02-24,Real Betis,Zenit St. Petersburg,real betis,zenit st. petersburg,0,0,ESP,RUS,2021-22,UEFA,False
2022-02-24,SSC Napoli,FC Barcelona,ssc napoli,barcelona,2,4,ITA,ESP,2021-22,UEFA,False
2022-02-24,Qarabağ FK,Olympique Marseille,qarabağ,olympique marseille,0,3,AZE,FRA,2021-22,UEFA,False
2022-02-24,Slavia Praha,Fenerbahçe,slavia praha,fenerbahçe,3,2,CZE,TUR,2021-22,UEFA,False
2022-02-24,Lazio Roma,FC Porto,lazio roma,porto,2,2,ITA,POR,2021-22,UEFA,False
2022-02-24,Real Sociedad,RB Leipzig,real sociedad,rb leipzig,1,3,ESP,GER,2021-22,UEFA,False
2022-02-24,Vitesse,Rapid Wien,vitesse,rapid wien,2,0,NED,AUT,2021-22,UEFA,False
2022-02-24,Olympiakos Piraeus,Atalanta,olympiakos piraeus,atalanta,0,3,GRE,ITA,2021-22,UEFA,False
2022-02-24,PAOK Saloniki,FC Midtjylland,paok saloniki,midtjylland,5,3,GRE,DEN,2021-22,UEFA,False
2022-02-24,Partizan,AC Sparta Praha,partizan,sparta praha,2,1,SRB,CZE,2021-22,UEFA,False
2022-02-24,FK Bodø/Glimt,Celtic FC,bodø/glimt,celtic,2,0,NOR,SCO,2021-22,UEFA,False
2022-02-24,Randers FC,Leicester City,randers,leicester city,1,3,DEN,ENG,2021-22,UEFA,False
2022-02-24,Maccabi Tel Aviv,PSV Eindhoven,maccabi tel aviv,psv eindhoven,1,1,ISR,NED,2021-22,UEFA,False
2022-02-24,Dinamo Zagreb,Sevilla FC,dinamo zagreb,sevilla,1,0,CRO,ESP,2021-22,UEFA,False
2022-03-08,Bayern München,RB Salzburg,bayern münchen,rb salzburg,7,1,GER,AUT,2021-22,UEFA,False
2022-03-08,Liverpool FC,Inter,liverpool,inter,0,1,ENG,ITA,2021-22,UEFA,False
2022-03-09,Manchester City,Sporting CP,manchester city,sporting cp,0,0,ENG,POR,2021-22,UEFA,False
2022-03-09,Real Madrid,Paris Saint-Germain,real madrid,paris saint-germain,3,1,ESP,FRA,2021-22,UEFA,False
2022-03-09,Real Betis,Eintracht Frankfurt,real betis,eintracht frankfurt,1,2,ESP,GER,2021-22,UEFA,False
2022-03-09,FC Porto,Olympique Lyonnais,porto,olympique lyonnais,0,1,POR,FRA,2021-22,UEFA,False
2022-03-10,FC Barcelona,Galatasaray,barcelona,galatasaray,0,0,ESP,TUR,2021-22,UEFA,False
2022-03-10,Atalanta,Bayer Leverkusen,atalanta,bayer leverkusen,3,2,ITA,GER,2021-22,UEFA,False
2022-03-10,Sporting Braga,AS Monaco,sporting braga,monaco,2,0,POR,FRA,2021-22,UEFA,False
2022-03-10,Rangers FC,Crvena Zvezda,rangers,crvena zvezda,3,0,SCO,SRB,2021-22,UEFA,False
2022-03-10,Sevilla FC,West Ham United,sevilla,west ham united,1,0,ESP,ENG,2021-22,UEFA,False
2022-03-10,Partizan,Feyenoord,partizan,feyenoord,2,5,SRB,NED,2021-22,UEFA,False
2022-03-10,Slavia Praha,LASK,slavia praha,lask,4,1,CZE,AUT,2021-22,UEFA,False
2022-03-10,Olympique Marseille,FC Basel 1893,olympique marseille,basel 1893,2,1,FRA,SUI,2021-22,UEFA,False
2022-03-10,Leicester City,Stade Rennais,leicester city,stade rennais,2,0,ENG,FRA,2021-22,UEFA,False
2022-03-10,PSV Eindhoven,FC København,psv eindhoven,københavn,4,4,NED,DEN,2021-22,UEFA,False
2022-03-10,FK Bodø/Glimt,AZ Alkmaar,bodø/glimt,az alkmaar,2,1,NOR,NED,2021-22,UEFA,False
2022-03-10,Vitesse,AS Roma,vitesse,roma,0,1,NED,ITA,2021-22,UEFA,False
2022-03-10,PAOK Saloniki,KAA Gent,paok saloniki,kaa gent,1,0,GRE,BEL,2021-22,UEFA,False
2022-03-15,AFC Ajax,SL Benfica,ajax,sl benfica,0,1,NED,POR,2021-22,UEFA,False
2022-03-15,Manchester United,Atlético Madrid,manchester united,atlético madrid,0,1,ENG,ESP,2021-22,UEFA,False
2022-03-16,Lille OSC,Chelsea FC,lille osc,chelsea,1,2,FRA,ENG,2021-22,UEFA,False
2022-03-16,Juventus,Villarreal CF,juventus,villarreal,0,3,ITA,ESP,2021-22,UEFA,False
2022-03-17,LASK,Slavia Praha,lask,slavia praha,4,3,AUT,CZE,2021-22,UEFA,False
2022-03-17,AS Roma,Vitesse,roma,vitesse,1,1,ITA,NED,2021-22,UEFA,False
2022-03-17,KAA Gent,PAOK Saloniki,kaa gent,paok saloniki,1,2,BEL,GRE,2021-22,UEFA,False
2022-03-17,AZ Alkmaar,FK Bodø/Glimt,az alkmaar,bodø/glimt,2,2,NED,NOR,2021-22,UEFA,False
2022-03-17,FC København,PSV Eindhoven,københavn,psv eindhoven,0,4,DEN,NED,2021-22,UEFA,False
2022-03-17,Stade Rennais,Leicester City,stade rennais,leicester city,2,1,FRA,ENG,2021-22,UEFA,False
2022-03-17,FC Basel 1893,Olympique Marseille,basel 1893,olympique marseille,1,2,SUI,FRA,2021-22,UEFA,False
2022-03-17,Bayer Leverkusen,Atalanta,bayer leverkusen,atalanta,0,1,GER,ITA,2021-22,UEFA,False
2022-03-17,AS Monaco,Sporting Braga,monaco,sporting braga,1,1,FRA,POR,2021-22,UEFA,False
2022-03-17,Galatasaray,FC Barcelona,galatasaray,barcelona,1,2,TUR,ESP,2021-22,UEFA,False
2022-03-17,Feyenoord,Partizan,feyenoord,partizan,3,1,NED,SRB,2021-22,UEFA,False
2022-03-17,Crvena Zvezda,Rangers FC,crvena zvezda,rangers,2,1,SRB,SCO,2021-22,UEFA,False
2022-03-17,Olympique Lyonnais,FC Porto,olympique lyonnais,porto,1,1,FRA,POR,2021-22,UEFA,False
2022-03-17,West Ham United,Sevilla FC,west ham united,sevilla,2,0,ENG,ESP,2021-22,UEFA,False
2022-03-17,Eintracht Frankfurt,Real Betis,eintracht frankfurt,real betis,1,1,GER,ESP,2021-22,UEFA,False
2022-04-05,Manchester City,Atlético Madrid,manchester city,atlético madrid,1,0,ENG,ESP,2021-22,UEFA,False
2022-04-05,SL Benfica,Liverpool FC,sl benfica,liverpool,1,3,POR,ENG,2021-22,UEFA,False
2022-04-06,Chelsea FC,Real Madrid,chelsea,real madrid,1,3,ENG,ESP,2021-22,UEFA,False
2022-04-06,Villarreal CF,Bayern München,villarreal,bayern münchen,1,0,ESP,GER,2021-22,UEFA,False
2022-04-07,Eintracht Frankfurt,FC Barcelona,eintracht frankfurt,barcelona,1,1,GER,ESP,2021-22,UEFA,False
2022-04-07,West Ham United,Olympique Lyonnais,west ham united,olympique lyonnais,1,1,ENG,FRA,2021-22,UEFA,False
2022-04-07,Feyenoord,Slavia Praha,feyenoord,slavia praha,3,3,NED,CZE,2021-22,UEFA,False
2022-04-07,FK Bodø/Glimt,AS Roma,bodø/glimt,roma,2,1,NOR,ITA,2021-22,UEFA,False
2022-04-07,Olympique Marseille,PAOK Saloniki,olympique marseille,paok saloniki,2,1,FRA,GRE,2021-22,UEFA,False
2022-04-07,Leicester City,PSV Eindhoven,leicester city,psv eindhoven,0,0,ENG,NED,2021-22,UEFA,False
2022-04-07,RB Leipzig,Atalanta,rb leipzig,atalanta,1,1,GER,ITA,2021-22,UEFA,False
2022-04-07,Sporting Braga,Rangers FC,sporting braga,rangers,1,0,POR,SCO,2021-22,UEFA,False
2022-04-12,Real Madrid,Chelsea FC,real madrid,chelsea,2,3,ESP,ENG,2021-22,UEFA,False
2022-04-12,Bayern München,Villarreal CF,bayern münchen,villarreal,1,1,GER,ESP,2021-22,UEFA,False
2022-04-13,Atlético Madrid,Manchester City,atlético madrid,manchester city,0,0,ESP,ENG,2021-22,UEFA,False
2022-04-13,Liverpool FC,SL Benfica,liverpool,sl benfica,3,3,ENG,POR,2021-22,UEFA,False
2022-04-14,PAOK Saloniki,Olympique Marseille,paok saloniki,olympique marseille,0,1,GRE,FRA,2021-22,UEFA,False
2022-04-14,FC Barcelona,Eintracht Frankfurt,barcelona,eintracht frankfurt,2,3,ESP,GER,2021-22,UEFA,False
2022-04-14,Atalanta,RB Leipzig,atalanta,rb leipzig,0,2,ITA,GER,2021-22,UEFA,False
2022-04-14,Slavia Praha,Feyenoord,slavia praha,feyenoord,1,3,CZE,NED,2021-22,UEFA,False
2022-04-14,Olympique Lyonnais,West Ham United,olympique lyonnais,west ham united,0,3,FRA,ENG,2021-22,UEFA,False
2022-04-14,Rangers FC,Sporting Braga,rangers,sporting braga,3,1,SCO,POR,2021-22,UEFA,False
2022-04-14,AS Roma,FK Bodø/Glimt,roma,bodø/glimt,4,0,ITA,NOR,2021-22,UEFA,False
2022-04-14,PSV Eindhoven,Leicester City,psv eindhoven,leicester city,1,2,NED,ENG,2021-22,UEFA,False
2022-04-26,Manchester City,Real Madrid,manchester city,real madrid,4,3,ENG,ESP,2021-22,UEFA,False
2022-04-27,Liverpool FC,Villarreal CF,liverpool,villarreal,2,0,ENG,ESP,2021-22,UEFA,False
2022-04-28,RB Leipzig,Rangers FC,rb leipzig,rangers,1,0,GER,SCO,2021-22,UEFA,False
2022-04-28,West Ham United,Eintracht Frankfurt,west ham united,eintracht frankfurt,1,2,ENG,GER,2021-22,UEFA,False
2022-04-28,Feyenoord,Olympique Marseille,feyenoord,olympique marseille,3,2,NED,FRA,2021-22,UEFA,False
2022-04-28,Leicester City,AS Roma,leicester city,roma,1,1,ENG,ITA,2021-22,UEFA,False
2022-05-03,Villarreal CF,Liverpool FC,villarreal,liverpool,2,3,ESP,ENG,2021-22,UEFA,False
2022-05-04,Real Madrid,Manchester City,real madrid,manchester city,3,1,ESP,ENG,2021-22,UEFA,False
2022-05-05,Rangers FC,RB Leipzig,rangers,rb leipzig,3,1,SCO,GER,2021-22,UEFA,False
2022-05-05,Eintracht Frankfurt,West Ham United,eintracht frankfurt,west ham united,1,0,GER,ENG,2021-22,UEFA,False
2022-05-05,Olympique Marseille,Feyenoord,olympique marseille,feyenoord,0,0,FRA,NED,2021-22,UEFA,False
2022-05-05,AS Roma,Leicester City,roma,leicester city,1,0,ITA,ENG,2021-22,UEFA,False
2022-05-18,Eintracht Frankfurt,Rangers FC,eintracht frankfurt,rangers,5,4,GER,SCO,2021-22,UEFA,False
2022-05-25,AS Roma,Feyenoord,roma,feyenoord,1,0,ITA,NED,2021-22,UEFA,False
2022-05-28,Liverpool FC,Real Madrid,liverpool,real madrid,0,1,ENG,ESP,2021-22,UEFA,False
2022-09-06,Celtic FC,Real Madrid,celtic,real madrid,0,3,SCO,ESP,2022-23,UEFA,False
2022-09-06,RB Leipzig,Shakhtar Donetsk,rb leipzig,shakhtar donetsk,1,4,GER,UKR,2022-23,UEFA,False
2022-09-06,Borussia Dortmund,FC København,borussia dortmund,københavn,3,0,GER,DEN,2022-23,UEFA,False
2022-09-06,Sevilla FC,Manchester City,sevilla,manchester city,0,4,ESP,ENG,2022-23,UEFA,False
2022-09-06,Paris Saint-Germain,Juventus,paris saint-germain,juventus,2,1,FRA,ITA,2022-23,UEFA,False
2022-09-06,SL Benfica,Maccabi Haifa,sl benfica,maccabi haifa,2,0,POR,ISR,2022-23,UEFA,False
2022-09-06,Dinamo Zagreb,Chelsea FC,dinamo zagreb,chelsea,1,0,CRO,ENG,2022-23,UEFA,False
2022-09-06,RB Salzburg,AC Milan,rb salzburg,milan,1,1,AUT,ITA,2022-23,UEFA,False
2022-09-07,Tottenham Hotspur,Olympique Marseille,tottenham hotspur,olympique marseille,2,0,ENG,FRA,2022-23,UEFA,False
2022-09-07,AFC Ajax,Rangers FC,ajax,rangers,4,0,NED,SCO,2022-23,UEFA,False
2022-09-07,SSC Napoli,Liverpool FC,ssc napoli,liverpool,4,1,ITA,ENG,2022-23,UEFA,False
2022-09-07,FC Barcelona,Viktoria Plzeň,barcelona,viktoria plzeň,5,1,ESP,CZE,2022-23,UEFA,False
2022-09-07,Atlético Madrid,FC Porto,atlético madrid,porto,2,1,ESP,POR,2022-23,UEFA,False
2022-09-07,Club Brugge KV,Bayer Leverkusen,club brugge,bayer leverkusen,1,0,BEL,GER,2022-23,UEFA,False
2022-09-07,Inter,Bayern München,inter,bayern münchen,0,2,ITA,GER,2022-23,UEFA,False
2022-09-07,Eintracht Frankfurt,Sporting CP,eintracht frankfurt,sporting cp,0,3,GER,POR,2022-23,UEFA,False
2022-09-08,Villarreal CF,Lech Poznań,villarreal,lech poznań,4,3,ESP,POL,2022-23,UEFA,False
2022-09-08,Austria Wien,Hapoel Be'er Sheva,austria wien,hapoel be'er sheva,0,0,AUT,ISR,2022-23,UEFA,False
2022-09-08,West Ham United,FCSB,west ham united,fcsb,3,1,ENG,ROU,2022-23,UEFA,False
2022-09-08,RSC Anderlecht,Silkeborg IF,rsc anderlecht,silkeborg if,1,0,BEL,DEN,2022-23,UEFA,False
2022-09-08,Lazio Roma,Feyenoord,lazio roma,feyenoord,4,2,ITA,NED,2022-23,UEFA,False
2022-09-08,1. FC Slovácko,Partizan,slovácko,partizan,3,3,CZE,SRB,2022-23,UEFA,False
2022-09-08,Heart of Midlothian,İstanbul Başakşehir,heart of midlothian,i̇stanbul başakşehir,0,4,SCO,TUR,2022-23,UEFA,False
2022-09-08,SC Freiburg,Qarabağ FK,freiburg,qarabağ,2,1,GER,AZE,2022-23,UEFA,False
2022-09-08,Crvena Zvezda,AS Monaco,crvena zvezda,monaco,0,1,SRB,FRA,2022-23,UEFA,False
2022-09-08,Ferencvárosi TC,Trabzonspor,ferencvárosi tc,trabzonspor,3,2,HUN,TUR,2022-23,UEFA,False
2022-09-08,ACF Fiorentina,FK RFS,acf fiorentina,rfs,1,1,ITA,LVA,2022-23,UEFA,False
2022-09-08,OGC Nice,1. FC Köln,ogc nice,köln,1,1,FRA,GER,2022-23,UEFA,False
2022-09-08,Molde FK,KAA Gent,molde,kaa gent,0,0,NOR,BEL,2022-23,UEFA,False
2022-09-08,SK Dnipro-1,AZ Alkmaar,dnipro-1,az alkmaar,0,1,UKR,NED,2022-23,UEFA,False
2022-09-08,Omonia Nikosia,FC Sheriff,omonia nikosia,sheriff,0,3,CYP,MDA,2022-23,UEFA,False
2022-09-08,Manchester United,Real Sociedad,manchester united,real sociedad,0,1,ENG,ESP,2022-23,UEFA,False
2022-09-08,1. FC Union Berlin,Union Saint-Gilloise,union berlin,union saint-gilloise,0,1,GER,BEL,2022-23,UEFA,False
2022-09-08,Malmö FF,Sporting Braga,malmö ff,sporting braga,0,2,SWE,POR,2022-23,UEFA,False
2022-09-08,HJK Helsinki,Real Betis,hjk helsinki,real betis,0,2,FIN,ESP,2022-23,UEFA,False
2022-09-08,PFC Ludogorets Razgrad,AS Roma,pfc ludogorets razgrad,roma,2,1,BUL,ITA,2022-23,UEFA,False
2022-09-08,AEK Larnaca,Stade Rennais,aek larnaca,stade rennais,1,2,CYP,FRA,2022-23,UEFA,False
2022-09-08,Fenerbahçe,Dinamo Kiev,fenerbahçe,dinamo kiev,2,1,TUR,UKR,2022-23,UEFA,False
2022-09-08,FC Zürich,Arsenal FC,zürich,arsenal,1,2,SUI,ENG,2022-23,UEFA,False
2022-09-08,FC Basel 1893,Pyunik FC,basel 1893,pyunik,3,1,SUI,ARM,2022-23,UEFA,False
2022-09-08,Slovan Bratislava,FK Žalgiris,slovan bratislava,žalgiris,0,0,SVK,LTU,2022-23,UEFA,False
2022-09-08,FC Nantes,Olympiakos Piraeus,nantes,olympiakos piraeus,2,1,FRA,GRE,2022-23,UEFA,False
2022-09-08,KF Ballkani,CFR Cluj,kf ballkani,cfr cluj,1,1,KOS,ROU,2022-23,UEFA,False
2022-09-08,Shamrock Rovers,Djurgårdens IF,shamrock rovers,djurgårdens if,0,0,IRL,SWE,2022-23,UEFA,False
2022-09-08,Sturm Graz,FC Midtjylland,sturm graz,midtjylland,1,0,AUT,DEN,2022-23,UEFA,False
2022-09-08,FC Vaduz,Apollon Limassol,vaduz,apollon limassol,0,0,LIE,CYP,2022-23,UEFA,False
2022-09-08,Sivasspor,Slavia Praha,sivasspor,slavia praha,1,1,TUR,CZE,2022-23,UEFA,False
2022-09-08,PSV Eindhoven,FK Bodø/Glimt,psv eindhoven,bodø/glimt,1,1,NED,NOR,2022-23,UEFA,False
2022-09-13,Sporting CP,Tottenham Hotspur,sporting cp,tottenham hotspur,2,0,POR,ENG,2022-23,UEFA,False
2022-09-13,Viktoria Plzeň,Inter,viktoria plzeň,inter,0,2,CZE,ITA,2022-23,UEFA,False
2022-09-13,Bayer Leverkusen,Atlético Madrid,bayer leverkusen,atlético madrid,2,0,GER,ESP,2022-23,UEFA,False
2022-09-13,Olympique Marseille,Eintracht Frankfurt,olympique marseille,eintracht frankfurt,0,1,FRA,GER,2022-23,UEFA,False
2022-09-13,FC Porto,Club Brugge KV,porto,club brugge,0,4,POR,BEL,2022-23,UEFA,False
2022-09-13,Liverpool FC,AFC Ajax,liverpool,ajax,2,1,ENG,NED,2022-23,UEFA,False
2022-09-13,Bayern München,FC Barcelona,bayern münchen,barcelona,2,0,GER,ESP,2022-23,UEFA,False
2022-09-14,Shakhtar Donetsk,Celtic FC,shakhtar donetsk,celtic,1,1,UKR,SCO,2022-23,UEFA,False
2022-09-14,FC København,Sevilla FC,københavn,sevilla,0,0,DEN,ESP,2022-23,UEFA,False
2022-09-14,Maccabi Haifa,Paris Saint-Germain,maccabi haifa,paris saint-germain,1,3,ISR,FRA,2022-23,UEFA,False
2022-09-14,Rangers FC,SSC Napoli,rangers,ssc napoli,0,3,SCO,ITA,2022-23,UEFA,False
2022-09-14,Manchester City,Borussia Dortmund,manchester city,borussia dortmund,2,1,ENG,GER,2022-23,UEFA,False
2022-09-14,Chelsea FC,RB Salzburg,chelsea,rb salzburg,1,1,ENG,AUT,2022-23,UEFA,False
2022-09-14,AC Milan,Dinamo Zagreb,milan,dinamo zagreb,3,1,ITA,CRO,2022-23,UEFA,False
2022-09-14,Juventus,SL Benfica,juventus,sl benfica,1,2,ITA,POR,2022-23,UEFA,False
2022-09-14,Real Madrid,RB Leipzig,real madrid,rb leipzig,2,0,ESP,GER,2022-23,UEFA,False
2022-09-15,FC Sheriff,Manchester United,sheriff,manchester united,0,2,MDA,ENG,2022-23,UEFA,False
2022-09-15,Qarabağ FK,FC Nantes,qarabağ,nantes,3,0,AZE,FRA,2022-23,UEFA,False
2022-09-15,Olympiakos Piraeus,SC Freiburg,olympiakos piraeus,freiburg,0,3,GRE,GER,2022-23,UEFA,False
2022-09-15,Hapoel Be'er Sheva,Villarreal CF,hapoel be'er sheva,villarreal,1,2,ISR,ESP,2022-23,UEFA,False
2022-09-15,FK Žalgiris,FC Basel 1893,žalgiris,basel 1893,0,1,LTU,SUI,2022-23,UEFA,False
2022-09-15,Trabzonspor,Crvena Zvezda,trabzonspor,crvena zvezda,2,1,TUR,SRB,2022-23,UEFA,False
2022-09-15,AS Monaco,Ferencvárosi TC,monaco,ferencvárosi tc,0,1,FRA,HUN,2022-23,UEFA,False
2022-09-15,Slavia Praha,KF Ballkani,slavia praha,kf ballkani,3,2,CZE,KOS,2022-23,UEFA,False
2022-09-15,CFR Cluj,Sivasspor,cfr cluj,sivasspor,0,1,ROU,TUR,2022-23,UEFA,False
2022-09-15,Djurgårdens IF,Molde FK,djurgårdens if,molde,3,2,SWE,NOR,2022-23,UEFA,False
2022-09-15,FC Midtjylland,Lazio Roma,midtjylland,lazio roma,5,1,DEN,ITA,2022-23,UEFA,False
2022-09-15,KAA Gent,Shamrock Rovers,kaa gent,shamrock rovers,3,0,BEL,IRL,2022-23,UEFA,False
2022-09-15,Real Sociedad,Omonia Nikosia,real sociedad,omonia nikosia,2,1,ESP,CYP,2022-23,UEFA,False
2022-09-15,İstanbul Başakşehir,ACF Fiorentina,i̇stanbul başakşehir,acf fiorentina,3,0,TUR,ITA,2022-23,UEFA,False
2022-09-15,FK RFS,Heart of Midlothian,rfs,heart of midlothian,0,2,LVA,SCO,2022-23,UEFA,False
2022-09-15,Apollon Limassol,SK Dnipro-1,apollon limassol,dnipro-1,1,3,CYP,UKR,2022-23,UEFA,False
2022-09-15,AZ Alkmaar,FC Vaduz,az alkmaar,vaduz,4,1,NED,LIE,2022-23,UEFA,False
2022-09-15,Sporting Braga,1. FC Union Berlin,sporting braga,union berlin,1,0,POR,GER,2022-23,UEFA,False
2022-09-15,Union Saint-Gilloise,Malmö FF,union saint-gilloise,malmö ff,3,2,BEL,SWE,2022-23,UEFA,False
2022-09-15,FCSB,RSC Anderlecht,fcsb,rsc anderlecht,0,0,ROU,BEL,2022-23,UEFA,False
2022-09-15,Silkeborg IF,West Ham United,silkeborg if,west ham united,2,3,DEN,ENG,2022-23,UEFA,False
2022-09-15,1. FC Köln,1. FC Slovácko,köln,slovácko,4,2,GER,CZE,2022-23,UEFA,False
2022-09-15,Partizan,OGC Nice,partizan,ogc nice,1,1,SRB,FRA,2022-23,UEFA,False
2022-09-15,Feyenoord,Sturm Graz,feyenoord,sturm graz,6,0,NED,AUT,2022-23,UEFA,False
2022-09-15,Pyunik FC,Slovan Bratislava,pyunik,slovan bratislava,2,0,ARM,SVK,2022-23,UEFA,False
2022-09-15,Lech Poznań,Austria Wien,lech poznań,austria wien,4,1,POL,AUT,2022-23,UEFA,False
2022-09-15,Stade Rennais,Fenerbahçe,stade rennais,fenerbahçe,2,2,FRA,TUR,2022-23,UEFA,False
2022-09-15,Dinamo Kiev,AEK Larnaca,dinamo kiev,aek larnaca,0,1,UKR,CYP,2022-23,UEFA,False
2022-09-15,Real Betis,PFC Ludogorets Razgrad,real betis,pfc ludogorets razgrad,3,2,ESP,BUL,2022-23,UEFA,False
2022-09-15,FK Bodø/Glimt,FC Zürich,bodø/glimt,zürich,2,1,NOR,SUI,2022-23,UEFA,False
2022-09-15,AS Roma,HJK Helsinki,roma,hjk helsinki,3,0,ITA,FIN,2022-23,UEFA,False
2022-10-04,Liverpool FC,Rangers FC,liverpool,rangers,2,0,ENG,SCO,2022-23,UEFA,False
2022-10-04,Olympique Marseille,Sporting CP,olympique marseille,sporting cp,4,1,FRA,POR,2022-23,UEFA,False
2022-10-04,Club Brugge KV,Atlético Madrid,club brugge,atlético madrid,2,0,BEL,ESP,2022-23,UEFA,False
2022-10-04,FC Porto,Bayer Leverkusen,porto,bayer leverkusen,2,0,POR,GER,2022-23,UEFA,False
2022-10-04,Inter,FC Barcelona,inter,barcelona,1,0,ITA,ESP,2022-23,UEFA,False
2022-10-04,Bayern München,Viktoria Plzeň,bayern münchen,viktoria plzeň,5,0,GER,CZE,2022-23,UEFA,False
2022-10-04,Eintracht Frankfurt,Tottenham Hotspur,eintracht frankfurt,tottenham hotspur,0,0,GER,ENG,2022-23,UEFA,False
2022-10-04,AFC Ajax,SSC Napoli,ajax,ssc napoli,1,6,NED,ITA,2022-23,UEFA,False
2022-10-05,SL Benfica,Paris Saint-Germain,sl benfica,paris saint-germain,1,1,POR,FRA,2022-23,UEFA,False
2022-10-05,Sevilla FC,Borussia Dortmund,sevilla,borussia dortmund,1,4,ESP,GER,2022-23,UEFA,False
2022-10-05,RB Leipzig,Celtic FC,rb leipzig,celtic,3,1,GER,SCO,2022-23,UEFA,False
2022-10-05,Real Madrid,Shakhtar Donetsk,real madrid,shakhtar donetsk,2,1,ESP,UKR,2022-23,UEFA,False
2022-10-05,Chelsea FC,AC Milan,chelsea,milan,3,0,ENG,ITA,2022-23,UEFA,False
2022-10-05,Juventus,Maccabi Haifa,juventus,maccabi haifa,3,1,ITA,ISR,2022-23,UEFA,False
2022-10-05,RB Salzburg,Dinamo Zagreb,rb salzburg,dinamo zagreb,1,0,AUT,CRO,2022-23,UEFA,False
2022-10-05,Manchester City,FC København,manchester city,københavn,5,0,ENG,DEN,2022-23,UEFA,False
2022-10-06,1. FC Slovácko,OGC Nice,slovácko,ogc nice,0,1,CZE,FRA,2022-23,UEFA,False
2022-10-06,SK Dnipro-1,FC Vaduz,dnipro-1,vaduz,2,2,UKR,LIE,2022-23,UEFA,False
2022-10-06,Lech Poznań,Hapoel Be'er Sheva,lech poznań,hapoel be'er sheva,0,0,POL,ISR,2022-23,UEFA,False
2022-10-06,Villarreal CF,Austria Wien,villarreal,austria wien,5,0,ESP,AUT,2022-23,UEFA,False
2022-10-06,Heart of Midlothian,ACF Fiorentina,heart of midlothian,acf fiorentina,0,3,SCO,ITA,2022-23,UEFA,False
2022-10-06,FK RFS,İstanbul Başakşehir,rfs,i̇stanbul başakşehir,0,0,LVA,TUR,2022-23,UEFA,False
2022-10-06,Malmö FF,1. FC Union Berlin,malmö ff,union berlin,0,1,SWE,GER,2022-23,UEFA,False
2022-10-06,Arsenal FC,FK Bodø/Glimt,arsenal,bodø/glimt,3,0,ENG,NOR,2022-23,UEFA,False
2022-10-06,Silkeborg IF,FCSB,silkeborg if,fcsb,5,0,DEN,ROU,2022-23,UEFA,False
2022-10-06,RSC Anderlecht,West Ham United,rsc anderlecht,west ham united,0,1,BEL,ENG,2022-23,UEFA,False
2022-10-06,FC Zürich,PSV Eindhoven,zürich,psv eindhoven,1,5,SUI,NED,2022-23,UEFA,False
2022-10-06,1. FC Köln,Partizan,köln,partizan,0,1,GER,SRB,2022-23,UEFA,False
2022-10-06,Sporting Braga,Union Saint-Gilloise,sporting braga,union saint-gilloise,1,2,POR,BEL,2022-23,UEFA,False
2022-10-06,AZ Alkmaar,Apollon Limassol,az alkmaar,apollon limassol,3,2,NED,CYP,2022-23,UEFA,False
2022-10-06,HJK Helsinki,PFC Ludogorets Razgrad,hjk helsinki,pfc ludogorets razgrad,1,1,FIN,BUL,2022-23,UEFA,False
2022-10-06,Omonia Nikosia,Manchester United,omonia nikosia,manchester united,2,3,CYP,ENG,2022-23,UEFA,False
2022-10-06,SC Freiburg,FC Nantes,freiburg,nantes,2,0,GER,FRA,2022-23,UEFA,False
2022-10-06,Olympiakos Piraeus,Qarabağ FK,olympiakos piraeus,qarabağ,0,3,GRE,AZE,2022-23,UEFA,False
2022-10-06,FC Sheriff,Real Sociedad,sheriff,real sociedad,0,2,MDA,ESP,2022-23,UEFA,False
2022-10-06,AS Monaco,Trabzonspor,monaco,trabzonspor,3,1,FRA,TUR,2022-23,UEFA,False
2022-10-06,Slavia Praha,CFR Cluj,slavia praha,cfr cluj,0,1,CZE,ROU,2022-23,UEFA,False
2022-10-06,Crvena Zvezda,Ferencvárosi TC,crvena zvezda,ferencvárosi tc,4,1,SRB,HUN,2022-23,UEFA,False
2022-10-06,Sivasspor,KF Ballkani,sivasspor,kf ballkani,3,4,TUR,KOS,2022-23,UEFA,False
2022-10-06,FC Midtjylland,Feyenoord,midtjylland,feyenoord,2,2,DEN,NED,2022-23,UEFA,False
2022-10-06,Sturm Graz,Lazio Roma,sturm graz,lazio roma,0,0,AUT,ITA,2022-23,UEFA,False
2022-10-06,Fenerbahçe,AEK Larnaca,fenerbahçe,aek larnaca,2,0,TUR,CYP,2022-23,UEFA,False
2022-10-06,KAA Gent,Djurgårdens IF,kaa gent,djurgårdens if,0,1,BEL,SWE,2022-23,UEFA,False
2022-10-06,Molde FK,Shamrock Rovers,molde,shamrock rovers,3,0,NOR,IRL,2022-23,UEFA,False
2022-10-06,Stade Rennais,Dinamo Kiev,stade rennais,dinamo kiev,2,1,FRA,UKR,2022-23,UEFA,False
2022-10-06,Pyunik FC,FK Žalgiris,pyunik,žalgiris,2,0,ARM,LTU,2022-23,UEFA,False
2022-10-06,AS Roma,Real Betis,roma,real betis,1,2,ITA,ESP,2022-23,UEFA,False
2022-10-06,FC Basel 1893,Slovan Bratislava,basel 1893,slovan bratislava,0,2,SUI,SVK,2022-23,UEFA,False
2022-10-11,Paris Saint-Germain,SL Benfica,paris saint-germain,sl benfica,1,1,FRA,POR,2022-23,UEFA,False
2022-10-11,AC Milan,Chelsea FC,milan,chelsea,0,2,ITA,ENG,2022-23,UEFA,False
2022-10-11,Borussia Dortmund,Sevilla FC,borussia dortmund,sevilla,1,1,GER,ESP,2022-23,UEFA,False
2022-10-11,FC København,Manchester City,københavn,manchester city,0,0,DEN,ENG,2022-23,UEFA,False
2022-10-11,Dinamo Zagreb,RB Salzburg,dinamo zagreb,rb salzburg,1,1,CRO,AUT,2022-23,UEFA,False
2022-10-11,Shakhtar Donetsk,Real Madrid,shakhtar donetsk,real madrid,1,1,UKR,ESP,2022-23,UEFA,False
2022-10-11,Celtic FC,RB Leipzig,celtic,rb leipzig,0,2,SCO,GER,2022-23,UEFA,False
2022-10-11,Maccabi Haifa,Juventus,maccabi haifa,juventus,2,0,ISR,ITA,2022-23,UEFA,False
2022-10-12,Viktoria Plzeň,Bayern München,viktoria plzeň,bayern münchen,2,4,CZE,GER,2022-23,UEFA,False
2022-10-12,Bayer Leverkusen,FC Porto,bayer leverkusen,porto,0,3,GER,POR,2022-23,UEFA,False
2022-10-12,Atlético Madrid,Club Brugge KV,atlético madrid,club brugge,0,0,ESP,BEL,2022-23,UEFA,False
2022-10-12,SSC Napoli,AFC Ajax,ssc napoli,ajax,4,2,ITA,NED,2022-23,UEFA,False
2022-10-12,FC Barcelona,Inter,barcelona,inter,3,3,ESP,ITA,2022-23,UEFA,False
2022-10-12,Sporting CP,Olympique Marseille,sporting cp,olympique marseille,0,2,POR,FRA,2022-23,UEFA,False
2022-10-12,Tottenham Hotspur,Eintracht Frankfurt,tottenham hotspur,eintracht frankfurt,3,2,ENG,GER,2022-23,UEFA,False
2022-10-12,Rangers FC,Liverpool FC,rangers,liverpool,1,7,SCO,ENG,2022-23,UEFA,False
2022-10-13,Apollon Limassol,AZ Alkmaar,apollon limassol,az alkmaar,1,0,CYP,NED,2022-23,UEFA,False
2022-10-13,FC Vaduz,SK Dnipro-1,vaduz,dnipro-1,1,2,LIE,UKR,2022-23,UEFA,False
2022-10-13,Ferencvárosi TC,Crvena Zvezda,ferencvárosi tc,crvena zvezda,2,1,HUN,SRB,2022-23,UEFA,False
2022-10-13,FK Žalgiris,Pyunik FC,žalgiris,pyunik,2,1,LTU,ARM,2022-23,UEFA,False
2022-10-13,Real Sociedad,FC Sheriff,real sociedad,sheriff,3,0,ESP,MDA,2022-23,UEFA,False
2022-10-13,Slovan Bratislava,FC Basel 1893,slovan bratislava,basel 1893,3,3,SVK,SUI,2022-23,UEFA,False
2022-10-13,Manchester United,Omonia Nikosia,manchester united,omonia nikosia,1,0,ENG,CYP,2022-23,UEFA,False
2022-10-13,Djurgårdens IF,KAA Gent,djurgårdens if,kaa gent,4,2,SWE,BEL,2022-23,UEFA,False
2022-10-13,Shamrock Rovers,Molde FK,shamrock rovers,molde,0,2,IRL,NOR,2022-23,UEFA,False
2022-10-13,FC Nantes,SC Freiburg,nantes,freiburg,0,4,FRA,GER,2022-23,UEFA,False
2022-10-13,PFC Ludogorets Razgrad,HJK Helsinki,pfc ludogorets razgrad,hjk helsinki,2,0,BUL,FIN,2022-23,UEFA,False
2022-10-13,Real Betis,AS Roma,real betis,roma,1,1,ESP,ITA,2022-23,UEFA,False
2022-10-13,Feyenoord,FC Midtjylland,feyenoord,midtjylland,2,2,NED,DEN,2022-23,UEFA,False
2022-10-13,Lazio Roma,Sturm Graz,lazio roma,sturm graz,2,2,ITA,AUT,2022-23,UEFA,False
2022-10-13,Qarabağ FK,Olympiakos Piraeus,qarabağ,olympiakos piraeus,0,0,AZE,GRE,2022-23,UEFA,False
2022-10-13,KF Ballkani,Sivasspor,kf ballkani,sivasspor,1,2,KOS,TUR,2022-23,UEFA,False
2022-10-13,Trabzonspor,AS Monaco,trabzonspor,monaco,4,0,TUR,FRA,2022-23,UEFA,False
2022-10-13,CFR Cluj,Slavia Praha,cfr cluj,slavia praha,2,0,ROU,CZE,2022-23,UEFA,False
2022-10-13,İstanbul Başakşehir,FK RFS,i̇stanbul başakşehir,rfs,3,0,TUR,LVA,2022-23,UEFA,False
2022-10-13,Austria Wien,Villarreal CF,austria wien,villarreal,0,1,AUT,ESP,2022-23,UEFA,False
2022-10-13,Hapoel Be'er Sheva,Lech Poznań,hapoel be'er sheva,lech poznań,1,1,ISR,POL,2022-23,UEFA,False
2022-10-13,Union Saint-Gilloise,Sporting Braga,union saint-gilloise,sporting braga,3,3,BEL,POR,2022-23,UEFA,False
2022-10-13,1. FC Union Berlin,Malmö FF,union berlin,malmö ff,1,0,GER,SWE,2022-23,UEFA,False
2022-10-13,FK Bodø/Glimt,Arsenal FC,bodø/glimt,arsenal,0,1,NOR,ENG,2022-23,UEFA,False
2022-10-13,FCSB,Silkeborg IF,fcsb,silkeborg if,0,5,ROU,DEN,2022-23,UEFA,False
2022-10-13,ACF Fiorentina,Heart of Midlothian,acf fiorentina,heart of midlothian,5,1,ITA,SCO,2022-23,UEFA,False
2022-10-13,PSV Eindhoven,FC Zürich,psv eindhoven,zürich,5,0,NED,SUI,2022-23,UEFA,False
2022-10-13,West Ham United,RSC Anderlecht,west ham united,rsc anderlecht,2,1,ENG,BEL,2022-23,UEFA,False
2022-10-13,AEK Larnaca,Fenerbahçe,aek larnaca,fenerbahçe,1,2,CYP,TUR,2022-23,UEFA,False
2022-10-13,Partizan,1. FC Köln,partizan,köln,2,0,SRB,GER,2022-23,UEFA,False
2022-10-13,OGC Nice,1. FC Slovácko,ogc nice,slovácko,1,2,FRA,CZE,2022-23,UEFA,False
2022-10-13,Dinamo Kiev,Stade Rennais,dinamo kiev,stade rennais,0,1,UKR,FRA,2022-23,UEFA,False
2022-10-20,Arsenal FC,PSV Eindhoven,arsenal,psv eindhoven,1,0,ENG,NED,2022-23,UEFA,False
2022-10-25,Borussia Dortmund,Manchester City,borussia dortmund,manchester city,0,0,GER,ENG,2022-23,UEFA,False
2022-10-25,RB Salzburg,Chelsea FC,rb salzburg,chelsea,1,2,AUT,ENG,2022-23,UEFA,False
2022-10-25,RB Leipzig,Real Madrid,rb leipzig,real madrid,3,2,GER,ESP,2022-23,UEFA,False
2022-10-25,Celtic FC,Shakhtar Donetsk,celtic,shakhtar donetsk,1,1,SCO,UKR,2022-23,UEFA,False
2022-10-25,Dinamo Zagreb,AC Milan,dinamo zagreb,milan,0,4,CRO,ITA,2022-23,UEFA,False
2022-10-25,Paris Saint-Germain,Maccabi Haifa,paris saint-germain,maccabi haifa,7,2,FRA,ISR,2022-23,UEFA,False
2022-10-25,Sevilla FC,FC København,sevilla,københavn,3,0,ESP,DEN,2022-23,UEFA,False
2022-10-25,SL Benfica,Juventus,sl benfica,juventus,4,3,POR,ITA,2022-23,UEFA,False
2022-10-26,Eintracht Frankfurt,Olympique Marseille,eintracht frankfurt,olympique marseille,2,1,GER,FRA,2022-23,UEFA,False
2022-10-26,Tottenham Hotspur,Sporting CP,tottenham hotspur,sporting cp,1,1,ENG,POR,2022-23,UEFA,False
2022-10-26,Club Brugge KV,FC Porto,club brugge,porto,0,4,BEL,POR,2022-23,UEFA,False
2022-10-26,Inter,Viktoria Plzeň,inter,viktoria plzeň,4,0,ITA,CZE,2022-23,UEFA,False
2022-10-26,Atlético Madrid,Bayer Leverkusen,atlético madrid,bayer leverkusen,2,2,ESP,GER,2022-23,UEFA,False
2022-10-26,AFC Ajax,Liverpool FC,ajax,liverpool,0,3,NED,ENG,2022-23,UEFA,False
2022-10-26,FC Barcelona,Bayern München,barcelona,bayern münchen,0,3,ESP,GER,2022-23,UEFA,False
2022-10-26,SSC Napoli,Rangers FC,ssc napoli,rangers,3,0,ITA,SCO,2022-23,UEFA,False
2022-10-27,AEK Larnaca,Dinamo Kiev,aek larnaca,dinamo kiev,3,3,CYP,UKR,2022-23,UEFA,False
2022-10-27,ACF Fiorentina,İstanbul Başakşehir,acf fiorentina,i̇stanbul başakşehir,2,1,ITA,TUR,2022-23,UEFA,False
2022-10-27,Heart of Midlothian,FK RFS,heart of midlothian,rfs,2,1,SCO,LVA,2022-23,UEFA,False
2022-10-27,Malmö FF,Union Saint-Gilloise,malmö ff,union saint-gilloise,0,2,SWE,BEL,2022-23,UEFA,False
2022-10-27,OGC Nice,Partizan,ogc nice,partizan,2,1,FRA,SRB,2022-23,UEFA,False
2022-10-27,Crvena Zvezda,Trabzonspor,crvena zvezda,trabzonspor,2,1,SRB,TUR,2022-23,UEFA,False
2022-10-27,Sivasspor,CFR Cluj,sivasspor,cfr cluj,3,0,TUR,ROU,2022-23,UEFA,False
2022-10-27,FC Zürich,FK Bodø/Glimt,zürich,bodø/glimt,2,1,SUI,NOR,2022-23,UEFA,False
2022-10-27,PSV Eindhoven,Arsenal FC,psv eindhoven,arsenal,2,0,NED,ENG,2022-23,UEFA,False
2022-10-27,1. FC Union Berlin,Sporting Braga,union berlin,sporting braga,1,0,GER,POR,2022-23,UEFA,False
2022-10-27,West Ham United,Silkeborg IF,west ham united,silkeborg if,1,0,ENG,DEN,2022-23,UEFA,False
2022-10-27,Austria Wien,Lech Poznań,austria wien,lech poznań,1,1,AUT,POL,2022-23,UEFA,False
2022-10-27,Villarreal CF,Hapoel Be'er Sheva,villarreal,hapoel be'er sheva,2,2,ESP,ISR,2022-23,UEFA,False
2022-10-27,Sturm Graz,Feyenoord,sturm graz,feyenoord,1,0,AUT,NED,2022-23,UEFA,False
2022-10-27,Ferencvárosi TC,AS Monaco,ferencvárosi tc,monaco,1,1,HUN,FRA,2022-23,UEFA,False
2022-10-27,Fenerbahçe,Stade Rennais,fenerbahçe,stade rennais,3,3,TUR,FRA,2022-23,UEFA,False
2022-10-27,SK Dnipro-1,Apollon Limassol,dnipro-1,apollon limassol,1,0,UKR,CYP,2022-23,UEFA,False
2022-10-27,KF Ballkani,Slavia Praha,kf ballkani,slavia praha,0,1,KOS,CZE,2022-23,UEFA,False
2022-10-27,Lazio Roma,FC Midtjylland,lazio roma,midtjylland,2,1,ITA,DEN,2022-23,UEFA,False
2022-10-27,PFC Ludogorets Razgrad,Real Betis,pfc ludogorets razgrad,real betis,0,1,BUL,ESP,2022-23,UEFA,False
2022-10-27,Molde FK,Djurgårdens IF,molde,djurgårdens if,2,3,NOR,SWE,2022-23,UEFA,False
2022-10-27,SC Freiburg,Olympiakos Piraeus,freiburg,olympiakos piraeus,1,1,GER,GRE,2022-23,UEFA,False
2022-10-27,FC Nantes,Qarabağ FK,nantes,qarabağ,2,1,FRA,AZE,2022-23,UEFA,False
2022-10-27,FC Vaduz,AZ Alkmaar,vaduz,az alkmaar,1,2,LIE,NED,2022-23,UEFA,False
2022-10-27,Shamrock Rovers,KAA Gent,shamrock rovers,kaa gent,1,1,IRL,BEL,2022-23,UEFA,False
2022-10-27,Manchester United,FC Sheriff,manchester united,sheriff,3,0,ENG,MDA,2022-23,UEFA,False
2022-10-27,HJK Helsinki,AS Roma,hjk helsinki,roma,1,2,FIN,ITA,2022-23,UEFA,False
2022-10-27,FC Basel 1893,FK Žalgiris,basel 1893,žalgiris,2,2,SUI,LTU,2022-23,UEFA,False
2022-10-27,Slovan Bratislava,Pyunik FC,slovan bratislava,pyunik,2,1,SVK,ARM,2022-23,UEFA,False
2022-10-27,Omonia Nikosia,Real Sociedad,omonia nikosia,real sociedad,0,2,CYP,ESP,2022-23,UEFA,False
2022-10-27,RSC Anderlecht,FCSB,rsc anderlecht,fcsb,2,2,BEL,ROU,2022-23,UEFA,False
2022-10-28,1. FC Slovácko,1. FC Köln,slovácko,köln,0,1,CZE,GER,2022-23,UEFA,False
2022-11-01,Liverpool FC,SSC Napoli,liverpool,ssc napoli,2,0,ENG,ITA,2022-23,UEFA,False
2022-11-01,Olympique Marseille,Tottenham Hotspur,olympique marseille,tottenham hotspur,1,2,FRA,ENG,2022-23,UEFA,False
2022-11-01,Rangers FC,AFC Ajax,rangers,ajax,1,3,SCO,NED,2022-23,UEFA,False
2022-11-01,Sporting CP,Eintracht Frankfurt,sporting cp,eintracht frankfurt,1,2,POR,GER,2022-23,UEFA,False
2022-11-01,Viktoria Plzeň,FC Barcelona,viktoria plzeň,barcelona,2,4,CZE,ESP,2022-23,UEFA,False
2022-11-01,FC Porto,Atlético Madrid,porto,atlético madrid,2,1,POR,ESP,2022-23,UEFA,False
2022-11-01,Bayern München,Inter,bayern münchen,inter,2,0,GER,ITA,2022-23,UEFA,False
2022-11-01,Bayer Leverkusen,Club Brugge KV,bayer leverkusen,club brugge,0,0,GER,BEL,2022-23,UEFA,False
2022-11-02,Juventus,Paris Saint-Germain,juventus,paris saint-germain,1,2,ITA,FRA,2022-23,UEFA,False
2022-11-02,Manchester City,Sevilla FC,manchester city,sevilla,3,1,ENG,ESP,2022-23,UEFA,False
2022-11-02,FC København,Borussia Dortmund,københavn,borussia dortmund,1,1,DEN,GER,2022-23,UEFA,False
2022-11-02,Shakhtar Donetsk,RB Leipzig,shakhtar donetsk,rb leipzig,0,4,UKR,GER,2022-23,UEFA,False
2022-11-02,Real Madrid,Celtic FC,real madrid,celtic,5,1,ESP,SCO,2022-23,UEFA,False
2022-11-02,Maccabi Haifa,SL Benfica,maccabi haifa,sl benfica,1,6,ISR,POR,2022-23,UEFA,False
2022-11-02,AC Milan,RB Salzburg,milan,rb salzburg,4,0,ITA,AUT,2022-23,UEFA,False
2022-11-02,Chelsea FC,Dinamo Zagreb,chelsea,dinamo zagreb,2,1,ENG,CRO,2022-23,UEFA,False
2022-11-03,FK Bodø/Glimt,PSV Eindhoven,bodø/glimt,psv eindhoven,1,2,NOR,NED,2022-23,UEFA,False
2022-11-03,Slavia Praha,Sivasspor,slavia praha,sivasspor,1,1,CZE,TUR,2022-23,UEFA,False
2022-11-03,FCSB,West Ham United,fcsb,west ham united,0,3,ROU,ENG,2022-23,UEFA,False
2022-11-03,Silkeborg IF,RSC Anderlecht,silkeborg if,rsc anderlecht,0,2,DEN,BEL,2022-23,UEFA,False
2022-11-03,Hapoel Be'er Sheva,Austria Wien,hapoel be'er sheva,austria wien,4,0,ISR,AUT,2022-23,UEFA,False
2022-11-03,Lech Poznań,Villarreal CF,lech poznań,villarreal,3,0,POL,ESP,2022-23,UEFA,False
2022-11-03,Partizan,1. FC Slovácko,partizan,slovácko,1,1,SRB,CZE,2022-23,UEFA,False
2022-11-03,Apollon Limassol,FC Vaduz,apollon limassol,vaduz,1,0,CYP,LIE,2022-23,UEFA,False
2022-11-03,AZ Alkmaar,SK Dnipro-1,az alkmaar,dnipro-1,2,1,NED,UKR,2022-23,UEFA,False
2022-11-03,Dinamo Kiev,Fenerbahçe,dinamo kiev,fenerbahçe,0,2,UKR,TUR,2022-23,UEFA,False
2022-11-03,Stade Rennais,AEK Larnaca,stade rennais,aek larnaca,1,1,FRA,CYP,2022-23,UEFA,False
2022-11-03,AS Roma,PFC Ludogorets Razgrad,roma,pfc ludogorets razgrad,3,1,ITA,BUL,2022-23,UEFA,False
2022-11-03,Arsenal FC,FC Zürich,arsenal,zürich,1,0,ENG,SUI,2022-23,UEFA,False
2022-11-03,CFR Cluj,KF Ballkani,cfr cluj,kf ballkani,1,0,ROU,KOS,2022-23,UEFA,False
2022-11-03,FK Žalgiris,Slovan Bratislava,žalgiris,slovan bratislava,1,2,LTU,SVK,2022-23,UEFA,False
2022-11-03,Pyunik FC,FC Basel 1893,pyunik,basel 1893,1,2,ARM,SUI,2022-23,UEFA,False
2022-11-03,Real Betis,HJK Helsinki,real betis,hjk helsinki,3,0,ESP,FIN,2022-23,UEFA,False
2022-11-03,FK RFS,ACF Fiorentina,rfs,acf fiorentina,0,3,LVA,ITA,2022-23,UEFA,False
2022-11-03,1. FC Köln,OGC Nice,köln,ogc nice,2,2,GER,FRA,2022-23,UEFA,False
2022-11-03,Union Saint-Gilloise,1. FC Union Berlin,union saint-gilloise,union berlin,0,1,BEL,GER,2022-23,UEFA,False
2022-11-03,Trabzonspor,Ferencvárosi TC,trabzonspor,ferencvárosi tc,1,0,TUR,HUN,2022-23,UEFA,False
2022-11-03,AS Monaco,Crvena Zvezda,monaco,crvena zvezda,4,1,FRA,SRB,2022-23,UEFA,False
2022-11-03,Qarabağ FK,SC Freiburg,qarabağ,freiburg,1,1,AZE,GER,2022-23,UEFA,False
2022-11-03,Olympiakos Piraeus,FC Nantes,olympiakos piraeus,nantes,0,2,GRE,FRA,2022-23,UEFA,False
2022-11-03,Sporting Braga,Malmö FF,sporting braga,malmö ff,2,1,POR,SWE,2022-23,UEFA,False
2022-11-03,FC Midtjylland,Sturm Graz,midtjylland,sturm graz,2,0,DEN,AUT,2022-23,UEFA,False
2022-11-03,KAA Gent,Molde FK,kaa gent,molde,4,0,BEL,NOR,2022-23,UEFA,False
2022-11-03,Real Sociedad,Manchester United,real sociedad,manchester united,0,1,ESP,ENG,2022-23,UEFA,False
2022-11-03,FC Sheriff,Omonia Nikosia,sheriff,omonia nikosia,1,0,MDA,CYP,2022-23,UEFA,False
2022-11-03,Djurgårdens IF,Shamrock Rovers,djurgårdens if,shamrock rovers,1,0,SWE,IRL,2022-23,UEFA,False
2022-11-03,İstanbul Başakşehir,Heart of Midlothian,i̇stanbul başakşehir,heart of midlothian,3,1,TUR,SCO,2022-23,UEFA,False
2022-11-03,Feyenoord,Lazio Roma,feyenoord,lazio roma,1,0,NED,ITA,2022-23,UEFA,False
2023-02-14,Paris Saint-Germain,Bayern München,paris saint-germain,bayern münchen,0,1,FRA,GER,2022-23,UEFA,False
2023-02-14,AC Milan,Tottenham Hotspur,milan,tottenham hotspur,1,0,ITA,ENG,2022-23,UEFA,False
2023-02-15,Borussia Dortmund,Chelsea FC,borussia dortmund,chelsea,1,0,GER,ENG,2022-23,UEFA,False
2023-02-15,Club Brugge KV,SL Benfica,club brugge,sl benfica,0,2,BEL,POR,2022-23,UEFA,False
2023-02-16,Juventus,FC Nantes,juventus,nantes,1,1,ITA,FRA,2022-23,UEFA,False
2023-02-16,Bayer Leverkusen,AS Monaco,bayer leverkusen,monaco,2,3,GER,FRA,2022-23,UEFA,False
2023-02-16,Sevilla FC,PSV Eindhoven,sevilla,psv eindhoven,3,0,ESP,NED,2022-23,UEFA,False
2023-02-16,FC Barcelona,Manchester United,barcelona,manchester united,2,2,ESP,ENG,2022-23,UEFA,False
2023-02-16,Shakhtar Donetsk,Stade Rennais,shakhtar donetsk,stade rennais,2,1,UKR,FRA,2022-23,UEFA,False
2023-02-16,AFC Ajax,1. FC Union Berlin,ajax,union berlin,0,0,NED,GER,2022-23,UEFA,False
2023-02-16,RB Salzburg,AS Roma,rb salzburg,roma,1,0,AUT,ITA,2022-23,UEFA,False
2023-02-16,Sporting CP,FC Midtjylland,sporting cp,midtjylland,1,1,POR,DEN,2022-23,UEFA,False
2023-02-16,Trabzonspor,FC Basel 1893,trabzonspor,basel 1893,1,0,TUR,SUI,2022-23,UEFA,False
2023-02-16,FK Bodø/Glimt,Lech Poznań,bodø/glimt,lech poznań,0,0,NOR,POL,2022-23,UEFA,False
2023-02-16,Sporting Braga,ACF Fiorentina,sporting braga,acf fiorentina,0,4,POR,ITA,2022-23,UEFA,False
2023-02-16,Lazio Roma,CFR Cluj,lazio roma,cfr cluj,1,0,ITA,ROU,2022-23,UEFA,False
2023-02-16,AEK Larnaca,SK Dnipro-1,aek larnaca,dnipro-1,1,0,CYP,UKR,2022-23,UEFA,False
2023-02-16,FC Sheriff,Partizan,sheriff,partizan,0,1,MDA,SRB,2022-23,UEFA,False
2023-02-16,PFC Ludogorets Razgrad,RSC Anderlecht,pfc ludogorets razgrad,rsc anderlecht,1,0,BUL,BEL,2022-23,UEFA,False
2023-02-16,Qarabağ FK,KAA Gent,qarabağ,kaa gent,1,0,AZE,BEL,2022-23,UEFA,False
2023-02-21,Eintracht Frankfurt,SSC Napoli,eintracht frankfurt,ssc napoli,0,2,GER,ITA,2022-23,UEFA,False
2023-02-21,Liverpool FC,Real Madrid,liverpool,real madrid,2,5,ENG,ESP,2022-23,UEFA,False
2023-02-22,Inter,FC Porto,inter,porto,1,0,ITA,POR,2022-23,UEFA,False
2023-02-22,RB Leipzig,Manchester City,rb leipzig,manchester city,1,1,GER,ENG,2022-23,UEFA,False
2023-02-23,FC Basel 1893,Trabzonspor,basel 1893,trabzonspor,2,0,SUI,TUR,2022-23,UEFA,False
2023-02-23,FC Midtjylland,Sporting CP,midtjylland,sporting cp,0,4,DEN,POR,2022-23,UEFA,False
2023-02-23,AS Monaco,Bayer Leverkusen,monaco,bayer leverkusen,3,5,FRA,GER,2022-23,UEFA,False
2023-02-23,PSV Eindhoven,Sevilla FC,psv eindhoven,sevilla,2,0,NED,ESP,2022-23,UEFA,False
2023-02-23,CFR Cluj,Lazio Roma,cfr cluj,lazio roma,0,0,ROU,ITA,2022-23,UEFA,False
2023-02-23,SK Dnipro-1,AEK Larnaca,dnipro-1,aek larnaca,0,0,UKR,CYP,2022-23,UEFA,False
2023-02-23,Manchester United,FC Barcelona,manchester united,barcelona,2,1,ENG,ESP,2022-23,UEFA,False
2023-02-23,Stade Rennais,Shakhtar Donetsk,stade rennais,shakhtar donetsk,4,5,FRA,UKR,2022-23,UEFA,False
2023-02-23,KAA Gent,Qarabağ FK,kaa gent,qarabağ,5,3,BEL,AZE,2022-23,UEFA,False
2023-02-23,1. FC Union Berlin,AFC Ajax,union berlin,ajax,3,1,GER,NED,2022-23,UEFA,False
2023-02-23,Partizan,FC Sheriff,partizan,sheriff,1,3,SRB,MDA,2022-23,UEFA,False
2023-02-23,RSC Anderlecht,PFC Ludogorets Razgrad,rsc anderlecht,pfc ludogorets razgrad,3,0,BEL,BUL,2022-23,UEFA,False
2023-02-23,FC Nantes,Juventus,nantes,juventus,0,3,FRA,ITA,2022-23,UEFA,False
2023-02-23,ACF Fiorentina,Sporting Braga,acf fiorentina,sporting braga,3,2,ITA,POR,2022-23,UEFA,False
2023-02-23,Lech Poznań,FK Bodø/Glimt,lech poznań,bodø/glimt,1,0,POL,NOR,2022-23,UEFA,False
2023-02-23,AS Roma,RB Salzburg,roma,rb salzburg,2,0,ITA,AUT,2022-23,UEFA,False
2023-03-07,SL Benfica,Club Brugge KV,sl benfica,club brugge,5,1,POR,BEL,2022-23,UEFA,False
2023-03-07,Chelsea FC,Borussia Dortmund,chelsea,borussia dortmund,2,0,ENG,GER,2022-23,UEFA,False
2023-03-07,Lazio Roma,AZ Alkmaar,lazio roma,az alkmaar,1,2,ITA,NED,2022-23,UEFA,False
2023-03-08,Tottenham Hotspur,AC Milan,tottenham hotspur,milan,0,0,ENG,ITA,2022-23,UEFA,False
2023-03-08,Bayern München,Paris Saint-Germain,bayern münchen,paris saint-germain,2,0,GER,FRA,2022-23,UEFA,False
2023-03-09,Shakhtar Donetsk,Feyenoord,shakhtar donetsk,feyenoord,1,1,UKR,NED,2022-23,UEFA,False
2023-03-09,FC Basel 1893,Slovan Bratislava,basel 1893,slovan bratislava,2,2,SUI,SVK,2022-23,UEFA,False
2023-03-09,Juventus,SC Freiburg,juventus,freiburg,1,0,ITA,GER,2022-23,UEFA,False
2023-03-09,Manchester United,Real Betis,manchester united,real betis,4,1,ENG,ESP,2022-23,UEFA,False
2023-03-09,KAA Gent,İstanbul Başakşehir,kaa gent,i̇stanbul başakşehir,1,1,BEL,TUR,2022-23,UEFA,False
2023-03-09,Lech Poznań,Djurgårdens IF,lech poznań,djurgårdens if,2,0,POL,SWE,2022-23,UEFA,False
2023-03-09,ACF Fiorentina,Sivasspor,acf fiorentina,sivasspor,1,0,ITA,TUR,2022-23,UEFA,False
2023-03-09,RSC Anderlecht,Villarreal CF,rsc anderlecht,villarreal,1,1,BEL,ESP,2022-23,UEFA,False
2023-03-09,FC Sheriff,OGC Nice,sheriff,ogc nice,0,1,MDA,FRA,2022-23,UEFA,False
2023-03-09,AEK Larnaca,West Ham United,aek larnaca,west ham united,0,2,CYP,ENG,2022-23,UEFA,False
2023-03-09,1. FC Union Berlin,Union Saint-Gilloise,union berlin,union saint-gilloise,3,3,GER,BEL,2022-23,UEFA,False
2023-03-09,Bayer Leverkusen,Ferencvárosi TC,bayer leverkusen,ferencvárosi tc,2,0,GER,HUN,2022-23,UEFA,False
2023-03-09,Sporting CP,Arsenal FC,sporting cp,arsenal,2,2,POR,ENG,2022-23,UEFA,False
2023-03-09,AS Roma,Real Sociedad,roma,real sociedad,2,0,ITA,ESP,2022-23,UEFA,False
2023-03-09,Sevilla FC,Fenerbahçe,sevilla,fenerbahçe,2,0,ESP,TUR,2022-23,UEFA,False
2023-03-14,Manchester City,RB Leipzig,manchester city,rb leipzig,7,0,ENG,GER,2022-23,UEFA,False
2023-03-14,FC Porto,Inter,porto,inter,0,0,POR,ITA,2022-23,UEFA,False
2023-03-15,İstanbul Başakşehir,KAA Gent,i̇stanbul başakşehir,kaa gent,1,4,TUR,BEL,2022-23,UEFA,False
2023-03-15,Real Madrid,Liverpool FC,real madrid,liverpool,1,0,ESP,ENG,2022-23,UEFA,False
2023-03-15,SSC Napoli,Eintracht Frankfurt,ssc napoli,eintracht frankfurt,3,0,ITA,GER,2022-23,UEFA,False
2023-03-16,SC Freiburg,Juventus,freiburg,juventus,0,2,GER,ITA,2022-23,UEFA,False
2023-03-16,Union Saint-Gilloise,1. FC Union Berlin,union saint-gilloise,union berlin,3,0,BEL,GER,2022-23,UEFA,False
2023-03-16,Ferencvárosi TC,Bayer Leverkusen,ferencvárosi tc,bayer leverkusen,0,2,HUN,GER,2022-23,UEFA,False
2023-03-16,Arsenal FC,Sporting CP,arsenal,sporting cp,3,5,ENG,POR,2022-23,UEFA,False
2023-03-16,Real Sociedad,AS Roma,real sociedad,roma,0,0,ESP,ITA,2022-23,UEFA,False
2023-03-16,Fenerbahçe,Sevilla FC,fenerbahçe,sevilla,1,0,TUR,ESP,2022-23,UEFA,False
2023-03-16,Villarreal CF,RSC Anderlecht,villarreal,rsc anderlecht,0,1,ESP,BEL,2022-23,UEFA,False
2023-03-16,OGC Nice,FC Sheriff,ogc nice,sheriff,3,1,FRA,MDA,2022-23,UEFA,False
2023-03-16,AZ Alkmaar,Lazio Roma,az alkmaar,lazio roma,2,1,NED,ITA,2022-23,UEFA,False
2023-03-16,West Ham United,AEK Larnaca,west ham united,aek larnaca,4,0,ENG,CYP,2022-23,UEFA,False
2023-03-16,Slovan Bratislava,FC Basel 1893,slovan bratislava,basel 1893,1,4,SVK,SUI,2022-23,UEFA,False
2023-03-16,Djurgårdens IF,Lech Poznań,djurgårdens if,lech poznań,0,3,SWE,POL,2022-23,UEFA,False
2023-03-16,Sivasspor,ACF Fiorentina,sivasspor,acf fiorentina,1,4,TUR,ITA,2022-23,UEFA,False
2023-03-16,Real Betis,Manchester United,real betis,manchester united,0,1,ESP,ENG,2022-23,UEFA,False
2023-03-16,Feyenoord,Shakhtar Donetsk,feyenoord,shakhtar donetsk,7,1,NED,UKR,2022-23,UEFA,False
2023-04-11,SL Benfica,Inter,sl benfica,inter,0,2,POR,ITA,2022-23,UEFA,False
2023-04-11,Manchester City,Bayern München,manchester city,bayern münchen,3,0,ENG,GER,2022-23,UEFA,False
2023-04-12,Real Madrid,Chelsea FC,real madrid,chelsea,2,0,ESP,ENG,2022-23,UEFA,False
2023-04-12,AC Milan,SSC Napoli,milan,ssc napoli,1,0,ITA,ITA,2022-23,UEFA,False
2023-04-13,KAA Gent,West Ham United,kaa gent,west ham united,1,1,BEL,ENG,2022-23,UEFA,False
2023-04-13,Bayer Leverkusen,Union Saint-Gilloise,bayer leverkusen,union saint-gilloise,1,1,GER,BEL,2022-23,UEFA,False
2023-04-13,Juventus,Sporting CP,juventus,sporting cp,1,0,ITA,POR,2022-23,UEFA,False
2023-04-13,Manchester United,Sevilla FC,manchester united,sevilla,2,2,ENG,ESP,2022-23,UEFA,False
2023-04-13,Feyenoord,AS Roma,feyenoord,roma,1,0,NED,ITA,2022-23,UEFA,False
2023-04-13,RSC Anderlecht,AZ Alkmaar,rsc anderlecht,az alkmaar,2,0,BEL,NED,2022-23,UEFA,False
2023-04-13,FC Basel 1893,OGC Nice,basel 1893,ogc nice,2,2,SUI,FRA,2022-23,UEFA,False
2023-04-13,Lech Poznań,ACF Fiorentina,lech poznań,acf fiorentina,1,4,POL,ITA,2022-23,UEFA,False
2023-04-18,SSC Napoli,AC Milan,ssc napoli,milan,1,1,ITA,ITA,2022-23,UEFA,False
2023-04-18,Chelsea FC,Real Madrid,chelsea,real madrid,0,2,ENG,ESP,2022-23,UEFA,False
2023-04-19,Inter,SL Benfica,inter,sl benfica,3,3,ITA,POR,2022-23,UEFA,False
2023-04-19,Bayern München,Manchester City,bayern münchen,manchester city,1,1,GER,ENG,2022-23,UEFA,False
2023-04-20,Sevilla FC,Manchester United,sevilla,manchester united,3,0,ESP,ENG,2022-23,UEFA,False
2023-04-20,AS Roma,Feyenoord,roma,feyenoord,4,1,ITA,NED,2022-23,UEFA,False
2023-04-20,Union Saint-Gilloise,Bayer Leverkusen,union saint-gilloise,bayer leverkusen,1,4,BEL,GER,2022-23,UEFA,False
2023-04-20,ACF Fiorentina,Lech Poznań,acf fiorentina,lech poznań,2,3,ITA,POL,2022-23,UEFA,False
2023-04-20,AZ Alkmaar,RSC Anderlecht,az alkmaar,rsc anderlecht,4,1,NED,BEL,2022-23,UEFA,False
2023-04-20,Sporting CP,Juventus,sporting cp,juventus,1,1,POR,ITA,2022-23,UEFA,False
2023-04-20,OGC Nice,FC Basel 1893,ogc nice,basel 1893,1,2,FRA,SUI,2022-23,UEFA,False
2023-04-20,West Ham United,KAA Gent,west ham united,kaa gent,4,1,ENG,BEL,2022-23,UEFA,False
2023-05-09,Real Madrid,Manchester City,real madrid,manchester city,1,1,ESP,ENG,2022-23,UEFA,False
2023-05-10,AC Milan,Inter,milan,inter,0,2,ITA,ITA,2022-23,UEFA,False
2023-05-11,AS Roma,Bayer Leverkusen,roma,bayer leverkusen,1,0,ITA,GER,2022-23,UEFA,False
2023-05-11,West Ham United,AZ Alkmaar,west ham united,az alkmaar,2,1,ENG,NED,2022-23,UEFA,False
2023-05-11,Juventus,Sevilla FC,juventus,sevilla,1,1,ITA,ESP,2022-23,UEFA,False
2023-05-11,ACF Fiorentina,FC Basel 1893,acf fiorentina,basel 1893,1,2,ITA,SUI,2022-23,UEFA,False
2023-05-16,Inter,AC Milan,inter,milan,1,0,ITA,ITA,2022-23,UEFA,False
2023-05-17,Manchester City,Real Madrid,manchester city,real madrid,4,0,ENG,ESP,2022-23,UEFA,False
2023-05-18,FC Basel 1893,ACF Fiorentina,basel 1893,acf fiorentina,1,3,SUI,ITA,2022-23,UEFA,False
2023-05-18,AZ Alkmaar,West Ham United,az alkmaar,west ham united,0,1,NED,ENG,2022-23,UEFA,False
2023-05-18,Bayer Leverkusen,AS Roma,bayer leverkusen,roma,0,0,GER,ITA,2022-23,UEFA,False
2023-05-18,Sevilla FC,Juventus,sevilla,juventus,2,1,ESP,ITA,2022-23,UEFA,False
2023-05-31,Sevilla FC,AS Roma,sevilla,roma,4,1,ESP,ITA,2022-23,UEFA,False
2023-06-07,ACF Fiorentina,West Ham United,acf fiorentina,west ham united,1,2,ITA,ENG,2022-23,UEFA,False
2023-06-10,Manchester City,Inter,manchester city,inter,1,0,ENG,ITA,2022-23,UEFA,False
2023-09-19,AC Milan,Newcastle United FC,milan,newcastle united,0,0,ITA,ENG,2023-24,UEFA,False
2023-09-19,BSC Young Boys,RB Leipzig,young boys,rb leipzig,1,3,SUI,GER,2023-24,UEFA,False
2023-09-19,SS Lazio,Club Atlético de Madrid,ss lazio,club atlético de madrid,1,1,ITA,ESP,2023-24,UEFA,False
2023-09-19,Feyenoord Rotterdam,Celtic FC,feyenoord rotterdam,celtic,2,0,NED,SCO,2023-24,UEFA,False
2023-09-19,Paris Saint-Germain FC,Borussia Dortmund,paris saint-germain,borussia dortmund,2,0,FRA,GER,2023-24,UEFA,False
2023-09-19,Manchester City FC,FK Crvena Zvezda,manchester city,crvena zvezda,3,1,ENG,SRB,2023-24,UEFA,False
2023-09-19,FC Barcelona,Royal Antwerp FC,barcelona,royal antwerp,5,0,ESP,BEL,2023-24,UEFA,False
2023-09-19,FK Shakhtar Donetsk,FC Porto,shakhtar donetsk,porto,1,3,UKR,POR,2023-24,UEFA,False
2023-09-20,Arsenal FC,PSV,arsenal,psv,4,0,ENG,NED,2023-24,UEFA,False
2023-09-20,Lille OSC,Olimpija Ljubljana,lille osc,olimpija ljubljana,2,0,FRA,SVN,2023-24,UEFA,False
2023-09-20,FC Bayern München,Manchester United FC,bayern münchen,manchester united,4,3,GER,ENG,2023-24,UEFA,False
2023-09-20,Sport Lisboa e Benfica,FC Red Bull Salzburg,sport lisboa e benfica,red bull salzburg,0,2,POR,AUT,2023-24,UEFA,False
2023-09-20,Real Madrid CF,1. FC Union Berlin,real madrid,union berlin,1,0,ESP,GER,2023-24,UEFA,False
2023-09-20,Sporting Clube de Braga,SSC Napoli,sporting clube de braga,ssc napoli,1,2,POR,ITA,2023-24,UEFA,False
2023-09-20,Sevilla FC,Racing Club de Lens,sevilla,racing club de lens,1,1,ESP,FRA,2023-24,UEFA,False
2023-09-20,Galatasaray SK,FC København,galatasaray,københavn,2,2,TUR,DEN,2023-24,UEFA,False
2023-09-20,Real Sociedad de Fútbol,FC Internazionale Milano,real sociedad de fútbol,internazionale milano,1,1,ESP,ITA,2023-24,UEFA,False
2023-09-21,Viktoria Plzeň,KF Ballkani,viktoria plzeň,kf ballkani,1,0,CZE,KOS,2023-24,UEFA,False
2023-09-21,FC Sheriff,AS Roma,sheriff,roma,1,2,MDA,ITA,2023-24,UEFA,False
2023-09-21,Servette FC,Slavia Praha,servette,slavia praha,0,2,SUI,CZE,2023-24,UEFA,False
2023-09-21,Bayer Leverkusen,BK Häcken,bayer leverkusen,bk häcken,4,0,GER,SWE,2023-24,UEFA,False
2023-09-21,West Ham United,TSC Bačka Topola,west ham united,tsc bačka topola,3,1,ENG,SRB,2023-24,UEFA,False
2023-09-21,HJK Helsinki,PAOK Saloniki,hjk helsinki,paok saloniki,2,3,FIN,GRE,2023-24,UEFA,False
2023-09-21,Eintracht Frankfurt,Aberdeen FC,eintracht frankfurt,aberdeen,2,1,GER,SCO,2023-24,UEFA,False
2023-09-21,Club Brugge KV,Beşiktaş,club brugge,beşiktaş,1,1,BEL,TUR,2023-24,UEFA,False
2023-09-21,FC Lugano,FK Bodø/Glimt,lugano,bodø/glimt,0,0,SUI,NOR,2023-24,UEFA,False
2023-09-21,KRC Genk,ACF Fiorentina,krc genk,acf fiorentina,2,2,BEL,ITA,2023-24,UEFA,False
2023-09-21,Ferencvárosi TC,FK Čukarički,ferencvárosi tc,čukarički,3,1,HUN,SRB,2023-24,UEFA,False
2023-09-21,Panathinaikos,Villarreal CF,panathinaikos,villarreal,2,0,GRE,ESP,2023-24,UEFA,False
2023-09-21,Stade Rennais,Maccabi Haifa,stade rennais,maccabi haifa,3,0,FRA,ISR,2023-24,UEFA,False
2023-09-21,Fenerbahçe,FC Nordsjælland,fenerbahçe,nordsjælland,3,1,TUR,DEN,2023-24,UEFA,False
2023-09-21,Legia Warszawa,Aston Villa,legia warszawa,aston villa,3,2,POL,ENG,2023-24,UEFA,False
2023-09-21,LASK,Liverpool FC,lask,liverpool,1,3,AUT,ENG,2023-24,UEFA,False
2023-09-21,Union Saint-Gilloise,Toulouse FC,union saint-gilloise,toulouse,1,1,BEL,FRA,2023-24,UEFA,False
2023-09-21,PFC Ludogorets Razgrad,Spartak Trnava,pfc ludogorets razgrad,spartak trnava,4,0,BUL,SVK,2023-24,UEFA,False
2023-09-21,Sturm Graz,Sporting CP,sturm graz,sporting cp,1,2,AUT,POR,2023-24,UEFA,False
2023-09-21,Atalanta,Raków Częstochowa,atalanta,raków częstochowa,2,0,ITA,POL,2023-24,UEFA,False
2023-09-21,Zorya Lugansk,KAA Gent,zorya lugansk,kaa gent,1,1,UKR,BEL,2023-24,UEFA,False
2023-09-21,Maccabi Tel Aviv,Breiðablik,maccabi tel aviv,breiðablik,3,2,ISR,ISL,2023-24,UEFA,False
2023-09-21,Rangers FC,Real Betis,rangers,real betis,1,0,SCO,ESP,2023-24,UEFA,False
2023-09-21,AC Sparta Praha,Aris Limassol,sparta praha,aris limassol,3,2,CZE,CYP,2023-24,UEFA,False
2023-09-21,Olympiakos Piraeus,SC Freiburg,olympiakos piraeus,freiburg,2,3,GRE,GER,2023-24,UEFA,False
2023-09-21,Brighton & Hove Albion,AEK Athen,brighton & hove albion,aek athen,2,3,ENG,GRE,2023-24,UEFA,False
2023-09-21,AFC Ajax,Olympique Marseille,ajax,olympique marseille,3,3,NED,FRA,2023-24,UEFA,False
2023-09-21,Dinamo Zagreb,FK Astana,dinamo zagreb,astana,5,1,CRO,KAZ,2023-24,UEFA,False
2023-09-21,Zrinjski Mostar,AZ Alkmaar,zrinjski mostar,az alkmaar,4,3,BIH,NED,2023-24,UEFA,False
2023-09-21,Qarabağ FK,Molde FK,qarabağ,molde,1,0,AZE,NOR,2023-24,UEFA,False
2023-09-21,Slovan Bratislava,KÍ Klaksvík,slovan bratislava,kí klaksvík,2,1,SVK,FRO,2023-24,UEFA,False
2023-10-03,1. FC Union Berlin,Sporting Clube de Braga,union berlin,sporting clube de braga,2,3,GER,POR,2023-24,UEFA,False
2023-10-03,FC Red Bull Salzburg,Real Sociedad de Fútbol,red bull salzburg,real sociedad de fútbol,0,2,AUT,ESP,2023-24,UEFA,False
2023-10-03,SSC Napoli,Real Madrid CF,ssc napoli,real madrid,2,3,ITA,ESP,2023-24,UEFA,False
2023-10-03,FC Internazionale Milano,Sport Lisboa e Benfica,internazionale milano,sport lisboa e benfica,1,0,ITA,POR,2023-24,UEFA,False
2023-10-03,FC København,FC Bayern München,københavn,bayern münchen,1,2,DEN,GER,2023-24,UEFA,False
2023-10-03,Manchester United FC,Galatasaray SK,manchester united,galatasaray,2,3,ENG,TUR,2023-24,UEFA,False
2023-10-03,Racing Club de Lens,Arsenal FC,racing club de lens,arsenal,2,1,FRA,ENG,2023-24,UEFA,False
2023-10-03,PSV,Sevilla FC,psv,sevilla,2,2,NED,ESP,2023-24,UEFA,False
2023-10-04,Club Atlético de Madrid,Feyenoord Rotterdam,club atlético de madrid,feyenoord rotterdam,3,2,ESP,NED,2023-24,UEFA,False
2023-10-04,Royal Antwerp FC,FK Shakhtar Donetsk,royal antwerp,shakhtar donetsk,2,3,BEL,UKR,2023-24,UEFA,False
2023-10-04,Celtic FC,SS Lazio,celtic,ss lazio,1,2,SCO,ITA,2023-24,UEFA,False
2023-10-04,Borussia Dortmund,AC Milan,borussia dortmund,milan,0,0,GER,ITA,2023-24,UEFA,False
2023-10-04,Newcastle United FC,Paris Saint-Germain FC,newcastle united,paris saint-germain,4,1,ENG,FRA,2023-24,UEFA,False
2023-10-04,FK Crvena Zvezda,BSC Young Boys,crvena zvezda,young boys,2,2,SRB,SUI,2023-24,UEFA,False
2023-10-04,FC Porto,FC Barcelona,porto,barcelona,0,1,POR,ESP,2023-24,UEFA,False
2023-10-04,RB Leipzig,Manchester City FC,rb leipzig,manchester city,1,3,GER,ENG,2023-24,UEFA,False
2023-10-05,Beşiktaş,FC Lugano,beşiktaş,lugano,2,3,TUR,SUI,2023-24,UEFA,False
2023-10-05,Olimpija Ljubljana,Slovan Bratislava,olimpija ljubljana,slovan bratislava,0,1,SVN,SVK,2023-24,UEFA,False
2023-10-05,AZ Alkmaar,Legia Warszawa,az alkmaar,legia warszawa,1,0,NED,POL,2023-24,UEFA,False
2023-10-05,FK Bodø/Glimt,Club Brugge KV,bodø/glimt,club brugge,0,1,NOR,BEL,2023-24,UEFA,False
2023-10-05,Toulouse FC,LASK,toulouse,lask,1,0,FRA,AUT,2023-24,UEFA,False
2023-10-05,Liverpool FC,Union Saint-Gilloise,liverpool,union saint-gilloise,2,0,ENG,BEL,2023-24,UEFA,False
2023-10-05,AEK Athen,AFC Ajax,aek athen,ajax,1,1,GRE,NED,2023-24,UEFA,False
2023-10-05,Olympique Marseille,Brighton & Hove Albion,olympique marseille,brighton & hove albion,2,2,FRA,ENG,2023-24,UEFA,False
2023-10-05,KÍ Klaksvík,Lille OSC,kí klaksvík,lille osc,0,0,FRO,FRA,2023-24,UEFA,False
2023-10-05,Aston Villa,Zrinjski Mostar,aston villa,zrinjski mostar,1,0,ENG,BIH,2023-24,UEFA,False
2023-10-05,Spartak Trnava,Fenerbahçe,spartak trnava,fenerbahçe,1,2,SVK,TUR,2023-24,UEFA,False
2023-10-05,Sporting CP,Atalanta,sporting cp,atalanta,1,2,POR,ITA,2023-24,UEFA,False
2023-10-05,Raków Częstochowa,Sturm Graz,raków częstochowa,sturm graz,0,1,POL,AUT,2023-24,UEFA,False
2023-10-05,FK Čukarički,KRC Genk,čukarički,krc genk,0,2,SRB,BEL,2023-24,UEFA,False
2023-10-05,ACF Fiorentina,Ferencvárosi TC,acf fiorentina,ferencvárosi tc,2,2,ITA,HUN,2023-24,UEFA,False
2023-10-05,KAA Gent,Maccabi Tel Aviv,kaa gent,maccabi tel aviv,2,0,BEL,ISR,2023-24,UEFA,False
2023-10-05,Breiðablik,Zorya Lugansk,breiðablik,zorya lugansk,0,1,ISL,UKR,2023-24,UEFA,False
2023-10-05,FC Nordsjælland,PFC Ludogorets Razgrad,nordsjælland,pfc ludogorets razgrad,7,1,DEN,BUL,2023-24,UEFA,False
2023-10-05,Aris Limassol,Rangers FC,aris limassol,rangers,2,1,CYP,SCO,2023-24,UEFA,False
2023-10-05,Real Betis,AC Sparta Praha,real betis,sparta praha,2,1,ESP,CZE,2023-24,UEFA,False
2023-10-05,PAOK Saloniki,Eintracht Frankfurt,paok saloniki,eintracht frankfurt,2,1,GRE,GER,2023-24,UEFA,False
2023-10-05,Maccabi Haifa,Panathinaikos,maccabi haifa,panathinaikos,0,0,ISR,GRE,2023-24,UEFA,False
2023-10-05,FK Astana,Viktoria Plzeň,astana,viktoria plzeň,1,2,KAZ,CZE,2023-24,UEFA,False
2023-10-05,KF Ballkani,Dinamo Zagreb,kf ballkani,dinamo zagreb,2,0,KOS,CRO,2023-24,UEFA,False
2023-10-05,BK Häcken,Qarabağ FK,bk häcken,qarabağ,0,1,SWE,AZE,2023-24,UEFA,False
2023-10-05,AS Roma,Servette FC,roma,servette,4,0,ITA,SUI,2023-24,UEFA,False
2023-10-05,Slavia Praha,FC Sheriff,slavia praha,sheriff,6,0,CZE,MDA,2023-24,UEFA,False
2023-10-05,TSC Bačka Topola,Olympiakos Piraeus,tsc bačka topola,olympiakos piraeus,2,2,SRB,GRE,2023-24,UEFA,False
2023-10-05,SC Freiburg,West Ham United,freiburg,west ham united,1,2,GER,ENG,2023-24,UEFA,False
2023-10-05,Villarreal CF,Stade Rennais,villarreal,stade rennais,1,0,ESP,FRA,2023-24,UEFA,False
2023-10-05,Aberdeen FC,HJK Helsinki,aberdeen,hjk helsinki,1,1,SCO,FIN,2023-24,UEFA,False
2023-10-05,Molde FK,Bayer Leverkusen,molde,bayer leverkusen,1,2,NOR,GER,2023-24,UEFA,False
2023-10-24,Racing Club de Lens,PSV,racing club de lens,psv,1,1,FRA,NED,2023-24,UEFA,False
2023-10-24,Sevilla FC,Arsenal FC,sevilla,arsenal,1,2,ESP,ENG,2023-24,UEFA,False
2023-10-24,Manchester United FC,FC København,manchester united,københavn,1,0,ENG,DEN,2023-24,UEFA,False
2023-10-24,FC Internazionale Milano,FC Red Bull Salzburg,internazionale milano,red bull salzburg,2,1,ITA,AUT,2023-24,UEFA,False
2023-10-24,Sporting Clube de Braga,Real Madrid CF,sporting clube de braga,real madrid,1,2,POR,ESP,2023-24,UEFA,False
2023-10-24,1. FC Union Berlin,SSC Napoli,union berlin,ssc napoli,0,1,GER,ITA,2023-24,UEFA,False
2023-10-24,Galatasaray SK,FC Bayern München,galatasaray,bayern münchen,1,3,TUR,GER,2023-24,UEFA,False
2023-10-24,Sport Lisboa e Benfica,Real Sociedad de Fútbol,sport lisboa e benfica,real sociedad de fútbol,0,1,POR,ESP,2023-24,UEFA,False
2023-10-25,BSC Young Boys,Manchester City FC,young boys,manchester city,1,3,SUI,ENG,2023-24,UEFA,False
2023-10-25,Newcastle United FC,Borussia Dortmund,newcastle united,borussia dortmund,0,1,ENG,GER,2023-24,UEFA,False
2023-10-25,Feyenoord Rotterdam,SS Lazio,feyenoord rotterdam,ss lazio,3,1,NED,ITA,2023-24,UEFA,False
2023-10-25,Royal Antwerp FC,FC Porto,royal antwerp,porto,1,4,BEL,POR,2023-24,UEFA,False
2023-10-25,Celtic FC,Club Atlético de Madrid,celtic,club atlético de madrid,2,2,SCO,ESP,2023-24,UEFA,False
2023-10-25,RB Leipzig,FK Crvena Zvezda,rb leipzig,crvena zvezda,3,1,GER,SRB,2023-24,UEFA,False
2023-10-25,FC Barcelona,FK Shakhtar Donetsk,barcelona,shakhtar donetsk,2,1,ESP,UKR,2023-24,UEFA,False
2023-10-25,Paris Saint-Germain FC,AC Milan,paris saint-germain,milan,3,0,FRA,ITA,2023-24,UEFA,False
2023-10-26,Dinamo Zagreb,Viktoria Plzeň,dinamo zagreb,viktoria plzeň,0,1,CRO,CZE,2023-24,UEFA,False
2023-10-26,KF Ballkani,FK Astana,kf ballkani,astana,1,2,KOS,KAZ,2023-24,UEFA,False
2023-10-26,Aberdeen FC,PAOK Saloniki,aberdeen,paok saloniki,2,3,SCO,GRE,2023-24,UEFA,False
2023-10-26,KÍ Klaksvík,Olimpija Ljubljana,kí klaksvík,olimpija ljubljana,3,0,FRO,SVN,2023-24,UEFA,False
2023-10-26,Lille OSC,Slovan Bratislava,lille osc,slovan bratislava,2,1,FRA,SVK,2023-24,UEFA,False
2023-10-26,Eintracht Frankfurt,HJK Helsinki,eintracht frankfurt,hjk helsinki,6,0,GER,FIN,2023-24,UEFA,False
2023-10-26,FC Lugano,Club Brugge KV,lugano,club brugge,1,3,SUI,BEL,2023-24,UEFA,False
2023-10-26,FK Bodø/Glimt,Beşiktaş,bodø/glimt,beşiktaş,3,1,NOR,TUR,2023-24,UEFA,False
2023-10-26,Spartak Trnava,FC Nordsjælland,spartak trnava,nordsjælland,0,2,SVK,DEN,2023-24,UEFA,False
2023-10-26,Fenerbahçe,PFC Ludogorets Razgrad,fenerbahçe,pfc ludogorets razgrad,3,1,TUR,BUL,2023-24,UEFA,False
2023-10-26,ACF Fiorentina,FK Čukarički,acf fiorentina,čukarički,6,0,ITA,SRB,2023-24,UEFA,False
2023-10-26,KAA Gent,Breiðablik,kaa gent,breiðablik,5,0,BEL,ISL,2023-24,UEFA,False
2023-10-26,AZ Alkmaar,Aston Villa,az alkmaar,aston villa,1,4,NED,ENG,2023-24,UEFA,False
2023-10-26,KRC Genk,Ferencvárosi TC,krc genk,ferencvárosi tc,0,0,BEL,HUN,2023-24,UEFA,False
2023-10-26,Sturm Graz,Atalanta,sturm graz,atalanta,2,2,AUT,ITA,2023-24,UEFA,False
2023-10-26,Olympiakos Piraeus,West Ham United,olympiakos piraeus,west ham united,2,1,GRE,ENG,2023-24,UEFA,False
2023-10-26,Bayer Leverkusen,Qarabağ FK,bayer leverkusen,qarabağ,5,1,GER,AZE,2023-24,UEFA,False
2023-10-26,Molde FK,BK Häcken,molde,bk häcken,5,1,NOR,SWE,2023-24,UEFA,False
2023-10-26,FC Sheriff,Servette FC,sheriff,servette,1,1,MDA,SUI,2023-24,UEFA,False
2023-10-26,Zrinjski Mostar,Legia Warszawa,zrinjski mostar,legia warszawa,1,2,BIH,POL,2023-24,UEFA,False
2023-10-26,Panathinaikos,Stade Rennais,panathinaikos,stade rennais,1,2,GRE,FRA,2023-24,UEFA,False
2023-10-26,Union Saint-Gilloise,LASK,union saint-gilloise,lask,2,1,BEL,AUT,2023-24,UEFA,False
2023-10-26,Liverpool FC,Toulouse FC,liverpool,toulouse,5,1,ENG,FRA,2023-24,UEFA,False
2023-10-26,Raków Częstochowa,Sporting CP,raków częstochowa,sporting cp,1,1,POL,POR,2023-24,UEFA,False
2023-10-26,Aris Limassol,Real Betis,aris limassol,real betis,0,1,CYP,ESP,2023-24,UEFA,False
2023-10-26,AS Roma,Slavia Praha,roma,slavia praha,2,0,ITA,CZE,2023-24,UEFA,False
2023-10-26,TSC Bačka Topola,SC Freiburg,tsc bačka topola,freiburg,1,3,SRB,GER,2023-24,UEFA,False
2023-10-26,Brighton & Hove Albion,AFC Ajax,brighton & hove albion,ajax,2,0,ENG,NED,2023-24,UEFA,False
2023-10-26,AC Sparta Praha,Rangers FC,sparta praha,rangers,0,0,CZE,SCO,2023-24,UEFA,False
2023-10-26,Olympique Marseille,AEK Athen,olympique marseille,aek athen,3,1,FRA,GRE,2023-24,UEFA,False
2023-11-07,Borussia Dortmund,Newcastle United FC,borussia dortmund,newcastle united,2,0,GER,ENG,2023-24,UEFA,False
2023-11-07,FK Shakhtar Donetsk,FC Barcelona,shakhtar donetsk,barcelona,1,0,UKR,ESP,2023-24,UEFA,False
2023-11-07,Club Atlético de Madrid,Celtic FC,club atlético de madrid,celtic,6,0,ESP,SCO,2023-24,UEFA,False
2023-11-07,SS Lazio,Feyenoord Rotterdam,ss lazio,feyenoord rotterdam,1,0,ITA,NED,2023-24,UEFA,False
2023-11-07,AC Milan,Paris Saint-Germain FC,milan,paris saint-germain,2,1,ITA,FRA,2023-24,UEFA,False
2023-11-07,Manchester City FC,BSC Young Boys,manchester city,young boys,3,0,ENG,SUI,2023-24,UEFA,False
2023-11-07,FK Crvena Zvezda,RB Leipzig,crvena zvezda,rb leipzig,1,2,SRB,GER,2023-24,UEFA,False
2023-11-07,FC Porto,Royal Antwerp FC,porto,royal antwerp,2,0,POR,BEL,2023-24,UEFA,False
2023-11-08,PSV,Racing Club de Lens,psv,racing club de lens,1,0,NED,FRA,2023-24,UEFA,False
2023-11-08,Arsenal FC,Sevilla FC,arsenal,sevilla,2,0,ENG,ESP,2023-24,UEFA,False
2023-11-08,FC København,Manchester United FC,københavn,manchester united,4,3,DEN,ENG,2023-24,UEFA,False
2023-11-08,SSC Napoli,1. FC Union Berlin,ssc napoli,union berlin,1,1,ITA,GER,2023-24,UEFA,False
2023-11-08,FC Red Bull Salzburg,FC Internazionale Milano,red bull salzburg,internazionale milano,0,1,AUT,ITA,2023-24,UEFA,False
2023-11-08,Real Madrid CF,Sporting Clube de Braga,real madrid,sporting clube de braga,3,0,ESP,POR,2023-24,UEFA,False
2023-11-08,Real Sociedad de Fútbol,Sport Lisboa e Benfica,real sociedad de fútbol,sport lisboa e benfica,3,1,ESP,POR,2023-24,UEFA,False
2023-11-08,FC Bayern München,Galatasaray SK,bayern münchen,galatasaray,2,1,GER,TUR,2023-24,UEFA,False
2023-11-09,BK Häcken,Molde FK,bk häcken,molde,1,3,SWE,NOR,2023-24,UEFA,False
2023-11-09,Ferencvárosi TC,KRC Genk,ferencvárosi tc,krc genk,1,1,HUN,BEL,2023-24,UEFA,False
2023-11-09,AEK Athen,Olympique Marseille,aek athen,olympique marseille,0,2,GRE,FRA,2023-24,UEFA,False
2023-11-09,SC Freiburg,TSC Bačka Topola,freiburg,tsc bačka topola,5,0,GER,SRB,2023-24,UEFA,False
2023-11-09,Rangers FC,AC Sparta Praha,rangers,sparta praha,2,1,SCO,CZE,2023-24,UEFA,False
2023-11-09,Real Betis,Aris Limassol,real betis,aris limassol,4,1,ESP,CYP,2023-24,UEFA,False
2023-11-09,AFC Ajax,Brighton & Hove Albion,ajax,brighton & hove albion,0,2,NED,ENG,2023-24,UEFA,False
2023-11-09,Atalanta,Sturm Graz,atalanta,sturm graz,1,0,ITA,AUT,2023-24,UEFA,False
2023-11-09,Sporting CP,Raków Częstochowa,sporting cp,raków częstochowa,2,1,POR,POL,2023-24,UEFA,False
2023-11-09,PAOK Saloniki,Aberdeen FC,paok saloniki,aberdeen,2,2,GRE,SCO,2023-24,UEFA,False
2023-11-09,HJK Helsinki,Eintracht Frankfurt,hjk helsinki,eintracht frankfurt,0,1,FIN,GER,2023-24,UEFA,False
2023-11-09,FK Čukarički,ACF Fiorentina,čukarički,acf fiorentina,0,1,SRB,ITA,2023-24,UEFA,False
2023-11-09,FC Nordsjælland,Spartak Trnava,nordsjælland,spartak trnava,1,1,DEN,SVK,2023-24,UEFA,False
2023-11-09,LASK,Union Saint-Gilloise,lask,union saint-gilloise,3,0,AUT,BEL,2023-24,UEFA,False
2023-11-09,PFC Ludogorets Razgrad,Fenerbahçe,pfc ludogorets razgrad,fenerbahçe,2,0,BUL,TUR,2023-24,UEFA,False
2023-11-09,Stade Rennais,Panathinaikos,stade rennais,panathinaikos,3,1,FRA,GRE,2023-24,UEFA,False
2023-11-09,Maccabi Haifa,Villarreal CF,maccabi haifa,villarreal,1,2,ISR,ESP,2023-24,UEFA,False
2023-11-09,West Ham United,Olympiakos Piraeus,west ham united,olympiakos piraeus,1,0,ENG,GRE,2023-24,UEFA,False
2023-11-09,Slavia Praha,AS Roma,slavia praha,roma,2,0,CZE,ITA,2023-24,UEFA,False
2023-11-09,Servette FC,FC Sheriff,servette,sheriff,2,1,SUI,MDA,2023-24,UEFA,False
2023-11-09,Toulouse FC,Liverpool FC,toulouse,liverpool,3,2,FRA,ENG,2023-24,UEFA,False
2023-11-09,Aston Villa,AZ Alkmaar,aston villa,az alkmaar,2,1,ENG,NED,2023-24,UEFA,False
2023-11-09,Qarabağ FK,Bayer Leverkusen,qarabağ,bayer leverkusen,0,1,AZE,GER,2023-24,UEFA,False
2023-11-09,Olimpija Ljubljana,KÍ Klaksvík,olimpija ljubljana,kí klaksvík,2,0,SVN,FRO,2023-24,UEFA,False
2023-11-09,Breiðablik,KAA Gent,breiðablik,kaa gent,2,3,ISL,BEL,2023-24,UEFA,False
2023-11-09,Legia Warszawa,Zrinjski Mostar,legia warszawa,zrinjski mostar,2,0,POL,BIH,2023-24,UEFA,False
2023-11-09,FK Astana,KF Ballkani,astana,kf ballkani,0,0,KAZ,KOS,2023-24,UEFA,False
2023-11-09,Viktoria Plzeň,Dinamo Zagreb,viktoria plzeň,dinamo zagreb,1,0,CZE,CRO,2023-24,UEFA,False
2023-11-09,Slovan Bratislava,Lille OSC,slovan bratislava,lille osc,1,1,SVK,FRA,2023-24,UEFA,False
2023-11-09,Zorya Lugansk,Maccabi Tel Aviv,zorya lugansk,maccabi tel aviv,1,3,UKR,ISR,2023-24,UEFA,False
2023-11-09,Beşiktaş,FK Bodø/Glimt,beşiktaş,bodø/glimt,1,2,TUR,NOR,2023-24,UEFA,False
2023-11-09,Club Brugge KV,FC Lugano,club brugge,lugano,2,0,BEL,SUI,2023-24,UEFA,False
2023-11-25,Maccabi Tel Aviv,Zorya Lugansk,maccabi tel aviv,zorya lugansk,3,2,ISR,UKR,2023-24,UEFA,False
2023-11-28,FK Shakhtar Donetsk,Royal Antwerp FC,shakhtar donetsk,royal antwerp,1,0,UKR,BEL,2023-24,UEFA,False
2023-11-28,Feyenoord Rotterdam,Club Atlético de Madrid,feyenoord rotterdam,club atlético de madrid,1,3,NED,ESP,2023-24,UEFA,False
2023-11-28,AC Milan,Borussia Dortmund,milan,borussia dortmund,1,3,ITA,GER,2023-24,UEFA,False
2023-11-28,Paris Saint-Germain FC,Newcastle United FC,paris saint-germain,newcastle united,1,1,FRA,ENG,2023-24,UEFA,False
2023-11-28,SS Lazio,Celtic FC,ss lazio,celtic,2,0,ITA,SCO,2023-24,UEFA,False
2023-11-28,FC Barcelona,FC Porto,barcelona,porto,2,1,ESP,POR,2023-24,UEFA,False
2023-11-28,BSC Young Boys,FK Crvena Zvezda,young boys,crvena zvezda,2,0,SUI,SRB,2023-24,UEFA,False
2023-11-28,Manchester City FC,RB Leipzig,manchester city,rb leipzig,3,2,ENG,GER,2023-24,UEFA,False
2023-11-29,Sport Lisboa e Benfica,FC Internazionale Milano,sport lisboa e benfica,internazionale milano,3,3,POR,ITA,2023-24,UEFA,False
2023-11-29,Sevilla FC,PSV,sevilla,psv,2,3,ESP,NED,2023-24,UEFA,False
2023-11-29,Real Sociedad de Fútbol,FC Red Bull Salzburg,real sociedad de fútbol,red bull salzburg,0,0,ESP,AUT,2023-24,UEFA,False
2023-11-29,FC Bayern München,FC København,bayern münchen,københavn,0,0,GER,DEN,2023-24,UEFA,False
2023-11-29,Arsenal FC,Racing Club de Lens,arsenal,racing club de lens,6,0,ENG,FRA,2023-24,UEFA,False
2023-11-29,Real Madrid CF,SSC Napoli,real madrid,ssc napoli,4,2,ESP,ITA,2023-24,UEFA,False
2023-11-29,Sporting Clube de Braga,1. FC Union Berlin,sporting clube de braga,union berlin,1,1,POR,GER,2023-24,UEFA,False
2023-11-29,Galatasaray SK,Manchester United FC,galatasaray,manchester united,3,3,TUR,ENG,2023-24,UEFA,False
2023-11-30,FC Sheriff,Slavia Praha,sheriff,slavia praha,2,3,MDA,CZE,2023-24,UEFA,False
2023-11-30,TSC Bačka Topola,West Ham United,tsc bačka topola,west ham united,0,1,SRB,ENG,2023-24,UEFA,False
2023-11-30,AEK Athen,Brighton & Hove Albion,aek athen,brighton & hove albion,0,1,GRE,ENG,2023-24,UEFA,False
2023-11-30,Olympique Marseille,AFC Ajax,olympique marseille,ajax,4,3,FRA,NED,2023-24,UEFA,False
2023-11-30,AC Sparta Praha,Real Betis,sparta praha,real betis,1,0,CZE,ESP,2023-24,UEFA,False
2023-11-30,Rangers FC,Aris Limassol,rangers,aris limassol,1,1,SCO,CYP,2023-24,UEFA,False
2023-11-30,Atalanta,Sporting CP,atalanta,sporting cp,1,1,ITA,POR,2023-24,UEFA,False
2023-11-30,Sturm Graz,Raków Częstochowa,sturm graz,raków częstochowa,0,1,AUT,POL,2023-24,UEFA,False
2023-11-30,Liverpool FC,LASK,liverpool,lask,4,0,ENG,AUT,2023-24,UEFA,False
2023-11-30,Toulouse FC,Union Saint-Gilloise,toulouse,union saint-gilloise,0,0,FRA,BEL,2023-24,UEFA,False
2023-11-30,Aston Villa,Legia Warszawa,aston villa,legia warszawa,2,1,ENG,POL,2023-24,UEFA,False
2023-11-30,Maccabi Haifa,Stade Rennais,maccabi haifa,stade rennais,0,3,ISR,FRA,2023-24,UEFA,False
2023-11-30,Eintracht Frankfurt,PAOK Saloniki,eintracht frankfurt,paok saloniki,1,2,GER,GRE,2023-24,UEFA,False
2023-11-30,Molde FK,Qarabağ FK,molde,qarabağ,2,2,NOR,AZE,2023-24,UEFA,False
2023-11-30,BK Häcken,Bayer Leverkusen,bk häcken,bayer leverkusen,0,2,SWE,GER,2023-24,UEFA,False
2023-11-30,Villarreal CF,Panathinaikos,villarreal,panathinaikos,3,2,ESP,GRE,2023-24,UEFA,False
2023-11-30,Beşiktaş,Club Brugge KV,beşiktaş,club brugge,0,5,TUR,BEL,2023-24,UEFA,False
2023-11-30,Servette FC,AS Roma,servette,roma,1,1,SUI,ITA,2023-24,UEFA,False
2023-11-30,HJK Helsinki,Aberdeen FC,hjk helsinki,aberdeen,2,2,FIN,SCO,2023-24,UEFA,False
2023-11-30,Breiðablik,Maccabi Tel Aviv,breiðablik,maccabi tel aviv,1,2,ISL,ISR,2023-24,UEFA,False
2023-11-30,KAA Gent,Zorya Lugansk,kaa gent,zorya lugansk,4,1,BEL,UKR,2023-24,UEFA,False
2023-11-30,FK Astana,Dinamo Zagreb,astana,dinamo zagreb,0,2,KAZ,CRO,2023-24,UEFA,False
2023-11-30,SC Freiburg,Olympiakos Piraeus,freiburg,olympiakos piraeus,5,0,GER,GRE,2023-24,UEFA,False
2023-11-30,Olimpija Ljubljana,Lille OSC,olimpija ljubljana,lille osc,0,2,SVN,FRA,2023-24,UEFA,False
2023-11-30,KÍ Klaksvík,Slovan Bratislava,kí klaksvík,slovan bratislava,1,2,FRO,SVK,2023-24,UEFA,False
2023-11-30,FK Bodø/Glimt,FC Lugano,bodø/glimt,lugano,5,2,NOR,SUI,2023-24,UEFA,False
2023-11-30,KF Ballkani,Viktoria Plzeň,kf ballkani,viktoria plzeň,0,1,KOS,CZE,2023-24,UEFA,False
2023-11-30,FC Nordsjælland,Fenerbahçe,nordsjælland,fenerbahçe,6,1,DEN,TUR,2023-24,UEFA,False
2023-11-30,Spartak Trnava,PFC Ludogorets Razgrad,spartak trnava,pfc ludogorets razgrad,1,2,SVK,BUL,2023-24,UEFA,False
2023-11-30,FK Čukarički,Ferencvárosi TC,čukarički,ferencvárosi tc,1,2,SRB,HUN,2023-24,UEFA,False
2023-11-30,ACF Fiorentina,KRC Genk,acf fiorentina,krc genk,2,1,ITA,BEL,2023-24,UEFA,False
2023-11-30,AZ Alkmaar,Zrinjski Mostar,az alkmaar,zrinjski mostar,1,0,NED,BIH,2023-24,UEFA,False
2023-12-06,Villarreal CF,Maccabi Haifa,villarreal,maccabi haifa,0,0,ESP,ISR,2023-24,UEFA,False
2023-12-12,SSC Napoli,Sporting Clube de Braga,ssc napoli,sporting clube de braga,2,0,ITA,POR,2023-24,UEFA,False
2023-12-12,1. FC Union Berlin,Real Madrid CF,union berlin,real madrid,2,3,GER,ESP,2023-24,UEFA,False
2023-12-12,Manchester United FC,FC Bayern München,manchester united,bayern münchen,0,1,ENG,GER,2023-24,UEFA,False
2023-12-12,FC København,Galatasaray SK,københavn,galatasaray,1,0,DEN,TUR,2023-24,UEFA,False
2023-12-12,Racing Club de Lens,Sevilla FC,racing club de lens,sevilla,2,1,FRA,ESP,2023-24,UEFA,False
2023-12-12,PSV,Arsenal FC,psv,arsenal,1,1,NED,ENG,2023-24,UEFA,False
2023-12-12,FC Internazionale Milano,Real Sociedad de Fútbol,internazionale milano,real sociedad de fútbol,0,0,ITA,ESP,2023-24,UEFA,False
2023-12-12,FC Red Bull Salzburg,Sport Lisboa e Benfica,red bull salzburg,sport lisboa e benfica,1,3,AUT,POR,2023-24,UEFA,False
2023-12-13,Borussia Dortmund,Paris Saint-Germain FC,borussia dortmund,paris saint-germain,1,1,GER,FRA,2023-24,UEFA,False
2023-12-13,RB Leipzig,BSC Young Boys,rb leipzig,young boys,2,1,GER,SUI,2023-24,UEFA,False
2023-12-13,FK Crvena Zvezda,Manchester City FC,crvena zvezda,manchester city,2,3,SRB,ENG,2023-24,UEFA,False
2023-12-13,FC Porto,FK Shakhtar Donetsk,porto,shakhtar donetsk,5,3,POR,UKR,2023-24,UEFA,False
2023-12-13,Royal Antwerp FC,FC Barcelona,royal antwerp,barcelona,3,2,BEL,ESP,2023-24,UEFA,False
2023-12-13,Club Atlético de Madrid,SS Lazio,club atlético de madrid,ss lazio,2,0,ESP,ITA,2023-24,UEFA,False
2023-12-13,Celtic FC,Feyenoord Rotterdam,celtic,feyenoord rotterdam,2,1,SCO,NED,2023-24,UEFA,False
2023-12-13,Newcastle United FC,AC Milan,newcastle united,milan,1,2,ENG,ITA,2023-24,UEFA,False
2023-12-14,Union Saint-Gilloise,Liverpool FC,union saint-gilloise,liverpool,2,1,BEL,ENG,2023-24,UEFA,False
2023-12-14,Bayer Leverkusen,Molde FK,bayer leverkusen,molde,5,1,GER,NOR,2023-24,UEFA,False
2023-12-14,Sporting CP,Sturm Graz,sporting cp,sturm graz,3,0,POR,AUT,2023-24,UEFA,False
2023-12-14,Raków Częstochowa,Atalanta,raków częstochowa,atalanta,0,4,POL,ITA,2023-24,UEFA,False
2023-12-14,FC Lugano,Beşiktaş,lugano,beşiktaş,0,2,SUI,TUR,2023-24,UEFA,False
2023-12-14,Real Betis,Rangers FC,real betis,rangers,2,3,ESP,SCO,2023-24,UEFA,False
2023-12-14,Aris Limassol,AC Sparta Praha,aris limassol,sparta praha,1,3,CYP,CZE,2023-24,UEFA,False
2023-12-14,LASK,Toulouse FC,lask,toulouse,1,2,AUT,FRA,2023-24,UEFA,False
2023-12-14,Stade Rennais,Villarreal CF,stade rennais,villarreal,2,3,FRA,ESP,2023-24,UEFA,False
2023-12-14,Panathinaikos,Maccabi Haifa,panathinaikos,maccabi haifa,1,2,GRE,ISR,2023-24,UEFA,False
2023-12-14,PFC Ludogorets Razgrad,FC Nordsjælland,pfc ludogorets razgrad,nordsjælland,1,0,BUL,DEN,2023-24,UEFA,False
2023-12-14,Club Brugge KV,FK Bodø/Glimt,club brugge,bodø/glimt,3,1,BEL,NOR,2023-24,UEFA,False
2023-12-14,Qarabağ FK,BK Häcken,qarabağ,bk häcken,2,1,AZE,SWE,2023-24,UEFA,False
2023-12-14,Viktoria Plzeň,FK Astana,viktoria plzeň,astana,3,0,CZE,KAZ,2023-24,UEFA,False
2023-12-14,Dinamo Zagreb,KF Ballkani,dinamo zagreb,kf ballkani,3,0,CRO,KOS,2023-24,UEFA,False
2023-12-14,Ferencvárosi TC,ACF Fiorentina,ferencvárosi tc,acf fiorentina,1,1,HUN,ITA,2023-24,UEFA,False
2023-12-14,KRC Genk,FK Čukarički,krc genk,čukarički,2,0,BEL,SRB,2023-24,UEFA,False
2023-12-14,Zorya Lugansk,Breiðablik,zorya lugansk,breiðablik,4,0,UKR,ISL,2023-24,UEFA,False
2023-12-14,Maccabi Tel Aviv,KAA Gent,maccabi tel aviv,kaa gent,3,1,ISR,BEL,2023-24,UEFA,False
2023-12-14,Slavia Praha,Servette FC,slavia praha,servette,4,0,CZE,SUI,2023-24,UEFA,False
2023-12-14,AS Roma,FC Sheriff,roma,sheriff,3,0,ITA,MDA,2023-24,UEFA,False
2023-12-14,Aberdeen FC,Eintracht Frankfurt,aberdeen,eintracht frankfurt,2,0,SCO,GER,2023-24,UEFA,False
2023-12-14,PAOK Saloniki,HJK Helsinki,paok saloniki,hjk helsinki,4,2,GRE,FIN,2023-24,UEFA,False
2023-12-14,Slovan Bratislava,Olimpija Ljubljana,slovan bratislava,olimpija ljubljana,1,2,SVK,SVN,2023-24,UEFA,False
2023-12-14,Lille OSC,KÍ Klaksvík,lille osc,kí klaksvík,3,0,FRA,FRO,2023-24,UEFA,False
2023-12-14,Fenerbahçe,Spartak Trnava,fenerbahçe,spartak trnava,4,0,TUR,SVK,2023-24,UEFA,False
2023-12-14,Brighton & Hove Albion,Olympique Marseille,brighton & hove albion,olympique marseille,1,0,ENG,FRA,2023-24,UEFA,False
2023-12-14,AFC Ajax,AEK Athen,ajax,aek athen,3,1,NED,GRE,2023-24,UEFA,False
2023-12-14,Zrinjski Mostar,Aston Villa,zrinjski mostar,aston villa,1,1,BIH,ENG,2023-24,UEFA,False
2023-12-14,Legia Warszawa,AZ Alkmaar,legia warszawa,az alkmaar,2,0,POL,NED,2023-24,UEFA,False
2023-12-14,West Ham United,SC Freiburg,west ham united,freiburg,2,0,ENG,GER,2023-24,UEFA,False
2023-12-14,Olympiakos Piraeus,TSC Bačka Topola,olympiakos piraeus,tsc bačka topola,5,2,GRE,SRB,2023-24,UEFA,False
2024-02-13,RB Leipzig,Real Madrid CF,rb leipzig,real madrid,0,1,GER,ESP,2023-24,UEFA,False
2024-02-13,FC København,Manchester City FC,københavn,manchester city,1,3,DEN,ENG,2023-24,UEFA,False
2024-02-14,Paris Saint-Germain FC,Real Sociedad de Fútbol,paris saint-germain,real sociedad de fútbol,2,0,FRA,ESP,2023-24,UEFA,False
2024-02-14,SS Lazio,FC Bayern München,ss lazio,bayern münchen,1,0,ITA,GER,2023-24,UEFA,False
2024-02-15,Sporting Braga,Qarabağ FK,sporting braga,qarabağ,2,4,POR,AZE,2023-24,UEFA,False
2024-02-15,RC Lens,SC Freiburg,rc lens,freiburg,0,0,FRA,GER,2023-24,UEFA,False
2024-02-15,AC Milan,Stade Rennais,milan,stade rennais,3,0,ITA,FRA,2023-24,UEFA,False
2024-02-15,Shakhtar Donetsk,Olympique Marseille,shakhtar donetsk,olympique marseille,2,2,UKR,FRA,2023-24,UEFA,False
2024-02-15,Maccabi Haifa,KAA Gent,maccabi haifa,kaa gent,1,0,ISR,BEL,2023-24,UEFA,False
2024-02-15,AFC Ajax,FK Bodø/Glimt,ajax,bodø/glimt,2,2,NED,NOR,2023-24,UEFA,False
2024-02-15,SL Benfica,Toulouse FC,sl benfica,toulouse,2,1,POR,FRA,2023-24,UEFA,False
2024-02-15,Servette FC,PFC Ludogorets Razgrad,servette,pfc ludogorets razgrad,0,0,SUI,BUL,2023-24,UEFA,False
2024-02-15,Feyenoord,AS Roma,feyenoord,roma,1,1,NED,ITA,2023-24,UEFA,False
2024-02-15,Molde FK,Legia Warszawa,molde,legia warszawa,3,2,NOR,POL,2023-24,UEFA,False
2024-02-15,Olympiakos Piraeus,Ferencvárosi TC,olympiakos piraeus,ferencvárosi tc,1,0,GRE,HUN,2023-24,UEFA,False
2024-02-15,Union Saint-Gilloise,Eintracht Frankfurt,union saint-gilloise,eintracht frankfurt,2,2,BEL,GER,2023-24,UEFA,False
2024-02-15,Galatasaray,AC Sparta Praha,galatasaray,sparta praha,3,2,TUR,CZE,2023-24,UEFA,False
2024-02-15,BSC Young Boys,Sporting CP,young boys,sporting cp,1,3,SUI,POR,2023-24,UEFA,False
2024-02-15,Sturm Graz,Slovan Bratislava,sturm graz,slovan bratislava,4,1,AUT,SVK,2023-24,UEFA,False
2024-02-15,Real Betis,Dinamo Zagreb,real betis,dinamo zagreb,0,1,ESP,CRO,2023-24,UEFA,False
2024-02-20,FC Internazionale Milano,Club Atlético de Madrid,internazionale milano,club atlético de madrid,1,0,ITA,ESP,2023-24,UEFA,False
2024-02-20,PSV,Borussia Dortmund,psv,borussia dortmund,1,1,NED,GER,2023-24,UEFA,False
2024-02-21,KAA Gent,Maccabi Haifa,kaa gent,maccabi haifa,1,1,BEL,ISR,2023-24,UEFA,False
2024-02-21,FC Porto,Arsenal FC,porto,arsenal,1,0,POR,ENG,2023-24,UEFA,False
2024-02-21,SSC Napoli,FC Barcelona,ssc napoli,barcelona,1,1,ITA,ESP,2023-24,UEFA,False
2024-02-22,PFC Ludogorets Razgrad,Servette FC,pfc ludogorets razgrad,servette,0,1,BUL,SUI,2023-24,UEFA,False
2024-02-22,Dinamo Zagreb,Real Betis,dinamo zagreb,real betis,1,1,CRO,ESP,2023-24,UEFA,False
2024-02-22,FK Bodø/Glimt,AFC Ajax,bodø/glimt,ajax,1,2,NOR,NED,2023-24,UEFA,False
2024-02-22,Slovan Bratislava,Sturm Graz,slovan bratislava,sturm graz,0,1,SVK,AUT,2023-24,UEFA,False
2024-02-22,Olympique Marseille,Shakhtar Donetsk,olympique marseille,shakhtar donetsk,3,1,FRA,UKR,2023-24,UEFA,False
2024-02-22,AC Sparta Praha,Galatasaray,sparta praha,galatasaray,4,1,CZE,TUR,2023-24,UEFA,False
2024-02-22,Sporting CP,BSC Young Boys,sporting cp,young boys,1,1,POR,SUI,2023-24,UEFA,False
2024-02-22,Eintracht Frankfurt,Union Saint-Gilloise,eintracht frankfurt,union saint-gilloise,1,2,GER,BEL,2023-24,UEFA,False
2024-02-22,Ferencvárosi TC,Olympiakos Piraeus,ferencvárosi tc,olympiakos piraeus,0,1,HUN,GRE,2023-24,UEFA,False
2024-02-22,Legia Warszawa,Molde FK,legia warszawa,molde,0,3,POL,NOR,2023-24,UEFA,False
2024-02-22,AS Roma,Feyenoord,roma,feyenoord,4,2,ITA,NED,2023-24,UEFA,False
2024-02-22,Qarabağ FK,Sporting Braga,qarabağ,sporting braga,2,3,AZE,POR,2023-24,UEFA,False
2024-02-22,Toulouse FC,SL Benfica,toulouse,sl benfica,0,0,FRA,POR,2023-24,UEFA,False
2024-02-22,SC Freiburg,RC Lens,freiburg,rc lens,3,2,GER,FRA,2023-24,UEFA,False
2024-02-22,Stade Rennais,AC Milan,stade rennais,milan,3,2,FRA,ITA,2023-24,UEFA,False
2024-03-05,Real Sociedad de Fútbol,Paris Saint-Germain FC,real sociedad de fútbol,paris saint-germain,1,2,ESP,FRA,2023-24,UEFA,False
2024-03-05,FC Bayern München,SS Lazio,bayern münchen,ss lazio,3,0,GER,ITA,2023-24,UEFA,False
2024-03-06,Real Madrid CF,RB Leipzig,real madrid,rb leipzig,1,1,ESP,GER,2023-24,UEFA,False
2024-03-06,Manchester City FC,FC København,manchester city,københavn,3,1,ENG,DEN,2023-24,UEFA,False
2024-03-06,Sporting CP,Atalanta,sporting cp,atalanta,1,1,POR,ITA,2023-24,UEFA,False
2024-03-07,Qarabağ FK,Bayer Leverkusen,qarabağ,bayer leverkusen,2,2,AZE,GER,2023-24,UEFA,False
2024-03-07,AS Roma,Brighton & Hove Albion,roma,brighton & hove albion,4,0,ITA,ENG,2023-24,UEFA,False
2024-03-07,AC Sparta Praha,Liverpool FC,sparta praha,liverpool,1,5,CZE,ENG,2023-24,UEFA,False
2024-03-07,SC Freiburg,West Ham United,freiburg,west ham united,1,0,GER,ENG,2023-24,UEFA,False
2024-03-07,Union Saint-Gilloise,Fenerbahçe,union saint-gilloise,fenerbahçe,0,3,BEL,TUR,2023-24,UEFA,False
2024-03-07,SL Benfica,Rangers FC,sl benfica,rangers,2,2,POR,SCO,2023-24,UEFA,False
2024-03-07,Olympique Marseille,Villarreal CF,olympique marseille,villarreal,4,0,FRA,ESP,2023-24,UEFA,False
2024-03-07,Dinamo Zagreb,PAOK Saloniki,dinamo zagreb,paok saloniki,2,0,CRO,GRE,2023-24,UEFA,False
2024-03-07,AC Milan,Slavia Praha,milan,slavia praha,4,2,ITA,CZE,2023-24,UEFA,False
2024-03-07,Servette FC,Viktoria Plzeň,servette,viktoria plzeň,0,0,SUI,CZE,2023-24,UEFA,False
2024-03-07,Olympiakos Piraeus,Maccabi Tel Aviv,olympiakos piraeus,maccabi tel aviv,1,4,GRE,ISR,2023-24,UEFA,False
2024-03-07,Sturm Graz,Lille OSC,sturm graz,lille osc,0,3,AUT,FRA,2023-24,UEFA,False
2024-03-07,Molde FK,Club Brugge KV,molde,club brugge,2,1,NOR,BEL,2023-24,UEFA,False
2024-03-07,Maccabi Haifa,ACF Fiorentina,maccabi haifa,acf fiorentina,3,4,ISR,ITA,2023-24,UEFA,False
2024-03-07,AFC Ajax,Aston Villa,ajax,aston villa,0,0,NED,ENG,2023-24,UEFA,False
2024-03-12,Arsenal FC,FC Porto,arsenal,porto,4,2,ENG,POR,2023-24,UEFA,False
2024-03-12,FC Barcelona,SSC Napoli,barcelona,ssc napoli,3,1,ESP,ITA,2023-24,UEFA,False
2024-03-13,Borussia Dortmund,PSV,borussia dortmund,psv,2,0,GER,NED,2023-24,UEFA,False
2024-03-13,Club Atlético de Madrid,FC Internazionale Milano,club atlético de madrid,internazionale milano,3,2,ESP,ITA,2023-24,UEFA,False
2024-03-14,West Ham United,SC Freiburg,west ham united,freiburg,5,0,ENG,GER,2023-24,UEFA,False
2024-03-14,Slavia Praha,AC Milan,slavia praha,milan,1,3,CZE,ITA,2023-24,UEFA,False
2024-03-14,Liverpool FC,AC Sparta Praha,liverpool,sparta praha,6,1,ENG,CZE,2023-24,UEFA,False
2024-03-14,Brighton & Hove Albion,AS Roma,brighton & hove albion,roma,1,0,ENG,ITA,2023-24,UEFA,False
2024-03-14,Atalanta,Sporting CP,atalanta,sporting cp,2,1,ITA,POR,2023-24,UEFA,False
2024-03-14,Bayer Leverkusen,Qarabağ FK,bayer leverkusen,qarabağ,3,2,GER,AZE,2023-24,UEFA,False
2024-03-14,Villarreal CF,Olympique Marseille,villarreal,olympique marseille,3,1,ESP,FRA,2023-24,UEFA,False
2024-03-14,Rangers FC,SL Benfica,rangers,sl benfica,0,1,SCO,POR,2023-24,UEFA,False
2024-03-14,ACF Fiorentina,Maccabi Haifa,acf fiorentina,maccabi haifa,1,1,ITA,ISR,2023-24,UEFA,False
2024-03-14,Aston Villa,AFC Ajax,aston villa,ajax,4,0,ENG,NED,2023-24,UEFA,False
2024-03-14,Lille OSC,Sturm Graz,lille osc,sturm graz,1,1,FRA,AUT,2023-24,UEFA,False
2024-03-14,Club Brugge KV,Molde FK,club brugge,molde,3,0,BEL,NOR,2023-24,UEFA,False
2024-03-14,Viktoria Plzeň,Servette FC,viktoria plzeň,servette,3,1,CZE,SUI,2023-24,UEFA,False
2024-03-14,PAOK Saloniki,Dinamo Zagreb,paok saloniki,dinamo zagreb,5,1,GRE,CRO,2023-24,UEFA,False
2024-03-14,Maccabi Tel Aviv,Olympiakos Piraeus,maccabi tel aviv,olympiakos piraeus,1,6,ISR,GRE,2023-24,UEFA,False
2024-03-14,Fenerbahçe,Union Saint-Gilloise,fenerbahçe,union saint-gilloise,0,1,TUR,BEL,2023-24,UEFA,False
2024-04-09,Arsenal FC,FC Bayern München,arsenal,bayern münchen,2,2,ENG,GER,2023-24,UEFA,False
2024-04-09,Real Madrid CF,Manchester City FC,real madrid,manchester city,3,3,ESP,ENG,2023-24,UEFA,False
2024-04-10,Club Atlético de Madrid,Borussia Dortmund,club atlético de madrid,borussia dortmund,2,1,ESP,GER,2023-24,UEFA,False
2024-04-10,Paris Saint-Germain FC,FC Barcelona,paris saint-germain,barcelona,2,3,FRA,ESP,2023-24,UEFA,False
2024-04-11,Aston Villa,Lille OSC,aston villa,lille osc,2,1,ENG,FRA,2023-24,UEFA,False
2024-04-11,AC Milan,AS Roma,milan,roma,0,1,ITA,ITA,2023-24,UEFA,False
2024-04-11,Liverpool FC,Atalanta,liverpool,atalanta,0,3,ENG,ITA,2023-24,UEFA,False
2024-04-11,Viktoria Plzeň,ACF Fiorentina,viktoria plzeň,acf fiorentina,0,0,CZE,ITA,2023-24,UEFA,False
2024-04-11,SL Benfica,Olympique Marseille,sl benfica,olympique marseille,2,1,POR,FRA,2023-24,UEFA,False
2024-04-11,Club Brugge KV,PAOK Saloniki,club brugge,paok saloniki,1,0,BEL,GRE,2023-24,UEFA,False
2024-04-11,Bayer Leverkusen,West Ham United,bayer leverkusen,west ham united,2,0,GER,ENG,2023-24,UEFA,False
2024-04-11,Olympiakos Piraeus,Fenerbahçe,olympiakos piraeus,fenerbahçe,3,2,GRE,TUR,2023-24,UEFA,False
2024-04-16,FC Barcelona,Paris Saint-Germain FC,barcelona,paris saint-germain,1,4,ESP,FRA,2023-24,UEFA,False
2024-04-16,Borussia Dortmund,Club Atlético de Madrid,borussia dortmund,club atlético de madrid,4,2,GER,ESP,2023-24,UEFA,False
2024-04-17,Manchester City FC,Real Madrid CF,manchester city,real madrid,3,4,ENG,ESP,2023-24,UEFA,False
2024-04-17,FC Bayern München,Arsenal FC,bayern münchen,arsenal,1,0,GER,ENG,2023-24,UEFA,False
2024-04-18,PAOK Saloniki,Club Brugge KV,paok saloniki,club brugge,0,2,GRE,BEL,2023-24,UEFA,False
2024-04-18,Atalanta,Liverpool FC,atalanta,liverpool,0,1,ITA,ENG,2023-24,UEFA,False
2024-04-18,AS Roma,AC Milan,roma,milan,2,1,ITA,ITA,2023-24,UEFA,False
2024-04-18,Olympique Marseille,SL Benfica,olympique marseille,sl benfica,4,2,FRA,POR,2023-24,UEFA,False
2024-04-18,ACF Fiorentina,Viktoria Plzeň,acf fiorentina,viktoria plzeň,2,0,ITA,CZE,2023-24,UEFA,False
2024-04-18,Fenerbahçe,Olympiakos Piraeus,fenerbahçe,olympiakos piraeus,2,3,TUR,GRE,2023-24,UEFA,False
2024-04-18,West Ham United,Bayer Leverkusen,west ham united,bayer leverkusen,1,1,ENG,GER,2023-24,UEFA,False
2024-04-18,Lille OSC,Aston Villa,lille osc,aston villa,3,4,FRA,ENG,2023-24,UEFA,False
2024-04-30,FC Bayern München,Real Madrid CF,bayern münchen,real madrid,2,2,GER,ESP,2023-24,UEFA,False
2024-05-01,Borussia Dortmund,Paris Saint-Germain FC,borussia dortmund,paris saint-germain,1,0,GER,FRA,2023-24,UEFA,False
2024-05-02,Olympique Marseille,Atalanta,olympique marseille,atalanta,1,1,FRA,ITA,2023-24,UEFA,False
2024-05-02,Aston Villa,Olympiakos Piraeus,aston villa,olympiakos piraeus,2,4,ENG,GRE,2023-24,UEFA,False
2024-05-02,AS Roma,Bayer Leverkusen,roma,bayer leverkusen,0,2,ITA,GER,2023-24,UEFA,False
2024-05-02,ACF Fiorentina,Club Brugge KV,acf fiorentina,club brugge,3,2,ITA,BEL,2023-24,UEFA,False
2024-05-07,Paris Saint-Germain FC,Borussia Dortmund,paris saint-germain,borussia dortmund,0,1,FRA,GER,2023-24,UEFA,False
2024-05-08,Club Brugge KV,ACF Fiorentina,club brugge,acf fiorentina,1,1,BEL,ITA,2023-24,UEFA,False
2024-05-08,Real Madrid CF,FC Bayern München,real madrid,bayern münchen,2,1,ESP,GER,2023-24,UEFA,False
2024-05-09,Bayer Leverkusen,AS Roma,bayer leverkusen,roma,2,2,GER,ITA,2023-24,UEFA,False
2024-05-09,Atalanta,Olympique Marseille,atalanta,olympique marseille,3,0,ITA,FRA,2023-24,UEFA,False
2024-05-09,Olympiakos Piraeus,Aston Villa,olympiakos piraeus,aston villa,2,0,GRE,ENG,2023-24,UEFA,False
2024-05-22,Atalanta,Bayer Leverkusen,atalanta,bayer leverkusen,3,0,ITA,GER,2023-24,UEFA,False
2024-05-29,Olympiakos Piraeus,ACF Fiorentina,olympiakos piraeus,acf fiorentina,1,0,GRE,ITA,2023-24,UEFA,False
2024-06-01,Borussia Dortmund,Real Madrid CF,borussia dortmund,real madrid,0,2,GER,ESP,2023-24,UEFA,False
2024-07-09,SS Virtus,FCSB,ss virtus,fcsb,1,7,SMR,ROU,2024-25,UEFA,False
2024-07-09,Víkingur Reykjavík,Shamrock Rovers,víkingur reykjavík,shamrock rovers,0,0,ISL,IRL,2024-25,UEFA,False
2024-07-09,FK Panevėžys,HJK Helsinki,panevėžys,hjk helsinki,3,0,LTU,FIN,2024-25,UEFA,False
2024-07-09,The New Saints,FK Dečić Tuzi,the new saints,dečić tuzi,3,0,WAL,MNE,2024-25,UEFA,False
2024-07-09,UE Santa Coloma,KF Ballkani,ue santa coloma,kf ballkani,1,2,AND,KOS,2024-25,UEFA,False
2024-07-09,Hamrun Spartans,Lincoln Red Imps,hamrun spartans,lincoln red imps,0,1,MLT,GIB,2024-25,UEFA,False
2024-07-10,Velež Mostar,Inter Club d'Escaldes,velež mostar,inter club d'escaldes,1,1,BIH,AND,2024-25,UEFA,False
2024-07-10,FK Auda,B36 Tórshavn,auda,b36 tórshavn,2,0,LVA,FRO,2024-25,UEFA,False
2024-07-11,IF Elfsborg,Paphos FC,if elfsborg,paphos,3,0,SWE,CYP,2024-25,UEFA,False
2024-07-11,Paksi SE,FC Corvinul Hunedoara,paksi se,corvinul hunedoara,0,4,HUN,ROU,2024-25,UEFA,False
2024-07-11,MFK Ružomberok,Tobyl Kostanay,mfk ružomberok,tobyl kostanay,5,2,SVK,KAZ,2024-25,UEFA,False
2024-07-11,Botev Plovdiv,NK Maribor,botev plovdiv,maribor,2,1,BUL,SVN,2024-25,UEFA,False
2024-07-11,Wisła Kraków,KF Llapi,wisła kraków,kf llapi,2,0,POL,KOS,2024-25,UEFA,False
2024-07-11,FC Sheriff,Zira FK,sheriff,zira,0,1,MDA,AZE,2024-25,UEFA,False
2024-08-06,Qarabağ FK,PFC Ludogorets Razgrad,qarabağ,pfc ludogorets razgrad,1,2,AZE,BUL,2024-25,UEFA,False
2024-08-06,FC Midtjylland,Ferencvárosi TC,midtjylland,ferencvárosi tc,2,0,DEN,HUN,2024-25,UEFA,False
2024-08-06,CS Petrocub,The New Saints,cs petrocub,the new saints,1,0,MDA,WAL,2024-25,UEFA,False
2024-08-06,FK Panevėžys,Maccabi Tel Aviv,panevėžys,maccabi tel aviv,1,2,LTU,ISR,2024-25,UEFA,False
2024-08-06,AC Sparta Praha,FCSB,sparta praha,fcsb,1,1,CZE,ROU,2024-25,UEFA,False
2024-08-06,Dinamo Kiev,Rangers FC,dinamo kiev,rangers,1,1,UKR,SCO,2024-25,UEFA,False
2024-08-06,Malmö FF,PAOK Saloniki,malmö ff,paok saloniki,2,2,SWE,GRE,2024-25,UEFA,False
2024-08-06,Lille OSC,Fenerbahçe,lille osc,fenerbahçe,2,1,FRA,TUR,2024-25,UEFA,False
2024-08-06,RB Salzburg,FC Twente,rb salzburg,twente,2,1,AUT,NED,2024-25,UEFA,False
2024-08-06,FC Noah,AEK Athen,noah,aek athen,3,1,ARM,GRE,2024-25,UEFA,False
2024-08-07,Slavia Praha,Union Saint-Gilloise,slavia praha,union saint-gilloise,3,1,CZE,BEL,2024-25,UEFA,False
2024-08-07,Slovan Bratislava,APOEL Nikosia,slovan bratislava,apoel nikosia,2,0,SVK,CYP,2024-25,UEFA,False
2024-08-07,Jagiellonia Białystok,FK Bodø/Glimt,jagiellonia białystok,bodø/glimt,0,1,POL,NOR,2024-25,UEFA,False
2024-08-07,Paksi SE,FK Mornar,paksi se,mornar,3,0,HUN,MNE,2024-25,UEFA,False
2024-08-07,BK Häcken,Paide Linnameeskond,bk häcken,paide linnameeskond,6,1,SWE,EST,2024-25,UEFA,False
2024-08-07,FC København,Baník Ostrava,københavn,baník ostrava,1,0,DEN,CZE,2024-25,UEFA,False
2024-08-07,FC St. Gallen,Śląsk Wrocław,st. gallen,śląsk wrocław,2,0,SUI,POL,2024-25,UEFA,False
2024-08-08,Dinamo Minsk,Lincoln Red Imps,dinamo minsk,lincoln red imps,2,0,BLR,GIB,2024-25,UEFA,False
2024-08-08,Sporting Braga,Servette FC,sporting braga,servette,0,0,POR,SUI,2024-25,UEFA,False
2024-08-08,NK Celje,Shamrock Rovers,celje,shamrock rovers,1,0,SVN,IRL,2024-25,UEFA,False
2024-08-08,Kryvbas Kryvyi Rih,Viktoria Plzeň,kryvbas kryvyi rih,viktoria plzeň,1,2,UKR,CZE,2024-25,UEFA,False
2024-08-08,HNK Rijeka,IF Elfsborg,rijeka,if elfsborg,1,1,CRO,SWE,2024-25,UEFA,False
2024-08-08,Panathinaikos,AFC Ajax,panathinaikos,ajax,0,1,GRE,NED,2024-25,UEFA,False
2024-08-08,Partizan,FC Lugano,partizan,lugano,0,1,SRB,SUI,2024-25,UEFA,False
2024-08-08,KÍ Klaksvík,Borac Banja Luka,kí klaksvík,borac banja luka,2,1,FRO,BIH,2024-25,UEFA,False
2024-08-08,Trabzonspor,Rapid Wien,trabzonspor,rapid wien,0,1,TUR,AUT,2024-25,UEFA,False
2024-08-08,UE Santa Coloma,FK RFS,ue santa coloma,rfs,0,2,AND,LVA,2024-25,UEFA,False
2024-08-08,St. Mirren FC,SK Brann,st. mirren,brann,1,1,SCO,NOR,2024-25,UEFA,False
2024-08-08,FC Ararat-Armenia,Puskás FC,ararat-armenia,puskás,0,1,ARM,HUN,2024-25,UEFA,False
2024-08-08,St Patrick's Athletic,Sabah FK,st patrick's athletic,sabah,1,0,IRL,AZE,2024-25,UEFA,False
2024-08-08,Spartak Trnava,Wisła Kraków,spartak trnava,wisła kraków,3,1,SVK,POL,2024-25,UEFA,False
2024-08-08,NK Maribor,Vojvodina,maribor,vojvodina,2,1,SVN,SRB,2024-25,UEFA,False
2024-08-08,Víkingur Reykjavík,FC Flora,víkingur reykjavík,flora,1,1,ISL,EST,2024-25,UEFA,False
2024-08-08,Botev Plovdiv,Zrinjski Mostar,botev plovdiv,zrinjski mostar,2,1,BUL,BIH,2024-25,UEFA,False
2024-08-08,NK Osijek,Zira FK,osijek,zira,1,1,CRO,AZE,2024-25,UEFA,False
2024-08-08,Maccabi Petach-Tikva,CFR Cluj,maccabi petach-tikva,cfr cluj,0,1,ISR,ROU,2024-25,UEFA,False
2024-08-08,FC Corvinul Hunedoara,FK Astana,corvinul hunedoara,astana,1,2,ROU,KAZ,2024-25,UEFA,False
2024-08-08,Kilmarnock FC,Tromsø IL,kilmarnock,tromsø il,2,2,SCO,NOR,2024-25,UEFA,False
2024-08-08,CSKA 1948 Sofia,Paphos FC,cska sofia,paphos,2,1,BUL,CYP,2024-25,UEFA,False
2024-08-08,Olimpija Ljubljana,FC Sheriff,olimpija ljubljana,sheriff,3,0,SVN,MDA,2024-25,UEFA,False
2024-08-08,Omonia Nikosia,Fehérvár FC,omonia nikosia,fehérvár,1,0,CYP,HUN,2024-25,UEFA,False
2024-08-08,Brøndby IF,Legia Warszawa,brøndby if,legia warszawa,2,3,DEN,POL,2024-25,UEFA,False
2024-08-08,FC Zürich,Vitória Guimarães,zürich,vitória guimarães,0,3,SUI,POR,2024-25,UEFA,False
2024-08-08,Silkeborg IF,KAA Gent,silkeborg if,kaa gent,2,2,DEN,BEL,2024-25,UEFA,False
2024-08-08,MFK Ružomberok,Hajduk Split,mfk ružomberok,hajduk split,0,0,SVK,CRO,2024-25,UEFA,False
2024-08-08,FC Iberia 1999,İstanbul Başakşehir,iberia 1999,i̇stanbul başakşehir,0,1,GEO,TUR,2024-25,UEFA,False
2024-08-08,Ilves Tampere,Djurgårdens IF,ilves tampere,djurgårdens if,1,1,FIN,SWE,2024-25,UEFA,False
2024-08-08,FK Mladá Boleslav,Hapoel Be'er Sheva,mladá boleslav,hapoel be'er sheva,1,1,CZE,ISR,2024-25,UEFA,False
2024-08-08,HJK Helsinki,FK Dečić Tuzi,hjk helsinki,dečić tuzi,1,0,FIN,MNE,2024-25,UEFA,False
2024-08-08,FK Auda,Drita Gjilan,auda,drita gjilan,1,0,LVA,KOS,2024-25,UEFA,False
2024-08-08,FK Ordabasy,Pyunik FC,ordabasy,pyunik,0,1,KAZ,ARM,2024-25,UEFA,False
2024-08-08,KF Ballkani,Larne FC,kf ballkani,larne,0,1,KOS,NIR,2024-25,UEFA,False
2024-08-08,Molde FK,Cercle Brugge,molde,cercle brugge,3,0,NOR,BEL,2024-25,UEFA,False
2024-08-13,The New Saints,CS Petrocub,the new saints,cs petrocub,0,0,WAL,MDA,2024-25,UEFA,False
2024-08-13,APOEL Nikosia,Slovan Bratislava,apoel nikosia,slovan bratislava,0,0,CYP,SVK,2024-25,UEFA,False
2024-08-13,FK Bodø/Glimt,Jagiellonia Białystok,bodø/glimt,jagiellonia białystok,4,1,NOR,POL,2024-25,UEFA,False
2024-08-13,Fenerbahçe,Lille OSC,fenerbahçe,lille osc,1,1,TUR,FRA,2024-25,UEFA,False
2024-08-13,FC Twente,RB Salzburg,twente,rb salzburg,3,3,NED,AUT,2024-25,UEFA,False
2024-08-13,PAOK Saloniki,Malmö FF,paok saloniki,malmö ff,3,4,GRE,SWE,2024-25,UEFA,False
2024-08-13,PFC Ludogorets Razgrad,Qarabağ FK,pfc ludogorets razgrad,qarabağ,2,7,BUL,AZE,2024-25,UEFA,False
2024-08-13,Ferencvárosi TC,FC Midtjylland,ferencvárosi tc,midtjylland,1,1,HUN,DEN,2024-25,UEFA,False
2024-08-13,FCSB,AC Sparta Praha,fcsb,sparta praha,2,3,ROU,CZE,2024-25,UEFA,False
2024-08-13,Union Saint-Gilloise,Slavia Praha,union saint-gilloise,slavia praha,0,1,BEL,CZE,2024-25,UEFA,False
2024-08-13,Rangers FC,Dinamo Kiev,rangers,dinamo kiev,0,2,SCO,UKR,2024-25,UEFA,False
2024-08-13,Paide Linnameeskond,BK Häcken,paide linnameeskond,bk häcken,1,1,EST,SWE,2024-25,UEFA,False
2024-08-13,FK Mornar,Paksi SE,mornar,paksi se,2,2,MNE,HUN,2024-25,UEFA,False
2024-08-14,FK RFS,UE Santa Coloma,rfs,ue santa coloma,7,0,LVA,AND,2024-25,UEFA,False
2024-08-14,FK Astana,FC Corvinul Hunedoara,astana,corvinul hunedoara,6,1,KAZ,ROU,2024-25,UEFA,False
2024-08-14,Fehérvár FC,Omonia Nikosia,fehérvár,omonia nikosia,0,2,HUN,CYP,2024-25,UEFA,False
2024-08-15,Hapoel Be'er Sheva,FK Mladá Boleslav,hapoel be'er sheva,mladá boleslav,2,4,ISR,CZE,2024-25,UEFA,False
2024-08-15,Cercle Brugge,Molde FK,cercle brugge,molde,1,0,BEL,NOR,2024-25,UEFA,False
2024-08-15,CFR Cluj,Maccabi Petach-Tikva,cfr cluj,maccabi petach-tikva,1,0,ROU,ISR,2024-25,UEFA,False
2024-08-15,Djurgårdens IF,Ilves Tampere,djurgårdens if,ilves tampere,3,1,SWE,FIN,2024-25,UEFA,False
2024-08-15,Paphos FC,CSKA 1948 Sofia,paphos,cska sofia,4,0,CYP,BUL,2024-25,UEFA,False
2024-08-15,SK Brann,St. Mirren FC,brann,st. mirren,3,1,NOR,SCO,2024-25,UEFA,False
2024-08-15,Tromsø IL,Kilmarnock FC,tromsø il,kilmarnock,0,1,NOR,SCO,2024-25,UEFA,False
2024-08-15,Zira FK,NK Osijek,zira,osijek,2,1,AZE,CRO,2024-25,UEFA,False
2024-08-15,Legia Warszawa,Brøndby IF,legia warszawa,brøndby if,1,1,POL,DEN,2024-25,UEFA,False
2024-08-15,Sabah FK,St Patrick's Athletic,sabah,st patrick's athletic,0,1,AZE,IRL,2024-25,UEFA,False
2024-08-15,Pyunik FC,FK Ordabasy,pyunik,ordabasy,1,0,ARM,KAZ,2024-25,UEFA,False
2024-08-15,FC Flora,Víkingur Reykjavík,flora,víkingur reykjavík,1,2,EST,ISL,2024-25,UEFA,False
2024-08-15,Shamrock Rovers,NK Celje,shamrock rovers,celje,3,1,IRL,SVN,2024-25,UEFA,False
2024-08-15,Borac Banja Luka,KÍ Klaksvík,borac banja luka,kí klaksvík,3,1,BIH,FRO,2024-25,UEFA,False
2024-08-15,Servette FC,Sporting Braga,servette,sporting braga,1,2,SUI,POR,2024-25,UEFA,False
2024-08-15,FC Lugano,Partizan,lugano,partizan,2,2,SUI,SRB,2024-25,UEFA,False
2024-08-15,Maccabi Tel Aviv,FK Panevėžys,maccabi tel aviv,panevėžys,3,0,ISR,LTU,2024-25,UEFA,False
2024-08-15,AFC Ajax,Panathinaikos,ajax,panathinaikos,13,12,NED,GRE,2024-25,UEFA,False
2024-08-15,FC Sheriff,Olimpija Ljubljana,sheriff,olimpija ljubljana,0,1,MDA,SVN,2024-25,UEFA,False
2024-08-15,AEK Athen,FC Noah,aek athen,noah,1,0,GRE,ARM,2024-25,UEFA,False
2024-08-15,Baník Ostrava,FC København,baník ostrava,københavn,1,2,CZE,DEN,2024-25,UEFA,False
2024-08-15,Vojvodina,NK Maribor,vojvodina,maribor,2,4,SRB,SVN,2024-25,UEFA,False
2024-08-15,IF Elfsborg,HNK Rijeka,if elfsborg,rijeka,2,0,SWE,CRO,2024-25,UEFA,False
2024-08-15,Rapid Wien,Trabzonspor,rapid wien,trabzonspor,2,0,AUT,TUR,2024-25,UEFA,False
2024-08-15,İstanbul Başakşehir,FC Iberia 1999,i̇stanbul başakşehir,iberia 1999,2,0,TUR,GEO,2024-25,UEFA,False
2024-08-15,Vitória Guimarães,FC Zürich,vitória guimarães,zürich,2,0,POR,SUI,2024-25,UEFA,False
2024-08-15,Hajduk Split,MFK Ružomberok,hajduk split,mfk ružomberok,0,1,CRO,SVK,2024-25,UEFA,False
2024-08-15,Puskás FC,FC Ararat-Armenia,puskás,ararat-armenia,3,3,HUN,ARM,2024-25,UEFA,False
2024-08-15,Viktoria Plzeň,Kryvbas Kryvyi Rih,viktoria plzeň,kryvbas kryvyi rih,1,0,CZE,UKR,2024-25,UEFA,False
2024-08-15,Lincoln Red Imps,Dinamo Minsk,lincoln red imps,dinamo minsk,2,1,GIB,BLR,2024-25,UEFA,False
2024-08-15,Larne FC,KF Ballkani,larne,kf ballkani,4,1,NIR,KOS,2024-25,UEFA,False
2024-08-15,Śląsk Wrocław,FC St. Gallen,śląsk wrocław,st. gallen,3,2,POL,SUI,2024-25,UEFA,False
2024-08-15,KAA Gent,Silkeborg IF,kaa gent,silkeborg if,3,2,BEL,DEN,2024-25,UEFA,False
2024-08-15,Wisła Kraków,Spartak Trnava,wisła kraków,spartak trnava,12,11,POL,SVK,2024-25,UEFA,False
2024-08-15,Zrinjski Mostar,Botev Plovdiv,zrinjski mostar,botev plovdiv,2,0,BIH,BUL,2024-25,UEFA,False
2024-08-15,Drita Gjilan,FK Auda,drita gjilan,auda,3,1,KOS,LVA,2024-25,UEFA,False
2024-08-15,FK Dečić Tuzi,HJK Helsinki,dečić tuzi,hjk helsinki,3,4,MNE,FIN,2024-25,UEFA,False
2024-08-20,Dinamo Zagreb,Qarabağ FK,dinamo zagreb,qarabağ,3,0,CRO,AZE,2024-25,UEFA,False
2024-08-20,FC Noah,MFK Ružomberok,noah,mfk ružomberok,3,0,ARM,SVK,2024-25,UEFA,False
2024-08-20,Lille OSC,Slavia Praha,lille osc,slavia praha,2,0,FRA,CZE,2024-25,UEFA,False
2024-08-20,FK Bodø/Glimt,Crvena Zvezda,bodø/glimt,crvena zvezda,2,1,NOR,SRB,2024-25,UEFA,False
2024-08-21,FC Midtjylland,Slovan Bratislava,midtjylland,slovan bratislava,1,1,DEN,SVK,2024-25,UEFA,False
2024-08-21,BSC Young Boys,Galatasaray,young boys,galatasaray,3,2,SUI,TUR,2024-25,UEFA,False
2024-08-21,Vitória Guimarães,Zrinjski Mostar,vitória guimarães,zrinjski mostar,3,0,POR,BIH,2024-25,UEFA,False
2024-08-21,Malmö FF,AC Sparta Praha,malmö ff,sparta praha,0,2,SWE,CZE,2024-25,UEFA,False
2024-08-21,Dinamo Kiev,RB Salzburg,dinamo kiev,rb salzburg,0,2,UKR,AUT,2024-25,UEFA,False
2024-08-22,Chelsea FC,Servette FC,chelsea,servette,2,0,ENG,SUI,2024-25,UEFA,False
2024-08-22,SK Brann,FK Astana,brann,astana,2,0,NOR,KAZ,2024-25,UEFA,False
2024-08-22,FK RFS,APOEL Nikosia,rfs,apoel nikosia,2,1,LVA,CYP,2024-25,UEFA,False
2024-08-22,Molde FK,IF Elfsborg,molde,if elfsborg,0,1,NOR,SWE,2024-25,UEFA,False
2024-08-22,Viktoria Plzeň,Heart of Midlothian,viktoria plzeň,heart of midlothian,1,0,CZE,SCO,2024-25,UEFA,False
2024-08-22,RC Lens,Panathinaikos,rc lens,panathinaikos,2,1,FRA,GRE,2024-25,UEFA,False
2024-08-22,PAOK Saloniki,Shamrock Rovers,paok saloniki,shamrock rovers,4,0,GRE,IRL,2024-25,UEFA,False
2024-08-22,PFC Ludogorets Razgrad,CS Petrocub,pfc ludogorets razgrad,cs petrocub,4,0,BUL,MDA,2024-25,UEFA,False
2024-08-22,Maccabi Tel Aviv,TSC Bačka Topola,maccabi tel aviv,tsc bačka topola,3,0,ISR,SRB,2024-25,UEFA,False
2024-08-22,FC Lugano,Beşiktaş,lugano,beşiktaş,3,3,SUI,TUR,2024-25,UEFA,False
2024-08-22,Dinamo Minsk,RSC Anderlecht,dinamo minsk,rsc anderlecht,0,1,BLR,BEL,2024-25,UEFA,False
2024-08-22,Jagiellonia Białystok,AFC Ajax,jagiellonia białystok,ajax,1,4,POL,NED,2024-25,UEFA,False
2024-08-22,LASK,FCSB,lask,fcsb,1,1,AUT,ROU,2024-25,UEFA,False
2024-08-22,FC St. Gallen,Trabzonspor,st. gallen,trabzonspor,0,0,SUI,TUR,2024-25,UEFA,False
2024-08-22,Sporting Braga,Rapid Wien,sporting braga,rapid wien,2,1,POR,AUT,2024-25,UEFA,False
2024-08-22,St Patrick's Athletic,İstanbul Başakşehir,st patrick's athletic,i̇stanbul başakşehir,0,0,IRL,TUR,2024-25,UEFA,False
2024-08-22,FC København,Kilmarnock FC,københavn,kilmarnock,2,0,DEN,SCO,2024-25,UEFA,False
2024-08-22,CFR Cluj,Paphos FC,cfr cluj,paphos,1,0,ROU,CYP,2024-25,UEFA,False
2024-08-22,Víkingur Reykjavík,UE Santa Coloma,víkingur reykjavík,ue santa coloma,5,0,ISL,AND,2024-25,UEFA,False
2024-08-22,Legia Warszawa,Drita Gjilan,legia warszawa,drita gjilan,2,0,POL,KOS,2024-25,UEFA,False
2024-08-22,Lincoln Red Imps,Larne FC,lincoln red imps,larne,2,1,GIB,NIR,2024-25,UEFA,False
2024-08-22,FK Mladá Boleslav,Paksi SE,mladá boleslav,paksi se,2,2,CZE,HUN,2024-25,UEFA,False
2024-08-22,FK Panevėžys,The New Saints,panevėžys,the new saints,0,3,LTU,WAL,2024-25,UEFA,False
2024-08-22,Ferencvárosi TC,Borac Banja Luka,ferencvárosi tc,borac banja luka,0,0,HUN,BIH,2024-25,UEFA,False
2024-08-22,BK Häcken,1. FC Heidenheim 1846,bk häcken,heidenheim,1,2,SWE,GER,2024-25,UEFA,False
2024-08-22,Djurgårdens IF,NK Maribor,djurgårdens if,maribor,1,0,SWE,SVN,2024-25,UEFA,False
2024-08-22,HNK Rijeka,Olimpija Ljubljana,rijeka,olimpija ljubljana,1,1,CRO,SVN,2024-25,UEFA,False
2024-08-22,ACF Fiorentina,Puskás FC,acf fiorentina,puskás,3,3,ITA,HUN,2024-25,UEFA,False
2024-08-22,Kryvbas Kryvyi Rih,Real Betis,kryvbas kryvyi rih,real betis,0,2,UKR,ESP,2024-25,UEFA,False
2024-08-22,Partizan,KAA Gent,partizan,kaa gent,0,1,SRB,BEL,2024-25,UEFA,False
2024-08-22,Wisła Kraków,Cercle Brugge,wisła kraków,cercle brugge,1,6,POL,BEL,2024-25,UEFA,False
2024-08-22,KÍ Klaksvík,HJK Helsinki,kí klaksvík,hjk helsinki,2,2,FRO,FIN,2024-25,UEFA,False
2024-08-22,Omonia Nikosia,Zira FK,omonia nikosia,zira,6,0,CYP,AZE,2024-25,UEFA,False
2024-08-22,Pyunik FC,NK Celje,pyunik,celje,1,0,ARM,SVN,2024-25,UEFA,False
2024-08-27,RB Salzburg,Dinamo Kiev,rb salzburg,dinamo kiev,1,1,AUT,UKR,2024-25,UEFA,False
2024-08-27,AC Sparta Praha,Malmö FF,sparta praha,malmö ff,2,0,CZE,SWE,2024-25,UEFA,False
2024-08-27,Galatasaray,BSC Young Boys,galatasaray,young boys,0,1,TUR,SUI,2024-25,UEFA,False
2024-08-28,Slovan Bratislava,FC Midtjylland,slovan bratislava,midtjylland,3,2,SVK,DEN,2024-25,UEFA,False
2024-08-28,Qarabağ FK,Dinamo Zagreb,qarabağ,dinamo zagreb,0,2,AZE,CRO,2024-25,UEFA,False
2024-08-28,Slavia Praha,Lille OSC,slavia praha,lille osc,2,1,CZE,FRA,2024-25,UEFA,False
2024-08-28,Crvena Zvezda,FK Bodø/Glimt,crvena zvezda,bodø/glimt,2,0,SRB,NOR,2024-25,UEFA,False
2024-08-28,KAA Gent,Partizan,kaa gent,partizan,1,0,BEL,SRB,2024-25,UEFA,False
2024-08-28,İstanbul Başakşehir,St Patrick's Athletic,i̇stanbul başakşehir,st patrick's athletic,2,0,TUR,IRL,2024-25,UEFA,False
2024-08-29,Heart of Midlothian,Viktoria Plzeň,heart of midlothian,viktoria plzeň,0,1,SCO,CZE,2024-25,UEFA,False
2024-08-29,1. FC Heidenheim 1846,BK Häcken,heidenheim,bk häcken,3,2,GER,SWE,2024-25,UEFA,False
2024-08-29,Servette FC,Chelsea FC,servette,chelsea,2,1,SUI,ENG,2024-25,UEFA,False
2024-08-29,Paphos FC,CFR Cluj,paphos,cfr cluj,3,0,CYP,ROU,2024-25,UEFA,False
2024-08-29,Puskás FC,ACF Fiorentina,puskás,acf fiorentina,4,5,HUN,ITA,2024-25,UEFA,False
2024-08-29,Paksi SE,FK Mladá Boleslav,paksi se,mladá boleslav,0,3,HUN,CZE,2024-25,UEFA,False
2024-08-29,NK Maribor,Djurgårdens IF,maribor,djurgårdens if,0,1,SVN,SWE,2024-25,UEFA,False
2024-08-29,Trabzonspor,FC St. Gallen,trabzonspor,st. gallen,4,5,TUR,SUI,2024-25,UEFA,False
2024-08-29,Zira FK,Omonia Nikosia,zira,omonia nikosia,1,0,AZE,CYP,2024-25,UEFA,False
2024-08-29,HJK Helsinki,KÍ Klaksvík,hjk helsinki,kí klaksvík,2,1,FIN,FRO,2024-25,UEFA,False
2024-08-29,FK Astana,SK Brann,astana,brann,3,0,KAZ,NOR,2024-25,UEFA,False
2024-08-29,Rapid Wien,Sporting Braga,rapid wien,sporting braga,2,2,AUT,POR,2024-25,UEFA,False
2024-08-29,TSC Bačka Topola,Maccabi Tel Aviv,tsc bačka topola,maccabi tel aviv,1,5,SRB,ISR,2024-25,UEFA,False
2024-08-29,Real Betis,Kryvbas Kryvyi Rih,real betis,kryvbas kryvyi rih,3,0,ESP,UKR,2024-25,UEFA,False
2024-08-29,MFK Ružomberok,FC Noah,mfk ružomberok,noah,3,1,SVK,ARM,2024-25,UEFA,False
2024-08-29,The New Saints,FK Panevėžys,the new saints,panevėžys,0,0,WAL,LTU,2024-25,UEFA,False
2024-08-29,Olimpija Ljubljana,HNK Rijeka,olimpija ljubljana,rijeka,5,0,SVN,CRO,2024-25,UEFA,False
2024-08-29,Zrinjski Mostar,Vitória Guimarães,zrinjski mostar,vitória guimarães,0,4,BIH,POR,2024-25,UEFA,False
2024-08-29,FCSB,LASK,fcsb,lask,1,0,ROU,AUT,2024-25,UEFA,False
2024-08-29,Beşiktaş,FC Lugano,beşiktaş,lugano,5,1,TUR,SUI,2024-25,UEFA,False
2024-08-29,AFC Ajax,Jagiellonia Białystok,ajax,jagiellonia białystok,3,0,NED,POL,2024-25,UEFA,False
2024-08-29,UE Santa Coloma,Víkingur Reykjavík,ue santa coloma,víkingur reykjavík,0,0,AND,ISL,2024-25,UEFA,False
2024-08-29,RSC Anderlecht,Dinamo Minsk,rsc anderlecht,dinamo minsk,1,0,BEL,BLR,2024-25,UEFA,False
2024-08-29,IF Elfsborg,Molde FK,if elfsborg,molde,4,2,SWE,NOR,2024-25,UEFA,False
2024-08-29,APOEL Nikosia,FK RFS,apoel nikosia,rfs,2,4,CYP,LVA,2024-25,UEFA,False
2024-08-29,CS Petrocub,PFC Ludogorets Razgrad,cs petrocub,pfc ludogorets razgrad,1,2,MDA,BUL,2024-25,UEFA,False
2024-08-29,Larne FC,Lincoln Red Imps,larne,lincoln red imps,3,1,NIR,GIB,2024-25,UEFA,False
2024-08-29,Borac Banja Luka,Ferencvárosi TC,borac banja luka,ferencvárosi tc,2,3,BIH,HUN,2024-25,UEFA,False
2024-08-29,NK Celje,Pyunik FC,celje,pyunik,4,1,SVN,ARM,2024-25,UEFA,False
2024-08-29,Kilmarnock FC,FC København,kilmarnock,københavn,1,1,SCO,DEN,2024-25,UEFA,False
2024-08-29,Cercle Brugge,Wisła Kraków,cercle brugge,wisła kraków,1,4,BEL,POL,2024-25,UEFA,False
2024-08-29,Panathinaikos,RC Lens,panathinaikos,rc lens,2,0,GRE,FRA,2024-25,UEFA,False
2024-08-29,Drita Gjilan,Legia Warszawa,drita gjilan,legia warszawa,0,1,KOS,POL,2024-25,UEFA,False
2024-08-29,Shamrock Rovers,PAOK Saloniki,shamrock rovers,paok saloniki,0,2,IRL,GRE,2024-25,UEFA,False
2024-09-17,Real Madrid CF,VfB Stuttgart,real madrid,stuttgart,3,1,ESP,GER,2024-25,UEFA,False
2024-09-17,BSC Young Boys,Aston Villa FC,young boys,aston villa,0,3,SUI,ENG,2024-25,UEFA,False
2024-09-17,FC Bayern München,GNK Dinamo Zagreb,bayern münchen,gnk dinamo zagreb,9,2,GER,CRO,2024-25,UEFA,False
2024-09-17,Sporting Clube de Portugal,Lille OSC,sporting clube de portugal,lille osc,2,0,POR,FRA,2024-25,UEFA,False
2024-09-17,Juventus FC,PSV,juventus,psv,3,1,ITA,NED,2024-25,UEFA,False
2024-09-17,AC Milan,Liverpool FC,milan,liverpool,1,3,ITA,ENG,2024-25,UEFA,False
2024-09-18,Bologna FC 1909,FK Shakhtar Donetsk,bologna,shakhtar donetsk,0,0,ITA,UKR,2024-25,UEFA,False
2024-09-18,AC Sparta Praha,FC Red Bull Salzburg,sparta praha,red bull salzburg,3,0,CZE,AUT,2024-25,UEFA,False
2024-09-18,Manchester City FC,FC Internazionale Milano,manchester city,internazionale milano,0,0,ENG,ITA,2024-25,UEFA,False
2024-09-18,Club Brugge KV,Borussia Dortmund,club brugge,borussia dortmund,0,3,BEL,GER,2024-25,UEFA,False
2024-09-18,Celtic FC,ŠK Slovan Bratislava,celtic,šk slovan bratislava,5,1,SCO,SVK,2024-25,UEFA,False
2024-09-18,Paris Saint-Germain FC,Girona FC,paris saint-germain,girona,1,0,FRA,ESP,2024-25,UEFA,False
2024-09-19,Feyenoord Rotterdam,Bayer 04 Leverkusen,feyenoord rotterdam,bayer leverkusen,0,4,NED,GER,2024-25,UEFA,False
2024-09-19,FK Crvena Zvezda,Sport Lisboa e Benfica,crvena zvezda,sport lisboa e benfica,1,2,SRB,POR,2024-25,UEFA,False
2024-09-19,AS Monaco FC,FC Barcelona,monaco,barcelona,2,1,MCO,ESP,2024-25,UEFA,False
2024-09-19,Stade Brestois 29,SK Sturm Graz,stade brestois 29,sturm graz,2,1,FRA,AUT,2024-25,UEFA,False
2024-09-19,Atalanta BC,Arsenal FC,atalanta,arsenal,0,0,ITA,ENG,2024-25,UEFA,False
2024-09-19,Club Atlético de Madrid,RB Leipzig,club atlético de madrid,rb leipzig,2,1,ESP,GER,2024-25,UEFA,False
2024-09-25,RSC Anderlecht,Ferencvárosi TC,rsc anderlecht,ferencvárosi tc,2,1,BEL,HUN,2024-25,UEFA,False
2024-09-25,OGC Nice,Real Sociedad,ogc nice,real sociedad,1,1,FRA,ESP,2024-25,UEFA,False
2024-09-25,FC Midtjylland,1899 Hoffenheim,midtjylland,1899 hoffenheim,1,1,DEN,GER,2024-25,UEFA,False
2024-09-25,AZ Alkmaar,IF Elfsborg,az alkmaar,if elfsborg,3,2,NED,SWE,2024-25,UEFA,False
2024-09-25,FK Bodø/Glimt,FC Porto,bodø/glimt,porto,3,2,NOR,POR,2024-25,UEFA,False
2024-09-25,Manchester United,FC Twente,manchester united,twente,1,1,ENG,NED,2024-25,UEFA,False
2024-09-25,PFC Ludogorets Razgrad,Slavia Praha,pfc ludogorets razgrad,slavia praha,0,2,BUL,CZE,2024-25,UEFA,False
2024-09-25,Galatasaray,PAOK Saloniki,galatasaray,paok saloniki,3,1,TUR,GRE,2024-25,UEFA,False
2024-09-25,Dinamo Kiev,Lazio Roma,dinamo kiev,lazio roma,0,3,UKR,ITA,2024-25,UEFA,False
2024-09-26,Sporting Braga,Maccabi Tel Aviv,sporting braga,maccabi tel aviv,2,1,POR,ISR,2024-25,UEFA,False
2024-09-26,Eintracht Frankfurt,Viktoria Plzeň,eintracht frankfurt,viktoria plzeň,3,3,GER,CZE,2024-25,UEFA,False
2024-09-26,AS Roma,Athletic Club,roma,athletic club,1,1,ITA,ESP,2024-25,UEFA,False
2024-09-26,Malmö FF,Rangers FC,malmö ff,rangers,0,2,SWE,SCO,2024-25,UEFA,False
2024-09-26,Fenerbahçe,Union Saint-Gilloise,fenerbahçe,union saint-gilloise,2,1,TUR,BEL,2024-25,UEFA,False
2024-09-26,AFC Ajax,Beşiktaş,ajax,beşiktaş,4,0,NED,TUR,2024-25,UEFA,False
2024-09-26,Tottenham Hotspur,Qarabağ FK,tottenham hotspur,qarabağ,3,0,ENG,AZE,2024-25,UEFA,False
2024-09-26,FCSB,FK RFS,fcsb,rfs,4,1,ROU,LVA,2024-25,UEFA,False
2024-09-26,Olympique Lyonnais,Olympiakos Piraeus,olympique lyonnais,olympiakos piraeus,2,0,FRA,GRE,2024-25,UEFA,False
2024-10-01,Borussia Dortmund,Celtic FC,borussia dortmund,celtic,7,1,GER,SCO,2024-25,UEFA,False
2024-10-01,ŠK Slovan Bratislava,Manchester City FC,šk slovan bratislava,manchester city,0,4,SVK,ENG,2024-25,UEFA,False
2024-10-01,FC Red Bull Salzburg,Stade Brestois 29,red bull salzburg,stade brestois 29,0,4,AUT,FRA,2024-25,UEFA,False
2024-10-01,VfB Stuttgart,AC Sparta Praha,stuttgart,sparta praha,1,1,GER,CZE,2024-25,UEFA,False
2024-10-01,FC Internazionale Milano,FK Crvena Zvezda,internazionale milano,crvena zvezda,4,0,ITA,SRB,2024-25,UEFA,False
2024-10-01,Bayer 04 Leverkusen,AC Milan,bayer leverkusen,milan,1,0,GER,ITA,2024-25,UEFA,False
2024-10-01,Arsenal FC,Paris Saint-Germain FC,arsenal,paris saint-germain,2,0,ENG,FRA,2024-25,UEFA,False
2024-10-01,PSV,Sporting Clube de Portugal,psv,sporting clube de portugal,1,1,NED,POR,2024-25,UEFA,False
2024-10-01,FC Barcelona,BSC Young Boys,barcelona,young boys,5,0,ESP,SUI,2024-25,UEFA,False
2024-10-02,Girona FC,Feyenoord Rotterdam,girona,feyenoord rotterdam,2,3,ESP,NED,2024-25,UEFA,False
2024-10-02,İstanbul Başakşehir,Rapid Wien,i̇stanbul başakşehir,rapid wien,1,2,TUR,AUT,2024-25,UEFA,False
2024-10-02,SK Sturm Graz,Club Brugge KV,sturm graz,club brugge,0,1,AUT,BEL,2024-25,UEFA,False
2024-10-02,Aston Villa FC,FC Bayern München,aston villa,bayern münchen,1,0,ENG,GER,2024-25,UEFA,False
2024-10-02,FK Shakhtar Donetsk,Atalanta BC,shakhtar donetsk,atalanta,0,3,UKR,ITA,2024-25,UEFA,False
2024-10-02,Sport Lisboa e Benfica,Club Atlético de Madrid,sport lisboa e benfica,club atlético de madrid,4,0,POR,ESP,2024-25,UEFA,False
2024-10-02,RB Leipzig,Juventus FC,rb leipzig,juventus,2,3,GER,ITA,2024-25,UEFA,False
2024-10-02,Vitória Guimarães,NK Celje,vitória guimarães,celje,3,1,POR,SVN,2024-25,UEFA,False
2024-10-02,GNK Dinamo Zagreb,AS Monaco FC,gnk dinamo zagreb,monaco,2,2,CRO,MCO,2024-25,UEFA,False
2024-10-02,Lille OSC,Real Madrid CF,lille osc,real madrid,1,0,FRA,ESP,2024-25,UEFA,False
2024-10-02,Liverpool FC,Bologna FC 1909,liverpool,bologna,2,0,ENG,ITA,2024-25,UEFA,False
2024-10-03,Slavia Praha,AFC Ajax,slavia praha,ajax,1,1,CZE,NED,2024-25,UEFA,False
2024-10-03,Lazio Roma,OGC Nice,lazio roma,ogc nice,4,1,ITA,FRA,2024-25,UEFA,False
2024-10-03,Maccabi Tel Aviv,FC Midtjylland,maccabi tel aviv,midtjylland,0,2,ISR,DEN,2024-25,UEFA,False
2024-10-03,1. FC Heidenheim 1846,Olimpija Ljubljana,heidenheim,olimpija ljubljana,2,1,GER,SVN,2024-25,UEFA,False
2024-10-03,Ferencvárosi TC,Tottenham Hotspur,ferencvárosi tc,tottenham hotspur,1,2,HUN,ENG,2024-25,UEFA,False
2024-10-03,Real Sociedad,RSC Anderlecht,real sociedad,rsc anderlecht,1,2,ESP,BEL,2024-25,UEFA,False
2024-10-03,CS Petrocub,Paphos FC,cs petrocub,paphos,1,4,MDA,CYP,2024-25,UEFA,False
2024-10-03,Borac Banja Luka,Panathinaikos,borac banja luka,panathinaikos,1,1,BIH,GRE,2024-25,UEFA,False
2024-10-03,FC Lugano,HJK Helsinki,lugano,hjk helsinki,3,0,SUI,FIN,2024-25,UEFA,False
2024-10-03,Shamrock Rovers,APOEL Nikosia,shamrock rovers,apoel nikosia,1,1,IRL,CYP,2024-25,UEFA,False
2024-10-03,FK Astana,TSC Bačka Topola,astana,tsc bačka topola,1,0,KAZ,SRB,2024-25,UEFA,False
2024-10-03,Olympiakos Piraeus,Sporting Braga,olympiakos piraeus,sporting braga,3,0,GRE,POR,2024-25,UEFA,False
2024-10-03,Dinamo Minsk,Heart of Midlothian,dinamo minsk,heart of midlothian,1,2,BLR,SCO,2024-25,UEFA,False
2024-10-03,FC Noah,FK Mladá Boleslav,noah,mladá boleslav,2,0,ARM,CZE,2024-25,UEFA,False
2024-10-03,Chelsea FC,KAA Gent,chelsea,kaa gent,4,2,ENG,BEL,2024-25,UEFA,False
2024-10-03,FC København,Jagiellonia Białystok,københavn,jagiellonia białystok,1,2,DEN,POL,2024-25,UEFA,False
2024-10-03,ACF Fiorentina,The New Saints,acf fiorentina,the new saints,2,0,ITA,WAL,2024-25,UEFA,False
2024-10-03,LASK,Djurgårdens IF,lask,djurgårdens if,2,2,AUT,SWE,2024-25,UEFA,False
2024-10-03,Omonia Nikosia,Víkingur Reykjavík,omonia nikosia,víkingur reykjavík,4,0,CYP,ISL,2024-25,UEFA,False
2024-10-03,Molde FK,Larne FC,molde,larne,3,0,NOR,NIR,2024-25,UEFA,False
2024-10-03,Cercle Brugge,FC St. Gallen,cercle brugge,st. gallen,6,2,BEL,SUI,2024-25,UEFA,False
2024-10-03,Qarabağ FK,Malmö FF,qarabağ,malmö ff,1,2,AZE,SWE,2024-25,UEFA,False
2024-10-03,Athletic Club,AZ Alkmaar,athletic club,az alkmaar,2,0,ESP,NED,2024-25,UEFA,False
2024-10-03,Legia Warszawa,Real Betis,legia warszawa,real betis,1,0,POL,ESP,2024-25,UEFA,False
2024-10-03,IF Elfsborg,AS Roma,if elfsborg,roma,1,0,SWE,ITA,2024-25,UEFA,False
2024-10-03,FC Twente,Fenerbahçe,twente,fenerbahçe,1,1,NED,TUR,2024-25,UEFA,False
2024-10-03,Beşiktaş,Eintracht Frankfurt,beşiktaş,eintracht frankfurt,1,3,TUR,GER,2024-25,UEFA,False
2024-10-03,PAOK Saloniki,FCSB,paok saloniki,fcsb,0,1,GRE,ROU,2024-25,UEFA,False
2024-10-03,Union Saint-Gilloise,FK Bodø/Glimt,union saint-gilloise,bodø/glimt,0,0,BEL,NOR,2024-25,UEFA,False
2024-10-03,Viktoria Plzeň,PFC Ludogorets Razgrad,viktoria plzeň,pfc ludogorets razgrad,0,0,CZE,BUL,2024-25,UEFA,False
2024-10-03,FK RFS,Galatasaray,rfs,galatasaray,2,2,LVA,TUR,2024-25,UEFA,False
2024-10-03,1899 Hoffenheim,Dinamo Kiev,1899 hoffenheim,dinamo kiev,2,0,GER,UKR,2024-25,UEFA,False
2024-10-03,Rangers FC,Olympique Lyonnais,rangers,olympique lyonnais,1,4,SCO,FRA,2024-25,UEFA,False
2024-10-03,FC Porto,Manchester United,porto,manchester united,3,3,POR,ENG,2024-25,UEFA,False
2024-10-22,Aston Villa FC,Bologna FC 1909,aston villa,bologna,2,0,ENG,ITA,2024-25,UEFA,False
2024-10-22,Girona FC,ŠK Slovan Bratislava,girona,šk slovan bratislava,2,0,ESP,SVK,2024-25,UEFA,False
2024-10-22,SK Sturm Graz,Sporting Clube de Portugal,sturm graz,sporting clube de portugal,0,2,AUT,POR,2024-25,UEFA,False
2024-10-22,Paris Saint-Germain FC,PSV,paris saint-germain,psv,1,1,FRA,NED,2024-25,UEFA,False
2024-10-22,Real Madrid CF,Borussia Dortmund,real madrid,borussia dortmund,5,2,ESP,GER,2024-25,UEFA,False
2024-10-22,Arsenal FC,FK Shakhtar Donetsk,arsenal,shakhtar donetsk,1,0,ENG,UKR,2024-25,UEFA,False
2024-10-22,Juventus FC,VfB Stuttgart,juventus,stuttgart,0,1,ITA,GER,2024-25,UEFA,False
2024-10-22,AS Monaco FC,FK Crvena Zvezda,monaco,crvena zvezda,5,1,MCO,SRB,2024-25,UEFA,False
2024-10-22,AC Milan,Club Brugge KV,milan,club brugge,3,1,ITA,BEL,2024-25,UEFA,False
2024-10-23,Sporting Braga,FK Bodø/Glimt,sporting braga,bodø/glimt,1,2,POR,NOR,2024-25,UEFA,False
2024-10-23,Galatasaray,IF Elfsborg,galatasaray,if elfsborg,4,3,TUR,SWE,2024-25,UEFA,False
2024-10-23,Stade Brestois 29,Bayer 04 Leverkusen,stade brestois 29,bayer leverkusen,1,1,FRA,GER,2024-25,UEFA,False
2024-10-23,FC Barcelona,FC Bayern München,barcelona,bayern münchen,4,1,ESP,GER,2024-25,UEFA,False
2024-10-23,Atalanta BC,Celtic FC,atalanta,celtic,0,0,ITA,SCO,2024-25,UEFA,False
2024-10-23,FC Red Bull Salzburg,GNK Dinamo Zagreb,red bull salzburg,gnk dinamo zagreb,0,2,AUT,CRO,2024-25,UEFA,False
2024-10-23,Sport Lisboa e Benfica,Feyenoord Rotterdam,sport lisboa e benfica,feyenoord rotterdam,1,3,POR,NED,2024-25,UEFA,False
2024-10-23,Club Atlético de Madrid,Lille OSC,club atlético de madrid,lille osc,1,3,ESP,FRA,2024-25,UEFA,False
2024-10-23,RB Leipzig,Liverpool FC,rb leipzig,liverpool,0,1,GER,ENG,2024-25,UEFA,False
2024-10-23,Manchester City FC,AC Sparta Praha,manchester city,sparta praha,5,0,ENG,CZE,2024-25,UEFA,False
2024-10-23,BSC Young Boys,FC Internazionale Milano,young boys,internazionale milano,0,1,SUI,ITA,2024-25,UEFA,False
2024-10-24,Olympique Lyonnais,Beşiktaş,olympique lyonnais,beşiktaş,0,1,FRA,TUR,2024-25,UEFA,False
2024-10-24,Fenerbahçe,Manchester United,fenerbahçe,manchester united,1,1,TUR,ENG,2024-25,UEFA,False
2024-10-24,Real Betis,FC København,real betis,københavn,1,1,ESP,DEN,2024-25,UEFA,False
2024-10-24,AS Roma,Dinamo Kiev,roma,dinamo kiev,1,0,ITA,UKR,2024-25,UEFA,False
2024-10-24,Eintracht Frankfurt,FK RFS,eintracht frankfurt,rfs,1,0,GER,LVA,2024-25,UEFA,False
2024-10-24,Maccabi Tel Aviv,Real Sociedad,maccabi tel aviv,real sociedad,1,2,ISR,ESP,2024-25,UEFA,False
2024-10-24,Ferencvárosi TC,OGC Nice,ferencvárosi tc,ogc nice,1,0,HUN,FRA,2024-25,UEFA,False
2024-10-24,PAOK Saloniki,Viktoria Plzeň,paok saloniki,viktoria plzeň,2,2,GRE,CZE,2024-25,UEFA,False
2024-10-24,FC Midtjylland,Union Saint-Gilloise,midtjylland,union saint-gilloise,1,0,DEN,BEL,2024-25,UEFA,False
2024-10-24,Qarabağ FK,AFC Ajax,qarabağ,ajax,0,3,AZE,NED,2024-25,UEFA,False
2024-10-24,Rangers FC,FCSB,rangers,fcsb,4,0,SCO,ROU,2024-25,UEFA,False
2024-10-24,Malmö FF,Olympiakos Piraeus,malmö ff,olympiakos piraeus,0,1,SWE,GRE,2024-25,UEFA,False
2024-10-24,FC Twente,Lazio Roma,twente,lazio roma,0,2,NED,ITA,2024-25,UEFA,False
2024-10-24,Athletic Club,Slavia Praha,athletic club,slavia praha,1,0,ESP,CZE,2024-25,UEFA,False
2024-10-24,FC Porto,1899 Hoffenheim,porto,1899 hoffenheim,2,0,POR,GER,2024-25,UEFA,False
2024-10-24,HJK Helsinki,Dinamo Minsk,hjk helsinki,dinamo minsk,1,0,FIN,BLR,2024-25,UEFA,False
2024-10-24,Olimpija Ljubljana,LASK,olimpija ljubljana,lask,2,0,SVN,AUT,2024-25,UEFA,False
2024-10-24,The New Saints,FK Astana,the new saints,astana,2,0,WAL,KAZ,2024-25,UEFA,False
2024-10-24,FK Mladá Boleslav,FC Lugano,mladá boleslav,lugano,0,1,CZE,SUI,2024-25,UEFA,False
2024-10-24,TSC Bačka Topola,Legia Warszawa,tsc bačka topola,legia warszawa,0,3,SRB,POL,2024-25,UEFA,False
2024-10-24,Paphos FC,1. FC Heidenheim 1846,paphos,heidenheim,0,1,CYP,GER,2024-25,UEFA,False
2024-10-24,NK Celje,İstanbul Başakşehir,celje,i̇stanbul başakşehir,5,1,SVN,TUR,2024-25,UEFA,False
2024-10-24,Jagiellonia Białystok,CS Petrocub,jagiellonia białystok,cs petrocub,2,0,POL,MDA,2024-25,UEFA,False
2024-10-24,Panathinaikos,Chelsea FC,panathinaikos,chelsea,1,4,GRE,ENG,2024-25,UEFA,False
2024-10-24,FC St. Gallen,ACF Fiorentina,st. gallen,acf fiorentina,2,4,SUI,ITA,2024-25,UEFA,False
2024-10-24,Heart of Midlothian,Omonia Nikosia,heart of midlothian,omonia nikosia,2,0,SCO,CYP,2024-25,UEFA,False
2024-10-24,Rapid Wien,FC Noah,rapid wien,noah,1,0,AUT,ARM,2024-25,UEFA,False
2024-10-24,APOEL Nikosia,Borac Banja Luka,apoel nikosia,borac banja luka,0,1,CYP,BIH,2024-25,UEFA,False
2024-10-24,Djurgårdens IF,Vitória Guimarães,djurgårdens if,vitória guimarães,1,2,SWE,POR,2024-25,UEFA,False
2024-10-24,KAA Gent,Molde FK,kaa gent,molde,2,1,BEL,NOR,2024-25,UEFA,False
2024-10-24,Víkingur Reykjavík,Cercle Brugge,víkingur reykjavík,cercle brugge,3,1,ISL,BEL,2024-25,UEFA,False
2024-10-24,RSC Anderlecht,PFC Ludogorets Razgrad,rsc anderlecht,pfc ludogorets razgrad,2,0,BEL,BUL,2024-25,UEFA,False
2024-10-24,Larne FC,Shamrock Rovers,larne,shamrock rovers,1,4,NIR,IRL,2024-25,UEFA,False
2024-10-24,Tottenham Hotspur,AZ Alkmaar,tottenham hotspur,az alkmaar,1,0,ENG,NED,2024-25,UEFA,False
2024-11-05,Sporting Clube de Portugal,Manchester City FC,sporting clube de portugal,manchester city,4,1,POR,ENG,2024-25,UEFA,False
2024-11-05,PSV,Girona FC,psv,girona,4,0,NED,ESP,2024-25,UEFA,False
2024-11-05,Bologna FC 1909,AS Monaco FC,bologna,monaco,0,1,ITA,MCO,2024-25,UEFA,False
2024-11-05,Borussia Dortmund,SK Sturm Graz,borussia dortmund,sturm graz,1,0,GER,AUT,2024-25,UEFA,False
2024-11-05,Liverpool FC,Bayer 04 Leverkusen,liverpool,bayer leverkusen,4,0,ENG,GER,2024-25,UEFA,False
2024-11-05,Real Madrid CF,AC Milan,real madrid,milan,1,3,ESP,ITA,2024-25,UEFA,False
2024-11-05,Celtic FC,RB Leipzig,celtic,rb leipzig,3,1,SCO,GER,2024-25,UEFA,False
2024-11-05,Lille OSC,Juventus FC,lille osc,juventus,1,1,FRA,ITA,2024-25,UEFA,False
2024-11-05,ŠK Slovan Bratislava,GNK Dinamo Zagreb,šk slovan bratislava,gnk dinamo zagreb,1,4,SVK,CRO,2024-25,UEFA,False
2024-11-06,Beşiktaş,Malmö FF,beşiktaş,malmö ff,2,1,TUR,SWE,2024-25,UEFA,False
2024-11-06,VfB Stuttgart,Atalanta BC,stuttgart,atalanta,0,2,GER,ITA,2024-25,UEFA,False
2024-11-06,FC Internazionale Milano,Arsenal FC,internazionale milano,arsenal,1,0,ITA,ENG,2024-25,UEFA,False
2024-11-06,Paris Saint-Germain FC,Club Atlético de Madrid,paris saint-germain,club atlético de madrid,1,2,FRA,ESP,2024-25,UEFA,False
2024-11-06,Feyenoord Rotterdam,FC Red Bull Salzburg,feyenoord rotterdam,red bull salzburg,1,3,NED,AUT,2024-25,UEFA,False
2024-11-06,FK Crvena Zvezda,FC Barcelona,crvena zvezda,barcelona,2,5,SRB,ESP,2024-25,UEFA,False
2024-11-06,FC Bayern München,Sport Lisboa e Benfica,bayern münchen,sport lisboa e benfica,1,0,GER,POR,2024-25,UEFA,False
2024-11-06,Club Brugge KV,Aston Villa FC,club brugge,aston villa,1,0,BEL,ENG,2024-25,UEFA,False
2024-11-06,FK Shakhtar Donetsk,BSC Young Boys,shakhtar donetsk,young boys,2,1,UKR,SUI,2024-25,UEFA,False
2024-11-06,AC Sparta Praha,Stade Brestois 29,sparta praha,stade brestois 29,1,2,CZE,FRA,2024-25,UEFA,False
2024-11-07,Jagiellonia Białystok,Molde FK,jagiellonia białystok,molde,3,0,POL,NOR,2024-25,UEFA,False
2024-11-07,Víkingur Reykjavík,Borac Banja Luka,víkingur reykjavík,borac banja luka,2,0,ISL,BIH,2024-25,UEFA,False
2024-11-07,1899 Hoffenheim,Olympique Lyonnais,1899 hoffenheim,olympique lyonnais,2,2,GER,FRA,2024-25,UEFA,False
2024-11-07,Eintracht Frankfurt,Slavia Praha,eintracht frankfurt,slavia praha,1,0,GER,CZE,2024-25,UEFA,False
2024-11-07,KAA Gent,Omonia Nikosia,kaa gent,omonia nikosia,1,0,BEL,CYP,2024-25,UEFA,False
2024-11-07,Larne FC,FC St. Gallen,larne,st. gallen,1,2,NIR,SUI,2024-25,UEFA,False
2024-11-07,Dinamo Kiev,Ferencvárosi TC,dinamo kiev,ferencvárosi tc,0,4,UKR,HUN,2024-25,UEFA,False
2024-11-07,AZ Alkmaar,Fenerbahçe,az alkmaar,fenerbahçe,3,1,NED,TUR,2024-25,UEFA,False
2024-11-07,FK RFS,RSC Anderlecht,rfs,rsc anderlecht,1,1,LVA,BEL,2024-25,UEFA,False
2024-11-07,Legia Warszawa,Dinamo Minsk,legia warszawa,dinamo minsk,4,0,POL,BLR,2024-25,UEFA,False
2024-11-07,Shamrock Rovers,The New Saints,shamrock rovers,the new saints,2,1,IRL,WAL,2024-25,UEFA,False
2024-11-07,AFC Ajax,Maccabi Tel Aviv,ajax,maccabi tel aviv,5,0,NED,ISR,2024-25,UEFA,False
2024-11-07,TSC Bačka Topola,FC Lugano,tsc bačka topola,lugano,4,1,SRB,SUI,2024-25,UEFA,False
2024-11-07,CS Petrocub,Rapid Wien,cs petrocub,rapid wien,0,3,MDA,AUT,2024-25,UEFA,False
2024-11-07,Paphos FC,FK Astana,paphos,astana,1,0,CYP,KAZ,2024-25,UEFA,False
2024-11-07,Chelsea FC,FC Noah,chelsea,noah,8,0,ENG,ARM,2024-25,UEFA,False
2024-11-07,FC København,İstanbul Başakşehir,københavn,i̇stanbul başakşehir,2,2,DEN,TUR,2024-25,UEFA,False
2024-11-07,Real Betis,NK Celje,real betis,celje,2,1,ESP,SVN,2024-25,UEFA,False
2024-11-07,LASK,Cercle Brugge,lask,cercle brugge,0,0,AUT,BEL,2024-25,UEFA,False
2024-11-07,Djurgårdens IF,Panathinaikos,djurgårdens if,panathinaikos,2,1,SWE,GRE,2024-25,UEFA,False
2024-11-07,APOEL Nikosia,ACF Fiorentina,apoel nikosia,acf fiorentina,2,1,CYP,ITA,2024-25,UEFA,False
2024-11-07,Vitória Guimarães,FK Mladá Boleslav,vitória guimarães,mladá boleslav,2,1,POR,CZE,2024-25,UEFA,False
2024-11-07,HJK Helsinki,Olimpija Ljubljana,hjk helsinki,olimpija ljubljana,0,2,FIN,SVN,2024-25,UEFA,False
2024-11-07,Lazio Roma,FC Porto,lazio roma,porto,2,1,ITA,POR,2024-25,UEFA,False
2024-11-07,OGC Nice,FC Twente,ogc nice,twente,2,2,FRA,NED,2024-25,UEFA,False
2024-11-07,Heart of Midlothian,1. FC Heidenheim 1846,heart of midlothian,heidenheim,0,2,SCO,GER,2024-25,UEFA,False
2024-11-07,Manchester United,PAOK Saloniki,manchester united,paok saloniki,2,0,ENG,GRE,2024-25,UEFA,False
2024-11-07,Olympiakos Piraeus,Rangers FC,olympiakos piraeus,rangers,1,1,GRE,SCO,2024-25,UEFA,False
2024-11-07,Union Saint-Gilloise,AS Roma,union saint-gilloise,roma,1,1,BEL,ITA,2024-25,UEFA,False
2024-11-07,PFC Ludogorets Razgrad,Athletic Club,pfc ludogorets razgrad,athletic club,1,2,BUL,ESP,2024-25,UEFA,False
2024-11-07,Viktoria Plzeň,Real Sociedad,viktoria plzeň,real sociedad,2,1,CZE,ESP,2024-25,UEFA,False
2024-11-07,FK Bodø/Glimt,Qarabağ FK,bodø/glimt,qarabağ,1,2,NOR,AZE,2024-25,UEFA,False
2024-11-07,IF Elfsborg,Sporting Braga,if elfsborg,sporting braga,1,1,SWE,POR,2024-25,UEFA,False
2024-11-07,FCSB,FC Midtjylland,fcsb,midtjylland,2,0,ROU,DEN,2024-25,UEFA,False
2024-11-07,Galatasaray,Tottenham Hotspur,galatasaray,tottenham hotspur,3,2,TUR,ENG,2024-25,UEFA,False
2024-11-26,ŠK Slovan Bratislava,AC Milan,šk slovan bratislava,milan,2,3,SVK,ITA,2024-25,UEFA,False
2024-11-26,AC Sparta Praha,Club Atlético de Madrid,sparta praha,club atlético de madrid,0,6,CZE,ESP,2024-25,UEFA,False
2024-11-26,Sporting Clube de Portugal,Arsenal FC,sporting clube de portugal,arsenal,1,5,POR,ENG,2024-25,UEFA,False
2024-11-26,BSC Young Boys,Atalanta BC,young boys,atalanta,1,6,SUI,ITA,2024-25,UEFA,False
2024-11-26,FC Bayern München,Paris Saint-Germain FC,bayern münchen,paris saint-germain,1,0,GER,FRA,2024-25,UEFA,False
2024-11-26,FC Barcelona,Stade Brestois 29,barcelona,stade brestois 29,3,0,ESP,FRA,2024-25,UEFA,False
2024-11-26,FC Internazionale Milano,RB Leipzig,internazionale milano,rb leipzig,1,0,ITA,GER,2024-25,UEFA,False
2024-11-26,Bayer 04 Leverkusen,FC Red Bull Salzburg,bayer leverkusen,red bull salzburg,5,0,GER,AUT,2024-25,UEFA,False
2024-11-26,Manchester City FC,Feyenoord Rotterdam,manchester city,feyenoord rotterdam,3,3,ENG,NED,2024-25,UEFA,False
2024-11-27,İstanbul Başakşehir,CS Petrocub,i̇stanbul başakşehir,cs petrocub,1,1,TUR,MDA,2024-25,UEFA,False
2024-11-27,SK Sturm Graz,Girona FC,sturm graz,girona,1,0,AUT,ESP,2024-25,UEFA,False
2024-11-27,AS Monaco FC,Sport Lisboa e Benfica,monaco,sport lisboa e benfica,2,3,MCO,POR,2024-25,UEFA,False
2024-11-27,Bologna FC 1909,Lille OSC,bologna,lille osc,1,2,ITA,FRA,2024-25,UEFA,False
2024-11-27,Liverpool FC,Real Madrid CF,liverpool,real madrid,2,0,ENG,ESP,2024-25,UEFA,False
2024-11-27,Celtic FC,Club Brugge KV,celtic,club brugge,1,1,SCO,BEL,2024-25,UEFA,False
2024-11-27,GNK Dinamo Zagreb,Borussia Dortmund,gnk dinamo zagreb,borussia dortmund,0,3,CRO,GER,2024-25,UEFA,False
2024-11-27,PSV,FK Shakhtar Donetsk,psv,shakhtar donetsk,3,2,NED,UKR,2024-25,UEFA,False
2024-11-27,FK Crvena Zvezda,VfB Stuttgart,crvena zvezda,stuttgart,5,1,SRB,GER,2024-25,UEFA,False
2024-11-27,Aston Villa FC,Juventus FC,aston villa,juventus,0,0,ENG,ITA,2024-25,UEFA,False
2024-11-28,Lazio Roma,PFC Ludogorets Razgrad,lazio roma,pfc ludogorets razgrad,0,0,ITA,BUL,2024-25,UEFA,False
2024-11-28,OGC Nice,Rangers FC,ogc nice,rangers,1,4,FRA,SCO,2024-25,UEFA,False
2024-11-28,FCSB,Olympiakos Piraeus,fcsb,olympiakos piraeus,0,0,ROU,GRE,2024-25,UEFA,False
2024-11-28,FC Twente,Union Saint-Gilloise,twente,union saint-gilloise,0,1,NED,BEL,2024-25,UEFA,False
2024-11-28,FC Midtjylland,Eintracht Frankfurt,midtjylland,eintracht frankfurt,1,2,DEN,GER,2024-25,UEFA,False
2024-11-28,Real Sociedad,AFC Ajax,real sociedad,ajax,2,0,ESP,NED,2024-25,UEFA,False
2024-11-28,Sporting Braga,1899 Hoffenheim,sporting braga,1899 hoffenheim,3,0,POR,GER,2024-25,UEFA,False
2024-11-28,Ferencvárosi TC,Malmö FF,ferencvárosi tc,malmö ff,4,1,HUN,SWE,2024-25,UEFA,False
2024-11-28,Tottenham Hotspur,AS Roma,tottenham hotspur,roma,2,2,ENG,ITA,2024-25,UEFA,False
2024-11-28,Manchester United,FK Bodø/Glimt,manchester united,bodø/glimt,3,2,ENG,NOR,2024-25,UEFA,False
2024-11-28,Slavia Praha,Fenerbahçe,slavia praha,fenerbahçe,1,2,CZE,TUR,2024-25,UEFA,False
2024-11-28,FK RFS,PAOK Saloniki,rfs,paok saloniki,0,2,LVA,GRE,2024-25,UEFA,False
2024-11-28,RSC Anderlecht,FC Porto,rsc anderlecht,porto,2,2,BEL,POR,2024-25,UEFA,False
2024-11-28,Athletic Club,IF Elfsborg,athletic club,if elfsborg,3,0,ESP,SWE,2024-25,UEFA,False
2024-11-28,Beşiktaş,Maccabi Tel Aviv,beşiktaş,maccabi tel aviv,1,3,TUR,ISR,2024-25,UEFA,False
2024-11-28,AZ Alkmaar,Galatasaray,az alkmaar,galatasaray,1,1,NED,TUR,2024-25,UEFA,False
2024-11-28,FC Lugano,KAA Gent,lugano,kaa gent,2,0,SUI,BEL,2024-25,UEFA,False
2024-11-28,Olimpija Ljubljana,Larne FC,olimpija ljubljana,larne,1,0,SVN,NIR,2024-25,UEFA,False
2024-11-28,Rapid Wien,Shamrock Rovers,rapid wien,shamrock rovers,1,1,AUT,IRL,2024-25,UEFA,False
2024-11-28,FK Mladá Boleslav,Real Betis,mladá boleslav,real betis,2,1,CZE,ESP,2024-25,UEFA,False
2024-11-28,FK Astana,Vitória Guimarães,astana,vitória guimarães,1,1,KAZ,POR,2024-25,UEFA,False
2024-11-28,Molde FK,APOEL Nikosia,molde,apoel nikosia,0,1,NOR,CYP,2024-25,UEFA,False
2024-11-28,1. FC Heidenheim 1846,Chelsea FC,heidenheim,chelsea,0,2,GER,ENG,2024-25,UEFA,False
2024-11-28,Cercle Brugge,Heart of Midlothian,cercle brugge,heart of midlothian,2,0,BEL,SCO,2024-25,UEFA,False
2024-11-28,The New Saints,Djurgårdens IF,the new saints,djurgårdens if,0,1,WAL,SWE,2024-25,UEFA,False
2024-11-28,FC St. Gallen,TSC Bačka Topola,st. gallen,tsc bačka topola,2,2,SUI,SRB,2024-25,UEFA,False
2024-11-28,Panathinaikos,HJK Helsinki,panathinaikos,hjk helsinki,1,0,GRE,FIN,2024-25,UEFA,False
2024-11-28,Borac Banja Luka,LASK,borac banja luka,lask,2,1,BIH,AUT,2024-25,UEFA,False
2024-11-28,NK Celje,Jagiellonia Białystok,celje,jagiellonia białystok,3,3,SVN,POL,2024-25,UEFA,False
2024-11-28,Qarabağ FK,Olympique Lyonnais,qarabağ,olympique lyonnais,1,4,AZE,FRA,2024-25,UEFA,False
2024-11-28,FC Noah,Víkingur Reykjavík,noah,víkingur reykjavík,0,0,ARM,ISL,2024-25,UEFA,False
2024-11-28,Dinamo Minsk,FC København,dinamo minsk,københavn,1,2,BLR,DEN,2024-25,UEFA,False
2024-11-28,Omonia Nikosia,Legia Warszawa,omonia nikosia,legia warszawa,0,3,CYP,POL,2024-25,UEFA,False
2024-11-28,Dinamo Kiev,Viktoria Plzeň,dinamo kiev,viktoria plzeň,1,2,UKR,CZE,2024-25,UEFA,False
2024-11-28,ACF Fiorentina,Paphos FC,acf fiorentina,paphos,3,2,ITA,CYP,2024-25,UEFA,False
2024-12-10,Girona FC,Liverpool FC,girona,liverpool,0,1,ESP,ENG,2024-25,UEFA,False
2024-12-10,GNK Dinamo Zagreb,Celtic FC,gnk dinamo zagreb,celtic,0,0,CRO,SCO,2024-25,UEFA,False
2024-12-10,Stade Brestois 29,PSV,stade brestois 29,psv,1,0,FRA,NED,2024-25,UEFA,False
2024-12-10,RB Leipzig,Aston Villa FC,rb leipzig,aston villa,2,3,GER,ENG,2024-25,UEFA,False
2024-12-10,Atalanta BC,Real Madrid CF,atalanta,real madrid,2,3,ITA,ESP,2024-25,UEFA,False
2024-12-10,Bayer 04 Leverkusen,FC Internazionale Milano,bayer leverkusen,internazionale milano,1,0,GER,ITA,2024-25,UEFA,False
2024-12-10,Club Brugge KV,Sporting Clube de Portugal,club brugge,sporting clube de portugal,2,1,BEL,POR,2024-25,UEFA,False
2024-12-10,FK Shakhtar Donetsk,FC Bayern München,shakhtar donetsk,bayern münchen,1,5,UKR,GER,2024-25,UEFA,False
2024-12-10,FC Red Bull Salzburg,Paris Saint-Germain FC,red bull salzburg,paris saint-germain,0,3,AUT,FRA,2024-25,UEFA,False
2024-12-11,VfB Stuttgart,BSC Young Boys,stuttgart,young boys,5,1,GER,SUI,2024-25,UEFA,False
2024-12-11,Club Atlético de Madrid,ŠK Slovan Bratislava,club atlético de madrid,šk slovan bratislava,3,1,ESP,SVK,2024-25,UEFA,False
2024-12-11,Lille OSC,SK Sturm Graz,lille osc,sturm graz,3,2,FRA,AUT,2024-25,UEFA,False
2024-12-11,AC Milan,FK Crvena Zvezda,milan,crvena zvezda,2,1,ITA,SRB,2024-25,UEFA,False
2024-12-11,Borussia Dortmund,FC Barcelona,borussia dortmund,barcelona,2,3,GER,ESP,2024-25,UEFA,False
2024-12-11,Fenerbahçe,Athletic Club,fenerbahçe,athletic club,0,2,TUR,ESP,2024-25,UEFA,False
2024-12-11,Sport Lisboa e Benfica,Bologna FC 1909,sport lisboa e benfica,bologna,0,0,POR,ITA,2024-25,UEFA,False
2024-12-11,Arsenal FC,AS Monaco FC,arsenal,monaco,3,0,ENG,MCO,2024-25,UEFA,False
2024-12-11,Juventus FC,Manchester City FC,juventus,manchester city,2,0,ITA,ENG,2024-25,UEFA,False
2024-12-11,Feyenoord Rotterdam,AC Sparta Praha,feyenoord rotterdam,sparta praha,4,2,NED,CZE,2024-25,UEFA,False
2024-12-12,Víkingur Reykjavík,Djurgårdens IF,víkingur reykjavík,djurgårdens if,1,2,ISL,SWE,2024-25,UEFA,False
2024-12-12,FK Astana,Chelsea FC,astana,chelsea,1,3,KAZ,ENG,2024-25,UEFA,False
2024-12-12,FC København,Heart of Midlothian,københavn,heart of midlothian,2,0,DEN,SCO,2024-25,UEFA,False
2024-12-12,ACF Fiorentina,LASK,acf fiorentina,lask,7,0,ITA,AUT,2024-25,UEFA,False
2024-12-12,İstanbul Başakşehir,1. FC Heidenheim 1846,i̇stanbul başakşehir,heidenheim,3,1,TUR,GER,2024-25,UEFA,False
2024-12-12,FC Noah,APOEL Nikosia,noah,apoel nikosia,1,3,ARM,CYP,2024-25,UEFA,False
2024-12-12,Legia Warszawa,FC Lugano,legia warszawa,lugano,1,2,POL,SUI,2024-25,UEFA,False
2024-12-12,KAA Gent,TSC Bačka Topola,kaa gent,tsc bačka topola,3,0,BEL,SRB,2024-25,UEFA,False
2024-12-12,PAOK Saloniki,Ferencvárosi TC,paok saloniki,ferencvárosi tc,5,0,GRE,HUN,2024-25,UEFA,False
2024-12-12,Omonia Nikosia,Rapid Wien,omonia nikosia,rapid wien,3,1,CYP,AUT,2024-25,UEFA,False
2024-12-12,Shamrock Rovers,Borac Banja Luka,shamrock rovers,borac banja luka,3,0,IRL,BIH,2024-25,UEFA,False
2024-12-12,The New Saints,Panathinaikos,the new saints,panathinaikos,0,2,WAL,GRE,2024-25,UEFA,False
2024-12-12,Dinamo Minsk,Larne FC,dinamo minsk,larne,2,0,BLR,NIR,2024-25,UEFA,False
2024-12-12,FC St. Gallen,Vitória Guimarães,st. gallen,vitória guimarães,1,4,SUI,POR,2024-25,UEFA,False
2024-12-12,Paphos FC,NK Celje,paphos,celje,2,0,CYP,SVN,2024-25,UEFA,False
2024-12-12,AS Roma,Sporting Braga,roma,sporting braga,3,0,ITA,POR,2024-25,UEFA,False
2024-12-12,CS Petrocub,Real Betis,cs petrocub,real betis,0,1,MDA,ESP,2024-25,UEFA,False
2024-12-12,Olimpija Ljubljana,Cercle Brugge,olimpija ljubljana,cercle brugge,1,4,SVN,BEL,2024-25,UEFA,False
2024-12-12,HJK Helsinki,Molde FK,hjk helsinki,molde,2,2,FIN,NOR,2024-25,UEFA,False
2024-12-12,IF Elfsborg,Qarabağ FK,if elfsborg,qarabağ,1,0,SWE,AZE,2024-25,UEFA,False
2024-12-12,FK Bodø/Glimt,Beşiktaş,bodø/glimt,beşiktaş,2,1,NOR,TUR,2024-25,UEFA,False
2024-12-12,FK Mladá Boleslav,Jagiellonia Białystok,mladá boleslav,jagiellonia białystok,1,0,CZE,POL,2024-25,UEFA,False
2024-12-12,Real Sociedad,Dinamo Kiev,real sociedad,dinamo kiev,3,0,ESP,UKR,2024-25,UEFA,False
2024-12-12,PFC Ludogorets Razgrad,AZ Alkmaar,pfc ludogorets razgrad,az alkmaar,2,2,BUL,NED,2024-25,UEFA,False
2024-12-12,Malmö FF,Galatasaray,malmö ff,galatasaray,2,2,SWE,TUR,2024-25,UEFA,False
2024-12-12,Viktoria Plzeň,Manchester United,viktoria plzeň,manchester united,1,2,CZE,ENG,2024-25,UEFA,False
2024-12-12,1899 Hoffenheim,FCSB,1899 hoffenheim,fcsb,0,0,GER,ROU,2024-25,UEFA,False
2024-12-12,Slavia Praha,RSC Anderlecht,slavia praha,rsc anderlecht,1,2,CZE,BEL,2024-25,UEFA,False
2024-12-12,AFC Ajax,Lazio Roma,ajax,lazio roma,1,3,NED,ITA,2024-25,UEFA,False
2024-12-12,Union Saint-Gilloise,OGC Nice,union saint-gilloise,ogc nice,2,1,BEL,FRA,2024-25,UEFA,False
2024-12-12,Olympiakos Piraeus,FC Twente,olympiakos piraeus,twente,0,0,GRE,NED,2024-25,UEFA,False
2024-12-12,FC Porto,FC Midtjylland,porto,midtjylland,2,0,POR,DEN,2024-25,UEFA,False
2024-12-12,Maccabi Tel Aviv,FK RFS,maccabi tel aviv,rfs,2,1,ISR,LVA,2024-25,UEFA,False
2024-12-12,Olympique Lyonnais,Eintracht Frankfurt,olympique lyonnais,eintracht frankfurt,3,2,FRA,GER,2024-25,UEFA,False
2024-12-12,Rangers FC,Tottenham Hotspur,rangers,tottenham hotspur,1,1,SCO,ENG,2024-25,UEFA,False
2024-12-19,Larne FC,KAA Gent,larne,kaa gent,1,0,NIR,BEL,2024-25,UEFA,False
2024-12-19,Chelsea FC,Shamrock Rovers,chelsea,shamrock rovers,5,1,ENG,IRL,2024-25,UEFA,False
2024-12-19,Real Betis,HJK Helsinki,real betis,hjk helsinki,1,0,ESP,FIN,2024-25,UEFA,False
2024-12-19,LASK,Víkingur Reykjavík,lask,víkingur reykjavík,1,1,AUT,ISL,2024-25,UEFA,False
2024-12-19,Djurgårdens IF,Legia Warszawa,djurgårdens if,legia warszawa,3,1,SWE,POL,2024-25,UEFA,False
2024-12-19,Borac Banja Luka,Omonia Nikosia,borac banja luka,omonia nikosia,0,0,BIH,CYP,2024-25,UEFA,False
2024-12-19,TSC Bačka Topola,FC Noah,tsc bačka topola,noah,4,3,SRB,ARM,2024-25,UEFA,False
2024-12-19,APOEL Nikosia,FK Astana,apoel nikosia,astana,1,1,CYP,KAZ,2024-25,UEFA,False
2024-12-19,Molde FK,FK Mladá Boleslav,molde,mladá boleslav,4,3,NOR,CZE,2024-25,UEFA,False
2024-12-19,1. FC Heidenheim 1846,FC St. Gallen,heidenheim,st. gallen,1,1,GER,SUI,2024-25,UEFA,False
2024-12-19,Jagiellonia Białystok,Olimpija Ljubljana,jagiellonia białystok,olimpija ljubljana,0,0,POL,SVN,2024-25,UEFA,False
2024-12-19,Cercle Brugge,İstanbul Başakşehir,cercle brugge,i̇stanbul başakşehir,1,1,BEL,TUR,2024-25,UEFA,False
2024-12-19,Heart of Midlothian,CS Petrocub,heart of midlothian,cs petrocub,2,2,SCO,MDA,2024-25,UEFA,False
2024-12-19,FC Lugano,Paphos FC,lugano,paphos,2,2,SUI,CYP,2024-25,UEFA,False
2024-12-19,Panathinaikos,Dinamo Minsk,panathinaikos,dinamo minsk,4,0,GRE,BLR,2024-25,UEFA,False
2024-12-19,NK Celje,The New Saints,celje,the new saints,3,2,SVN,WAL,2024-25,UEFA,False
2024-12-19,Rapid Wien,FC København,rapid wien,københavn,3,0,AUT,DEN,2024-25,UEFA,False
2024-12-19,Vitória Guimarães,ACF Fiorentina,vitória guimarães,acf fiorentina,1,1,POR,ITA,2024-25,UEFA,False
2025-01-21,ŠK Slovan Bratislava,VfB Stuttgart,šk slovan bratislava,stuttgart,1,3,SVK,GER,2024-25,UEFA,False
2025-01-21,AS Monaco FC,Aston Villa FC,monaco,aston villa,1,0,MCO,ENG,2024-25,UEFA,False
2025-01-21,Atalanta BC,SK Sturm Graz,atalanta,sturm graz,5,0,ITA,AUT,2024-25,UEFA,False
2025-01-21,Bologna FC 1909,Borussia Dortmund,bologna,borussia dortmund,2,1,ITA,GER,2024-25,UEFA,False
2025-01-21,Galatasaray,Dinamo Kiev,galatasaray,dinamo kiev,3,3,TUR,UKR,2024-25,UEFA,False
2025-01-21,Liverpool FC,Lille OSC,liverpool,lille osc,2,1,ENG,FRA,2024-25,UEFA,False
2025-01-21,Club Atlético de Madrid,Bayer 04 Leverkusen,club atlético de madrid,bayer leverkusen,2,1,ESP,GER,2024-25,UEFA,False
2025-01-21,Sport Lisboa e Benfica,FC Barcelona,sport lisboa e benfica,barcelona,4,5,POR,ESP,2024-25,UEFA,False
2025-01-21,Club Brugge KV,Juventus FC,club brugge,juventus,0,0,BEL,ITA,2024-25,UEFA,False
2025-01-21,FK Crvena Zvezda,PSV,crvena zvezda,psv,2,3,SRB,NED,2024-25,UEFA,False
2025-01-22,Arsenal FC,GNK Dinamo Zagreb,arsenal,gnk dinamo zagreb,3,0,ENG,CRO,2024-25,UEFA,False
2025-01-22,RB Leipzig,Sporting Clube de Portugal,rb leipzig,sporting clube de portugal,2,1,GER,POR,2024-25,UEFA,False
2025-01-22,FK Shakhtar Donetsk,Stade Brestois 29,shakhtar donetsk,stade brestois 29,2,0,UKR,FRA,2024-25,UEFA,False
2025-01-22,Beşiktaş,Athletic Club,beşiktaş,athletic club,4,1,TUR,ESP,2024-25,UEFA,False
2025-01-22,AC Sparta Praha,FC Internazionale Milano,sparta praha,internazionale milano,0,1,CZE,ITA,2024-25,UEFA,False
2025-01-22,Paris Saint-Germain FC,Manchester City FC,paris saint-germain,manchester city,4,2,FRA,ENG,2024-25,UEFA,False
2025-01-22,Real Madrid CF,FC Red Bull Salzburg,real madrid,red bull salzburg,5,1,ESP,AUT,2024-25,UEFA,False
2025-01-22,AC Milan,Girona FC,milan,girona,1,0,ITA,ESP,2024-25,UEFA,False
2025-01-22,Feyenoord Rotterdam,FC Bayern München,feyenoord rotterdam,bayern münchen,3,0,NED,GER,2024-25,UEFA,False
2025-01-22,Celtic FC,BSC Young Boys,celtic,young boys,1,0,SCO,SUI,2024-25,UEFA,False
2025-01-23,Union Saint-Gilloise,Sporting Braga,union saint-gilloise,sporting braga,2,1,BEL,POR,2024-25,UEFA,False
2025-01-23,PFC Ludogorets Razgrad,FC Midtjylland,pfc ludogorets razgrad,midtjylland,0,2,BUL,DEN,2024-25,UEFA,False
2025-01-23,FC Porto,Olympiakos Piraeus,porto,olympiakos piraeus,0,1,POR,GRE,2024-25,UEFA,False
2025-01-23,Fenerbahçe,Olympique Lyonnais,fenerbahçe,olympique lyonnais,0,0,TUR,FRA,2024-25,UEFA,False
2025-01-23,AZ Alkmaar,AS Roma,az alkmaar,roma,1,0,NED,ITA,2024-25,UEFA,False
2025-01-23,Malmö FF,FC Twente,malmö ff,twente,2,3,SWE,NED,2024-25,UEFA,False
2025-01-23,Qarabağ FK,FCSB,qarabağ,fcsb,2,3,AZE,ROU,2024-25,UEFA,False
2025-01-23,FK Bodø/Glimt,Maccabi Tel Aviv,bodø/glimt,maccabi tel aviv,3,1,NOR,ISR,2024-25,UEFA,False
2025-01-23,Eintracht Frankfurt,Ferencvárosi TC,eintracht frankfurt,ferencvárosi tc,2,0,GER,HUN,2024-25,UEFA,False
2025-01-23,1899 Hoffenheim,Tottenham Hotspur,1899 hoffenheim,tottenham hotspur,2,3,GER,ENG,2024-25,UEFA,False
2025-01-23,FK RFS,AFC Ajax,rfs,ajax,1,0,LVA,NED,2024-25,UEFA,False
2025-01-23,Manchester United,Rangers FC,manchester united,rangers,2,1,ENG,SCO,2024-25,UEFA,False
2025-01-23,Lazio Roma,Real Sociedad,lazio roma,real sociedad,3,1,ITA,ESP,2024-25,UEFA,False
2025-01-23,IF Elfsborg,OGC Nice,if elfsborg,ogc nice,1,0,SWE,FRA,2024-25,UEFA,False
2025-01-23,PAOK Saloniki,Slavia Praha,paok saloniki,slavia praha,2,0,GRE,CZE,2024-25,UEFA,False
2025-01-23,Viktoria Plzeň,RSC Anderlecht,viktoria plzeň,rsc anderlecht,2,0,CZE,BEL,2024-25,UEFA,False
2025-01-29,Aston Villa FC,Celtic FC,aston villa,celtic,4,2,ENG,SCO,2024-25,UEFA,False
2025-01-29,Girona FC,Arsenal FC,girona,arsenal,1,2,ESP,ENG,2024-25,UEFA,False
2025-01-29,Stade Brestois 29,Real Madrid CF,stade brestois 29,real madrid,0,3,FRA,ESP,2024-25,UEFA,False
2025-01-29,SK Sturm Graz,RB Leipzig,sturm graz,rb leipzig,1,0,AUT,GER,2024-25,UEFA,False
2025-01-29,VfB Stuttgart,Paris Saint-Germain FC,stuttgart,paris saint-germain,1,4,GER,FRA,2024-25,UEFA,False
2025-01-29,FC Bayern München,ŠK Slovan Bratislava,bayern münchen,šk slovan bratislava,3,1,GER,SVK,2024-25,UEFA,False
2025-01-29,Borussia Dortmund,FK Shakhtar Donetsk,borussia dortmund,shakhtar donetsk,3,1,GER,UKR,2024-25,UEFA,False
2025-01-29,Manchester City FC,Club Brugge KV,manchester city,club brugge,3,1,ENG,BEL,2024-25,UEFA,False
2025-01-29,FC Internazionale Milano,AS Monaco FC,internazionale milano,monaco,3,0,ITA,MCO,2024-25,UEFA,False
2025-01-29,Bayer 04 Leverkusen,AC Sparta Praha,bayer leverkusen,sparta praha,2,0,GER,CZE,2024-25,UEFA,False
2025-01-29,Juventus FC,Sport Lisboa e Benfica,juventus,sport lisboa e benfica,0,2,ITA,POR,2024-25,UEFA,False
2025-01-29,GNK Dinamo Zagreb,AC Milan,gnk dinamo zagreb,milan,2,1,CRO,ITA,2024-25,UEFA,False
2025-01-29,Lille OSC,Feyenoord Rotterdam,lille osc,feyenoord rotterdam,6,1,FRA,NED,2024-25,UEFA,False
2025-01-29,FC Red Bull Salzburg,Club Atlético de Madrid,red bull salzburg,club atlético de madrid,1,4,AUT,ESP,2024-25,UEFA,False
2025-01-29,FC Barcelona,Atalanta BC,barcelona,atalanta,2,2,ESP,ITA,2024-25,UEFA,False
2025-01-29,PSV,Liverpool FC,psv,liverpool,3,2,NED,ENG,2024-25,UEFA,False
2025-01-29,Sporting Clube de Portugal,Bologna FC 1909,sporting clube de portugal,bologna,1,1,POR,ITA,2024-25,UEFA,False
2025-01-29,BSC Young Boys,FK Crvena Zvezda,young boys,crvena zvezda,0,1,SUI,SRB,2024-25,UEFA,False
2025-01-30,Olympique Lyonnais,PFC Ludogorets Razgrad,olympique lyonnais,pfc ludogorets razgrad,1,1,FRA,BUL,2024-25,UEFA,False
2025-01-30,Dinamo Kiev,FK RFS,dinamo kiev,rfs,1,0,UKR,LVA,2024-25,UEFA,False
2025-01-30,FC Midtjylland,Fenerbahçe,midtjylland,fenerbahçe,2,2,DEN,TUR,2024-25,UEFA,False
2025-01-30,FC Twente,Beşiktaş,twente,beşiktaş,1,0,NED,TUR,2024-25,UEFA,False
2025-01-30,Athletic Club,Viktoria Plzeň,athletic club,viktoria plzeň,3,1,ESP,CZE,2024-25,UEFA,False
2025-01-30,RSC Anderlecht,1899 Hoffenheim,rsc anderlecht,1899 hoffenheim,3,4,BEL,GER,2024-25,UEFA,False
2025-01-30,FCSB,Manchester United,fcsb,manchester united,0,2,ROU,ENG,2024-25,UEFA,False
2025-01-30,OGC Nice,FK Bodø/Glimt,ogc nice,bodø/glimt,1,1,FRA,NOR,2024-25,UEFA,False
2025-01-30,Sporting Braga,Lazio Roma,sporting braga,lazio roma,1,0,POR,ITA,2024-25,UEFA,False
2025-01-30,Real Sociedad,PAOK Saloniki,real sociedad,paok saloniki,2,0,ESP,GRE,2024-25,UEFA,False
2025-01-30,Ferencvárosi TC,AZ Alkmaar,ferencvárosi tc,az alkmaar,4,3,HUN,NED,2024-25,UEFA,False
2025-01-30,AFC Ajax,Galatasaray,ajax,galatasaray,2,1,NED,TUR,2024-25,UEFA,False
2025-01-30,Tottenham Hotspur,IF Elfsborg,tottenham hotspur,if elfsborg,3,0,ENG,SWE,2024-25,UEFA,False
2025-01-30,Slavia Praha,Malmö FF,slavia praha,malmö ff,2,2,CZE,SWE,2024-25,UEFA,False
2025-01-30,AS Roma,Eintracht Frankfurt,roma,eintracht frankfurt,2,0,ITA,GER,2024-25,UEFA,False
2025-01-30,Rangers FC,Union Saint-Gilloise,rangers,union saint-gilloise,2,1,SCO,BEL,2024-25,UEFA,False
2025-01-30,Maccabi Tel Aviv,FC Porto,maccabi tel aviv,porto,0,1,ISR,POR,2024-25,UEFA,False
2025-01-30,Olympiakos Piraeus,Qarabağ FK,olympiakos piraeus,qarabağ,3,0,GRE,AZE,2024-25,UEFA,False
2025-02-11,Stade Brestois 29,Paris Saint-Germain FC,stade brestois 29,paris saint-germain,0,3,FRA,FRA,2024-25,UEFA,False
2025-02-11,Manchester City FC,Real Madrid CF,manchester city,real madrid,2,3,ENG,ESP,2024-25,UEFA,False
2025-02-11,Juventus FC,PSV,juventus,psv,2,1,ITA,NED,2024-25,UEFA,False
2025-02-11,Sporting Clube de Portugal,Borussia Dortmund,sporting clube de portugal,borussia dortmund,0,3,POR,GER,2024-25,UEFA,False
2025-02-12,AS Monaco FC,Sport Lisboa e Benfica,monaco,sport lisboa e benfica,0,1,MCO,POR,2024-25,UEFA,False
2025-02-12,Celtic FC,FC Bayern München,celtic,bayern münchen,1,2,SCO,GER,2024-25,UEFA,False
2025-02-12,Feyenoord Rotterdam,AC Milan,feyenoord rotterdam,milan,1,0,NED,ITA,2024-25,UEFA,False
2025-02-12,Club Brugge KV,Atalanta BC,club brugge,atalanta,2,1,BEL,ITA,2024-25,UEFA,False
2025-02-13,Borac Banja Luka,Olimpija Ljubljana,borac banja luka,olimpija ljubljana,1,0,BIH,SVN,2024-25,UEFA,False
2025-02-13,Omonia Nikosia,Paphos FC,omonia nikosia,paphos,1,1,CYP,CYP,2024-25,UEFA,False
2025-02-13,NK Celje,APOEL Nikosia,celje,apoel nikosia,2,2,SVN,CYP,2024-25,UEFA,False
2025-02-13,Molde FK,Shamrock Rovers,molde,shamrock rovers,0,1,NOR,IRL,2024-25,UEFA,False
2025-02-13,TSC Bačka Topola,Jagiellonia Białystok,tsc bačka topola,jagiellonia białystok,1,3,SRB,POL,2024-25,UEFA,False
2025-02-13,FC Porto,AS Roma,porto,roma,1,1,POR,ITA,2024-25,UEFA,False
2025-02-13,AZ Alkmaar,Galatasaray,az alkmaar,galatasaray,4,1,NED,TUR,2024-25,UEFA,False
2025-02-13,PAOK Saloniki,FCSB,paok saloniki,fcsb,1,2,GRE,ROU,2024-25,UEFA,False
2025-02-13,FC Twente,FK Bodø/Glimt,twente,bodø/glimt,2,1,NED,NOR,2024-25,UEFA,False
2025-02-13,Ferencvárosi TC,Viktoria Plzeň,ferencvárosi tc,viktoria plzeň,1,0,HUN,CZE,2024-25,UEFA,False
2025-02-13,FC Midtjylland,Real Sociedad,midtjylland,real sociedad,1,2,DEN,ESP,2024-25,UEFA,False
2025-02-13,Union Saint-Gilloise,AFC Ajax,union saint-gilloise,ajax,0,2,BEL,NED,2024-25,UEFA,False
2025-02-13,Fenerbahçe,RSC Anderlecht,fenerbahçe,rsc anderlecht,3,0,TUR,BEL,2024-25,UEFA,False
2025-02-13,KAA Gent,Real Betis,kaa gent,real betis,0,3,BEL,ESP,2024-25,UEFA,False
2025-02-13,FC København,1. FC Heidenheim 1846,københavn,heidenheim,1,2,DEN,GER,2024-25,UEFA,False
2025-02-13,Víkingur Reykjavík,Panathinaikos,víkingur reykjavík,panathinaikos,2,1,ISL,GRE,2024-25,UEFA,False
2025-02-18,AC Milan,Feyenoord Rotterdam,milan,feyenoord rotterdam,1,1,ITA,NED,2024-25,UEFA,False
2025-02-18,Sport Lisboa e Benfica,AS Monaco FC,sport lisboa e benfica,monaco,3,3,POR,MCO,2024-25,UEFA,False
2025-02-18,FC Bayern München,Celtic FC,bayern münchen,celtic,1,1,GER,SCO,2024-25,UEFA,False
2025-02-18,Atalanta BC,Club Brugge KV,atalanta,club brugge,1,3,ITA,BEL,2024-25,UEFA,False
2025-02-19,Borussia Dortmund,Sporting Clube de Portugal,borussia dortmund,sporting clube de portugal,0,0,GER,POR,2024-25,UEFA,False
2025-02-19,Paris Saint-Germain FC,Stade Brestois 29,paris saint-germain,stade brestois 29,7,0,FRA,FRA,2024-25,UEFA,False
2025-02-19,Real Madrid CF,Manchester City FC,real madrid,manchester city,3,1,ESP,ENG,2024-25,UEFA,False
2025-02-19,PSV,Juventus FC,psv,juventus,3,1,NED,ITA,2024-25,UEFA,False
2025-02-20,Viktoria Plzeň,Ferencvárosi TC,viktoria plzeň,ferencvárosi tc,3,0,CZE,HUN,2024-25,UEFA,False
2025-02-20,Real Sociedad,FC Midtjylland,real sociedad,midtjylland,5,2,ESP,DEN,2024-25,UEFA,False
2025-02-20,AFC Ajax,Union Saint-Gilloise,ajax,union saint-gilloise,1,2,NED,BEL,2024-25,UEFA,False
2025-02-20,FCSB,PAOK Saloniki,fcsb,paok saloniki,2,0,ROU,GRE,2024-25,UEFA,False
2025-02-20,AS Roma,FC Porto,roma,porto,3,2,ITA,POR,2024-25,UEFA,False
2025-02-20,Galatasaray,AZ Alkmaar,galatasaray,az alkmaar,2,2,TUR,NED,2024-25,UEFA,False
2025-02-20,FK Bodø/Glimt,FC Twente,bodø/glimt,twente,5,2,NOR,NED,2024-25,UEFA,False
2025-02-20,RSC Anderlecht,Fenerbahçe,rsc anderlecht,fenerbahçe,2,2,BEL,TUR,2024-25,UEFA,False
2025-02-20,APOEL Nikosia,NK Celje,apoel nikosia,celje,0,2,CYP,SVN,2024-25,UEFA,False
2025-02-20,Shamrock Rovers,Molde FK,shamrock rovers,molde,4,5,IRL,NOR,2024-25,UEFA,False
2025-02-20,Jagiellonia Białystok,TSC Bačka Topola,jagiellonia białystok,tsc bačka topola,3,1,POL,SRB,2024-25,UEFA,False
2025-02-20,1. FC Heidenheim 1846,FC København,heidenheim,københavn,1,3,GER,DEN,2024-25,UEFA,False
2025-02-20,Real Betis,KAA Gent,real betis,kaa gent,0,1,ESP,BEL,2024-25,UEFA,False
2025-02-20,Olimpija Ljubljana,Borac Banja Luka,olimpija ljubljana,borac banja luka,0,0,SVN,BIH,2024-25,UEFA,False
2025-02-20,Paphos FC,Omonia Nikosia,paphos,omonia nikosia,2,1,CYP,CYP,2024-25,UEFA,False
2025-02-20,Panathinaikos,Víkingur Reykjavík,panathinaikos,víkingur reykjavík,2,0,GRE,ISL,2024-25,UEFA,False
2025-03-04,Club Brugge KV,Aston Villa FC,club brugge,aston villa,1,3,BEL,ENG,2024-25,UEFA,False
2025-03-04,Real Madrid CF,Club Atlético de Madrid,real madrid,club atlético de madrid,2,1,ESP,ESP,2024-25,UEFA,False
2025-03-04,PSV,Arsenal FC,psv,arsenal,1,7,NED,ENG,2024-25,UEFA,False
2025-03-04,Borussia Dortmund,Lille OSC,borussia dortmund,lille osc,1,1,GER,FRA,2024-25,UEFA,False
2025-03-05,Feyenoord Rotterdam,FC Internazionale Milano,feyenoord rotterdam,internazionale milano,0,2,NED,ITA,2024-25,UEFA,False
2025-03-05,Paris Saint-Germain FC,Liverpool FC,paris saint-germain,liverpool,0,1,FRA,ENG,2024-25,UEFA,False
2025-03-05,FC Bayern München,Bayer 04 Leverkusen,bayern münchen,bayer leverkusen,3,0,GER,GER,2024-25,UEFA,False
2025-03-05,Sport Lisboa e Benfica,FC Barcelona,sport lisboa e benfica,barcelona,0,1,POR,ESP,2024-25,UEFA,False
2025-03-06,FK Bodø/Glimt,Olympiakos Piraeus,bodø/glimt,olympiakos piraeus,3,0,NOR,GRE,2024-25,UEFA,False
2025-03-06,AZ Alkmaar,Tottenham Hotspur,az alkmaar,tottenham hotspur,1,0,NED,ENG,2024-25,UEFA,False
2025-03-06,Real Sociedad,Manchester United,real sociedad,manchester united,1,1,ESP,ENG,2024-25,UEFA,False
2025-03-06,FCSB,Olympique Lyonnais,fcsb,olympique lyonnais,1,3,ROU,FRA,2024-25,UEFA,False
2025-03-06,Fenerbahçe,Rangers FC,fenerbahçe,rangers,1,3,TUR,SCO,2024-25,UEFA,False
2025-03-06,Viktoria Plzeň,Lazio Roma,viktoria plzeň,lazio roma,1,2,CZE,ITA,2024-25,UEFA,False
2025-03-06,AFC Ajax,Eintracht Frankfurt,ajax,eintracht frankfurt,1,2,NED,GER,2024-25,UEFA,False
2025-03-06,AS Roma,Athletic Club,roma,athletic club,2,1,ITA,ESP,2024-25,UEFA,False
2025-03-06,FC København,Chelsea FC,københavn,chelsea,1,2,DEN,ENG,2024-25,UEFA,False
2025-03-06,Jagiellonia Białystok,Cercle Brugge,jagiellonia białystok,cercle brugge,3,0,POL,BEL,2024-25,UEFA,False
2025-03-06,NK Celje,FC Lugano,celje,lugano,1,0,SVN,SUI,2024-25,UEFA,False
2025-03-06,Paphos FC,Djurgårdens IF,paphos,djurgårdens if,1,0,CYP,SWE,2024-25,UEFA,False
2025-03-06,Borac Banja Luka,Rapid Wien,borac banja luka,rapid wien,1,1,BIH,AUT,2024-25,UEFA,False
2025-03-06,Molde FK,Legia Warszawa,molde,legia warszawa,3,2,NOR,POL,2024-25,UEFA,False
2025-03-06,Panathinaikos,ACF Fiorentina,panathinaikos,acf fiorentina,3,2,GRE,ITA,2024-25,UEFA,False
2025-03-06,Real Betis,Vitória Guimarães,real betis,vitória guimarães,2,2,ESP,POR,2024-25,UEFA,False
2025-03-11,FC Barcelona,Sport Lisboa e Benfica,barcelona,sport lisboa e benfica,3,1,ESP,POR,2024-25,UEFA,False
2025-03-11,Liverpool FC,Paris Saint-Germain FC,liverpool,paris saint-germain,1,4,ENG,FRA,2024-25,UEFA,False
2025-03-11,Bayer 04 Leverkusen,FC Bayern München,bayer leverkusen,bayern münchen,0,2,GER,GER,2024-25,UEFA,False
2025-03-11,FC Internazionale Milano,Feyenoord Rotterdam,internazionale milano,feyenoord rotterdam,2,1,ITA,NED,2024-25,UEFA,False
2025-03-12,Arsenal FC,PSV,arsenal,psv,2,2,ENG,NED,2024-25,UEFA,False
2025-03-12,Club Atlético de Madrid,Real Madrid CF,club atlético de madrid,real madrid,2,4,ESP,ESP,2024-25,UEFA,False
2025-03-12,Aston Villa FC,Club Brugge KV,aston villa,club brugge,3,0,ENG,BEL,2024-25,UEFA,False
2025-03-12,Lille OSC,Borussia Dortmund,lille osc,borussia dortmund,1,2,FRA,GER,2024-25,UEFA,False
2025-03-13,ACF Fiorentina,Panathinaikos,acf fiorentina,panathinaikos,3,1,ITA,GRE,2024-25,UEFA,False
2025-03-13,Legia Warszawa,Molde FK,legia warszawa,molde,2,0,POL,NOR,2024-25,UEFA,False
2025-03-13,Rangers FC,Fenerbahçe,rangers,fenerbahçe,3,2,SCO,TUR,2024-25,UEFA,False
2025-03-13,Chelsea FC,FC København,chelsea,københavn,1,0,ENG,DEN,2024-25,UEFA,False
2025-03-13,Olympique Lyonnais,FCSB,olympique lyonnais,fcsb,4,0,FRA,ROU,2024-25,UEFA,False
2025-03-13,Tottenham Hotspur,AZ Alkmaar,tottenham hotspur,az alkmaar,3,1,ENG,NED,2024-25,UEFA,False
2025-03-13,Vitória Guimarães,Real Betis,vitória guimarães,real betis,0,4,POR,ESP,2024-25,UEFA,False
2025-03-13,Manchester United,Real Sociedad,manchester united,real sociedad,4,1,ENG,ESP,2024-25,UEFA,False
2025-03-13,Djurgårdens IF,Paphos FC,djurgårdens if,paphos,3,0,SWE,CYP,2024-25,UEFA,False
2025-03-13,Rapid Wien,Borac Banja Luka,rapid wien,borac banja luka,2,1,AUT,BIH,2024-25,UEFA,False
2025-03-13,Cercle Brugge,Jagiellonia Białystok,cercle brugge,jagiellonia białystok,2,0,BEL,POL,2024-25,UEFA,False
2025-03-13,FC Lugano,NK Celje,lugano,celje,1,3,SUI,SVN,2024-25,UEFA,False
2025-03-13,Olympiakos Piraeus,FK Bodø/Glimt,olympiakos piraeus,bodø/glimt,2,1,GRE,NOR,2024-25,UEFA,False
2025-03-13,Eintracht Frankfurt,AFC Ajax,eintracht frankfurt,ajax,4,1,GER,NED,2024-25,UEFA,False
2025-03-13,Athletic Club,AS Roma,athletic club,roma,3,1,ESP,ITA,2024-25,UEFA,False
2025-03-13,Lazio Roma,Viktoria Plzeň,lazio roma,viktoria plzeň,1,1,ITA,CZE,2024-25,UEFA,False
2025-04-08,Arsenal FC,Real Madrid CF,arsenal,real madrid,3,0,ENG,ESP,2024-25,UEFA,False
2025-04-08,FC Bayern München,FC Internazionale Milano,bayern münchen,internazionale milano,1,2,GER,ITA,2024-25,UEFA,False
2025-04-09,Paris Saint-Germain FC,Aston Villa FC,paris saint-germain,aston villa,3,1,FRA,ENG,2024-25,UEFA,False
2025-04-09,FC Barcelona,Borussia Dortmund,barcelona,borussia dortmund,4,0,ESP,GER,2024-25,UEFA,False
2025-04-10,FK Bodø/Glimt,Lazio Roma,bodø/glimt,lazio roma,2,0,NOR,ITA,2024-25,UEFA,False
2025-04-10,Rangers FC,Athletic Club,rangers,athletic club,0,0,SCO,ESP,2024-25,UEFA,False
2025-04-10,Olympique Lyonnais,Manchester United,olympique lyonnais,manchester united,2,2,FRA,ENG,2024-25,UEFA,False
2025-04-10,Real Betis,Jagiellonia Białystok,real betis,jagiellonia białystok,2,0,ESP,POL,2024-25,UEFA,False
2025-04-10,Tottenham Hotspur,Eintracht Frankfurt,tottenham hotspur,eintracht frankfurt,1,1,ENG,GER,2024-25,UEFA,False
2025-04-10,Djurgårdens IF,Rapid Wien,djurgårdens if,rapid wien,0,1,SWE,AUT,2024-25,UEFA,False
2025-04-10,NK Celje,ACF Fiorentina,celje,acf fiorentina,1,2,SVN,ITA,2024-25,UEFA,False
2025-04-10,Legia Warszawa,Chelsea FC,legia warszawa,chelsea,0,3,POL,ENG,2024-25,UEFA,False
2025-04-15,Aston Villa FC,Paris Saint-Germain FC,aston villa,paris saint-germain,3,2,ENG,FRA,2024-25,UEFA,False
2025-04-15,Borussia Dortmund,FC Barcelona,borussia dortmund,barcelona,3,1,GER,ESP,2024-25,UEFA,False
2025-04-16,FC Internazionale Milano,FC Bayern München,internazionale milano,bayern münchen,2,2,ITA,GER,2024-25,UEFA,False
2025-04-16,Real Madrid CF,Arsenal FC,real madrid,arsenal,1,2,ESP,ENG,2024-25,UEFA,False
2025-04-17,Rapid Wien,Djurgårdens IF,rapid wien,djurgårdens if,1,4,AUT,SWE,2024-25,UEFA,False
2025-04-17,Jagiellonia Białystok,Real Betis,jagiellonia białystok,real betis,1,1,POL,ESP,2024-25,UEFA,False
2025-04-17,ACF Fiorentina,NK Celje,acf fiorentina,celje,2,2,ITA,SVN,2024-25,UEFA,False
2025-04-17,Eintracht Frankfurt,Tottenham Hotspur,eintracht frankfurt,tottenham hotspur,0,1,GER,ENG,2024-25,UEFA,False
2025-04-17,Lazio Roma,FK Bodø/Glimt,lazio roma,bodø/glimt,2,3,ITA,NOR,2024-25,UEFA,False
2025-04-17,Athletic Club,Rangers FC,athletic club,rangers,2,0,ESP,SCO,2024-25,UEFA,False
2025-04-17,Chelsea FC,Legia Warszawa,chelsea,legia warszawa,1,2,ENG,POL,2024-25,UEFA,False
2025-04-17,Manchester United,Olympique Lyonnais,manchester united,olympique lyonnais,5,4,ENG,FRA,2024-25,UEFA,False
2025-04-29,Arsenal FC,Paris Saint-Germain FC,arsenal,paris saint-germain,0,1,ENG,FRA,2024-25,UEFA,False
2025-04-30,FC Barcelona,FC Internazionale Milano,barcelona,internazionale milano,3,3,ESP,ITA,2024-25,UEFA,False
2025-05-01,Tottenham Hotspur,FK Bodø/Glimt,tottenham hotspur,bodø/glimt,3,1,ENG,NOR,2024-25,UEFA,False
2025-05-01,Athletic Club,Manchester United,athletic club,manchester united,0,3,ESP,ENG,2024-25,UEFA,False
2025-05-01,Djurgårdens IF,Chelsea FC,djurgårdens if,chelsea,1,4,SWE,ENG,2024-25,UEFA,False
2025-05-01,Real Betis,ACF Fiorentina,real betis,acf fiorentina,2,1,ESP,ITA,2024-25,UEFA,False
2025-05-06,FC Internazionale Milano,FC Barcelona,internazionale milano,barcelona,4,3,ITA,ESP,2024-25,UEFA,False
2025-05-07,Paris Saint-Germain FC,Arsenal FC,paris saint-germain,arsenal,2,1,FRA,ENG,2024-25,UEFA,False
2025-05-08,Manchester United,Athletic Club,manchester united,athletic club,4,1,ENG,ESP,2024-25,UEFA,False
2025-05-08,ACF Fiorentina,Real Betis,acf fiorentina,real betis,2,2,ITA,ESP,2024-25,UEFA,False
2025-05-08,Chelsea FC,Djurgårdens IF,chelsea,djurgårdens if,1,0,ENG,SWE,2024-25,UEFA,False
2025-05-08,FK Bodø/Glimt,Tottenham Hotspur,bodø/glimt,tottenham hotspur,0,2,NOR,ENG,2024-25,UEFA,False
2025-05-21,Tottenham Hotspur,Manchester United,tottenham hotspur,manchester united,1,0,ENG,ENG,2024-25,UEFA,False
2025-05-28,Real Betis,Chelsea FC,real betis,chelsea,1,4,ESP,ENG,2024-25,UEFA,False
2025-05-31,Paris Saint-Germain FC,FC Internazionale Milano,paris saint-germain,internazionale milano,5,0,FRA,ITA,2024-25,UEFA,False
2025-07-08,SS Virtus,Zrinjski Mostar,ss virtus,zrinjski mostar,0,2,SMR,BIH,2025-26,UEFA,False
2025-07-08,Egnatia Rrogozhine,Breiðablik,egnatia rrogozhine,breiðablik,1,0,ALB,ISL,2025-26,UEFA,False
2025-07-08,Víkingur,Lincoln Red Imps,víkingur,lincoln red imps,2,3,FRO,GIB,2025-26,UEFA,False
2025-07-08,KF Drita,FC Differdange 03,kf drita,differdange 03,1,0,KOS,LUX,2025-26,UEFA,False
2025-07-08,The New Saints,KF Shkëndija 79,the new saints,kf shkëndija 79,0,0,WAL,MKD,2025-26,UEFA,False
2025-07-08,FC Iberia 1999,Malmö FF,iberia 1999,malmö ff,1,3,GEO,SWE,2025-26,UEFA,False
2025-07-08,FCI Levadia,FK RFS,fci levadia,rfs,0,1,EST,LVA,2025-26,UEFA,False
2025-07-08,FC Noah,FK Budućnost Podgorica,noah,budućnost podgorica,1,0,ARM,MNE,2025-26,UEFA,False
2025-07-08,Kuopion PS,FC Milsami,kuopion ps,milsami,1,0,FIN,MDA,2025-26,UEFA,False
2025-07-08,St. Joseph's FC,Cliftonville FC,st. joseph's,cliftonville,2,2,GIB,NIR,2025-26,UEFA,False
2025-07-08,Olimpija Ljubljana,FK Kairat,olimpija ljubljana,kairat,1,1,SVN,KAZ,2025-26,UEFA,False
2025-07-08,Floriana FC,Haverfordwest County,floriana,haverfordwest county,2,1,MLT,WAL,2025-26,UEFA,False
2025-07-10,PFC Ludogorets Razgrad,Dinamo Batumi,pfc ludogorets razgrad,dinamo batumi,3,1,BUL,GEO,2024-25,UEFA,False
2025-07-10,KÍ Klaksvík,FC Differdange 03,kí klaksvík,differdange 03,2,0,FRO,LUX,2024-25,UEFA,False
2025-07-10,FK Ordabasy,CS Petrocub,ordabasy,cs petrocub,0,0,KAZ,MDA,2024-25,UEFA,False
2025-07-10,Dinamo Minsk,Pyunik FC,dinamo minsk,pyunik,0,0,BLR,ARM,2024-25,UEFA,False
2025-07-10,Sabah FK,NK Celje,sabah,celje,2,3,AZE,SVN,2025-26,UEFA,False
2025-07-10,FC Sheriff,FC Prishtina,sheriff,prishtina,4,0,MDA,KOS,2025-26,UEFA,False
2025-07-10,Paksi SE,CFR Cluj,paksi se,cfr cluj,0,0,HUN,ROU,2025-26,UEFA,False
2025-07-10,Levski Sofia,Hapoel Be'er Sheva,levski sofia,hapoel be'er sheva,0,0,BUL,ISR,2025-26,UEFA,False
2025-07-10,Shakhtar Donetsk,Ilves Tampere,shakhtar donetsk,ilves tampere,6,0,UKR,FIN,2025-26,UEFA,False
2025-07-10,AEK Larnaca,Partizan,aek larnaca,partizan,1,0,CYP,SRB,2025-26,UEFA,False
2025-07-10,Legia Warszawa,FK Aktobe,legia warszawa,aktobe,1,0,POL,KAZ,2025-26,UEFA,False
2025-07-10,Borac Banja Luka,Egnatia Rrogozhine,borac banja luka,egnatia rrogozhine,1,0,BIH,ALB,2024-25,UEFA,False
2025-07-10,FK RFS,Larne FC,rfs,larne,3,0,LVA,NIR,2024-25,UEFA,False
2025-07-10,Slovan Bratislava,FC Struga,slovan bratislava,struga,4,2,SVK,MKD,2024-25,UEFA,False
2025-07-10,FC Flora,NK Celje,flora,celje,0,5,EST,SVN,2024-25,UEFA,False
2025-07-10,Spartak Trnava,BK Häcken,spartak trnava,bk häcken,0,1,SVK,SWE,2025-26,UEFA,False
2025-07-11,UNA Strassen,Kuopion PS,una strassen,kuopion ps,0,0,LUX,FIN,2024-25,UEFA,False
2025-07-11,FK Mornar,Dinamo Tbilisi,mornar,dinamo tbilisi,2,1,MNE,GEO,2024-25,UEFA,False
2025-07-11,Shelbourne FC,St. Joseph's FC,shelbourne,st. joseph's,2,1,IRL,GIB,2024-25,UEFA,False
2025-07-11,SP La Fiorita,FK Isloch Minsk,sp la fiorita,isloch minsk,0,1,SMR,BLR,2024-25,UEFA,False
2025-07-11,GFK Tikvesh,Breiðablik,gfk tikvesh,breiðablik,3,2,MKD,ISL,2024-25,UEFA,False
2025-07-11,FK Partizani,Marsaxlokk FC,partizani,marsaxlokk,1,1,ALB,MLT,2024-25,UEFA,False
2025-07-11,Bala Town,Paide Linnameeskond,bala town,paide linnameeskond,1,2,WAL,EST,2024-25,UEFA,False
2025-07-11,Caernarfon Town,Crusaders FC,caernarfon town,crusaders,2,0,WAL,NIR,2024-25,UEFA,False
2025-07-11,Torpedo Kutaisi,KF Tiranë,torpedo kutaisi,kf tiranë,1,1,GEO,ALB,2024-25,UEFA,False
2025-07-11,FCB Magpies,Derry City,fcb magpies,derry city,2,0,GIB,IRL,2024-25,UEFA,False
2025-07-11,Floriana FC,SP Tre Penne,floriana,sp tre penne,3,1,MLT,SMR,2024-25,UEFA,False
2025-07-11,Atlétic Escaldes,F91 Dudelange,atlétic escaldes,f91 dudelange,0,1,AND,LUX,2024-25,UEFA,False
2025-07-11,JK Tallinna Kalev,FC Urartu,jk tallinna kalev,urartu,1,2,EST,ARM,2024-25,UEFA,False
2025-07-11,FC Noah,KF Shkëndija 79,noah,kf shkëndija 79,2,0,ARM,MKD,2024-25,UEFA,False
2025-07-11,NK Bravo,Connah's Quay Nomads,bravo,connah's quay nomads,0,1,SVN,WAL,2024-25,UEFA,False
2025-07-11,Valur Reykjavík,FK Vllaznia,valur reykjavík,vllaznia,2,2,ISL,ALB,2024-25,UEFA,False
2025-07-11,FK Liepāja,Víkingur,liepāja,víkingur,1,1,LVA,FRO,2024-25,UEFA,False
2025-07-11,FK Aktobe,FK Sarajevo,aktobe,sarajevo,0,1,KAZ,BIH,2024-25,UEFA,False
2025-07-11,KF Malisheva,FK Budućnost Podgorica,kf malisheva,budućnost podgorica,1,0,KOS,MNE,2024-25,UEFA,False
2025-07-11,FA Šiauliai,FCI Levadia,fa šiauliai,fci levadia,0,2,LTU,EST,2024-25,UEFA,False
2025-07-11,Torpedo-BelAZ Zhodino,FC Milsami,torpedo-belaz zhodino,milsami,2,4,BLR,MDA,2024-25,UEFA,False
2025-07-11,UMF Stjarnan,Linfield FC,umf stjarnan,linfield,2,0,ISL,NIR,2024-25,UEFA,False
2025-07-11,Vaasan PS,FK Žalgiris,vaasan ps,žalgiris,1,2,FIN,LTU,2024-25,UEFA,False
2025-07-16,KF Ballkani,UE Santa Coloma,kf ballkani,ue santa coloma,5,6,KOS,AND,2024-25,UEFA,False
2025-07-16,Lincoln Red Imps,Hamrun Spartans,lincoln red imps,hamrun spartans,5,4,GIB,MLT,2024-25,UEFA,False
2025-07-16,HJK Helsinki,FK Panevėžys,hjk helsinki,panevėžys,1,1,FIN,LTU,2024-25,UEFA,False
2025-07-16,Pyunik FC,Dinamo Minsk,pyunik,dinamo minsk,0,1,ARM,BLR,2024-25,UEFA,False
2025-07-16,NK Celje,FC Flora,celje,flora,2,1,SVN,EST,2024-25,UEFA,False
2025-07-16,FCSB,SS Virtus,fcsb,ss virtus,4,0,ROU,SMR,2024-25,UEFA,False
2025-07-16,FK Dečić Tuzi,The New Saints,dečić tuzi,the new saints,1,1,MNE,WAL,2024-25,UEFA,False
2025-07-16,Shamrock Rovers,Víkingur Reykjavík,shamrock rovers,víkingur reykjavík,2,1,IRL,ISL,2024-25,UEFA,False
2025-07-17,B36 Tórshavn,FK Auda,b36 tórshavn,auda,0,1,FRO,LVA,2024-25,UEFA,False
2025-07-17,FC Struga,Slovan Bratislava,struga,slovan bratislava,1,2,MKD,SVK,2024-25,UEFA,False
2025-07-17,FC Differdange 03,KÍ Klaksvík,differdange 03,kí klaksvík,0,0,LUX,FRO,2024-25,UEFA,False
2025-07-17,CS Petrocub,FK Ordabasy,cs petrocub,ordabasy,1,0,MDA,KAZ,2024-25,UEFA,False
2025-07-17,Egnatia Rrogozhine,Borac Banja Luka,egnatia rrogozhine,borac banja luka,1,4,ALB,BIH,2024-25,UEFA,False
2025-07-17,Larne FC,FK RFS,larne,rfs,0,4,NIR,LVA,2024-25,UEFA,False
2025-07-17,Crusaders FC,Caernarfon Town,crusaders,caernarfon town,7,8,NIR,WAL,2024-25,UEFA,False
2025-07-17,Dinamo Batumi,PFC Ludogorets Razgrad,dinamo batumi,pfc ludogorets razgrad,1,0,GEO,BUL,2024-25,UEFA,False
2025-07-18,KF Shkëndija 79,FC Noah,kf shkëndija 79,noah,1,2,MKD,ARM,2024-25,UEFA,False
2025-07-18,Zira FK,FC Sheriff,zira,sheriff,4,5,AZE,MDA,2024-25,UEFA,False
2025-07-18,Paphos FC,IF Elfsborg,paphos,if elfsborg,2,5,CYP,SWE,2024-25,UEFA,False
2025-07-18,Tobyl Kostanay,MFK Ružomberok,tobyl kostanay,mfk ružomberok,1,0,KAZ,SVK,2024-25,UEFA,False
2025-07-18,Connah's Quay Nomads,NK Bravo,connah's quay nomads,bravo,0,2,WAL,SVN,2024-25,UEFA,False
2025-07-18,FK Isloch Minsk,SP La Fiorita,isloch minsk,sp la fiorita,2,4,BLR,SMR,2024-25,UEFA,False
2025-07-18,Dinamo Tbilisi,FK Mornar,dinamo tbilisi,mornar,1,1,GEO,MNE,2024-25,UEFA,False
2025-07-18,Marsaxlokk FC,FK Partizani,marsaxlokk,partizani,1,2,MLT,ALB,2024-25,UEFA,False
2025-07-18,F91 Dudelange,Atlétic Escaldes,f91 dudelange,atlétic escaldes,2,0,LUX,AND,2024-25,UEFA,False
2025-07-18,Paide Linnameeskond,Bala Town,paide linnameeskond,bala town,1,1,EST,WAL,2024-25,UEFA,False
2025-07-18,FK Žalgiris,Vaasan PS,žalgiris,vaasan ps,1,0,LTU,FIN,2024-25,UEFA,False
2025-07-18,St. Joseph's FC,Shelbourne FC,st. joseph's,shelbourne,1,1,GIB,IRL,2024-25,UEFA,False
2025-07-18,FCI Levadia,FA Šiauliai,fci levadia,fa šiauliai,0,0,EST,LTU,2024-25,UEFA,False
2025-07-18,FC Milsami,Torpedo-BelAZ Zhodino,milsami,torpedo-belaz zhodino,0,0,MDA,BLR,2024-25,UEFA,False
2025-07-18,Inter Club d'Escaldes,Velež Mostar,inter club d'escaldes,velež mostar,5,1,AND,BIH,2024-25,UEFA,False
2025-07-18,Kuopion PS,UNA Strassen,kuopion ps,una strassen,5,0,FIN,LUX,2024-25,UEFA,False
2025-07-18,FC Urartu,JK Tallinna Kalev,urartu,jk tallinna kalev,2,0,ARM,EST,2024-25,UEFA,False
2025-07-18,KF Llapi,Wisła Kraków,kf llapi,wisła kraków,1,2,KOS,POL,2024-25,UEFA,False
2025-07-18,FK Vllaznia,Valur Reykjavík,vllaznia,valur reykjavík,0,4,ALB,ISL,2024-25,UEFA,False
2025-07-18,SP Tre Penne,Floriana FC,sp tre penne,floriana,1,1,SMR,MLT,2024-25,UEFA,False
2025-07-18,Derry City,FCB Magpies,derry city,fcb magpies,2,1,IRL,GIB,2024-25,UEFA,False
2025-07-18,Linfield FC,UMF Stjarnan,linfield,umf stjarnan,3,2,NIR,ISL,2024-25,UEFA,False
2025-07-18,FK Budućnost Podgorica,KF Malisheva,budućnost podgorica,kf malisheva,3,0,MNE,KOS,2024-25,UEFA,False
2025-07-18,FK Sarajevo,FK Aktobe,sarajevo,aktobe,4,3,BIH,KAZ,2024-25,UEFA,False
2025-07-18,FC Corvinul Hunedoara,Paksi SE,corvinul hunedoara,paksi se,0,2,ROU,HUN,2024-25,UEFA,False
2025-07-18,Breiðablik,GFK Tikvesh,breiðablik,gfk tikvesh,3,1,ISL,MKD,2024-25,UEFA,False
2025-07-18,KF Tiranë,Torpedo Kutaisi,kf tiranë,torpedo kutaisi,0,1,ALB,GEO,2024-25,UEFA,False
2025-07-18,Víkingur,FK Liepāja,víkingur,liepāja,2,0,FRO,LVA,2024-25,UEFA,False
2025-07-18,NK Maribor,Botev Plovdiv,maribor,botev plovdiv,2,2,SVN,BUL,2024-25,UEFA,False
2025-07-23,Shamrock Rovers,AC Sparta Praha,shamrock rovers,sparta praha,0,2,IRL,CZE,2024-25,UEFA,False
2025-07-23,FC Lugano,Fenerbahçe,lugano,fenerbahçe,3,4,SUI,TUR,2024-25,UEFA,False
2025-07-23,Dinamo Kiev,Partizan,dinamo kiev,partizan,6,2,UKR,SRB,2024-25,UEFA,False
2025-07-23,UE Santa Coloma,FC Midtjylland,ue santa coloma,midtjylland,0,3,AND,DEN,2024-25,UEFA,False
2025-07-23,Ferencvárosi TC,The New Saints,ferencvárosi tc,the new saints,5,0,HUN,WAL,2024-25,UEFA,False
2025-07-23,APOEL Nikosia,CS Petrocub,apoel nikosia,cs petrocub,1,0,CYP,MDA,2024-25,UEFA,False
2025-07-23,Malmö FF,KÍ Klaksvík,malmö ff,kí klaksvík,4,1,SWE,FRO,2024-25,UEFA,False
2025-07-23,KF Ballkani,Hamrun Spartans,kf ballkani,hamrun spartans,0,0,KOS,MLT,2024-25,UEFA,False
2025-07-23,FCSB,Maccabi Tel Aviv,fcsb,maccabi tel aviv,1,1,ROU,ISR,2024-25,UEFA,False
2025-07-23,FK Bodø/Glimt,FK RFS,bodø/glimt,rfs,4,0,NOR,LVA,2024-25,UEFA,False
2025-07-23,FC Differdange 03,FK Ordabasy,differdange 03,ordabasy,1,0,LUX,KAZ,2024-25,UEFA,False
2025-07-23,SS Virtus,FC Flora,ss virtus,flora,0,0,SMR,EST,2024-25,UEFA,False
2025-07-23,FK Panevėžys,Jagiellonia Białystok,panevėžys,jagiellonia białystok,0,4,LTU,POL,2024-25,UEFA,False
2025-07-23,Lincoln Red Imps,Qarabağ FK,lincoln red imps,qarabağ,0,2,GIB,AZE,2024-25,UEFA,False
2025-07-24,AEK Athen,Inter Club d'Escaldes,aek athen,inter club d'escaldes,4,3,GRE,AND,2024-25,UEFA,False
2025-07-24,PFC Ludogorets Razgrad,Dinamo Minsk,pfc ludogorets razgrad,dinamo minsk,2,0,BUL,BLR,2024-25,UEFA,False
2025-07-24,Cliftonville FC,FK Auda,cliftonville,auda,1,2,NIR,LVA,2024-25,UEFA,False
2025-07-24,NK Celje,Slovan Bratislava,celje,slovan bratislava,1,1,SVN,SVK,2024-25,UEFA,False
2025-07-24,Dinamo Batumi,FK Dečić Tuzi,dinamo batumi,dečić tuzi,0,2,GEO,MNE,2024-25,UEFA,False
2025-07-24,PAOK Saloniki,Borac Banja Luka,paok saloniki,borac banja luka,3,2,GRE,BIH,2024-25,UEFA,False
2025-07-24,FC Struga,Pyunik FC,struga,pyunik,2,1,MKD,ARM,2024-25,UEFA,False
2025-07-24,Riga FC,Śląsk Wrocław,riga,śląsk wrocław,1,0,LVA,POL,2024-25,UEFA,False
2025-07-25,Breiðablik,Drita Gjilan,breiðablik,drita gjilan,1,2,ISL,KOS,2024-25,UEFA,False
2025-07-25,FK Sarajevo,Spartak Trnava,sarajevo,spartak trnava,0,0,BIH,SVK,2024-25,UEFA,False
2025-07-25,UMF Stjarnan,Paide Linnameeskond,umf stjarnan,paide linnameeskond,2,1,ISL,EST,2024-25,UEFA,False
2025-07-25,Zrinjski Mostar,NK Bravo,zrinjski mostar,bravo,0,1,BIH,SVN,2024-25,UEFA,False
2025-07-25,Sporting Braga,Maccabi Petach-Tikva,sporting braga,maccabi petach-tikva,2,0,POR,ISR,2024-25,UEFA,False
2025-07-25,Wisła Kraków,Rapid Wien,wisła kraków,rapid wien,1,2,POL,AUT,2024-25,UEFA,False
2025-07-25,MFK Ružomberok,Trabzonspor,mfk ružomberok,trabzonspor,0,2,SVK,TUR,2024-25,UEFA,False
2025-07-25,Molde FK,Silkeborg IF,molde,silkeborg if,3,1,NOR,DEN,2024-25,UEFA,False
2025-07-25,FC Sheriff,IF Elfsborg,sheriff,if elfsborg,0,1,MDA,SWE,2024-25,UEFA,False
2025-07-25,FC Corvinul Hunedoara,HNK Rijeka,corvinul hunedoara,rijeka,0,0,ROU,CRO,2024-25,UEFA,False
2025-07-25,Panathinaikos,Botev Plovdiv,panathinaikos,botev plovdiv,2,1,GRE,BUL,2024-25,UEFA,False
2025-07-25,AFC Ajax,Vojvodina,ajax,vojvodina,1,0,NED,SRB,2024-25,UEFA,False
2025-07-25,Kilmarnock FC,Cercle Brugge,kilmarnock,cercle brugge,1,1,SCO,BEL,2024-25,UEFA,False
2025-07-25,Hajduk Split,HB Tórshavn,hajduk split,hb tórshavn,2,0,CRO,FRO,2024-25,UEFA,False
2025-07-25,Legia Warszawa,Caernarfon Town,legia warszawa,caernarfon town,6,0,POL,WAL,2024-25,UEFA,False
2025-07-25,NK Maribor,CS Universitatea Craiova,maribor,cs universitatea craiova,2,0,SVN,ROU,2024-25,UEFA,False
2025-07-25,Valur Reykjavík,St. Mirren FC,valur reykjavík,st. mirren,0,0,ISL,SCO,2024-25,UEFA,False
2025-07-25,Floriana FC,Vitória Guimarães,floriana,vitória guimarães,0,1,MLT,POR,2024-25,UEFA,False
2025-07-25,Hapoel Be'er Sheva,Cherno More Varna,hapoel be'er sheva,cherno more varna,0,0,ISR,BUL,2024-25,UEFA,False
2025-07-25,F91 Dudelange,BK Häcken,f91 dudelange,bk häcken,2,6,LUX,SWE,2024-25,UEFA,False
2025-07-25,Djurgårdens IF,Progrès Niedercorn,djurgårdens if,progrès niedercorn,3,0,SWE,LUX,2024-25,UEFA,False
2025-07-25,SK Dnipro-1,Puskás FC,dnipro-1,puskás,0,3,UKR,HUN,2024-25,UEFA,False
2025-07-25,Olimpija Ljubljana,Polissya Zhytomyr,olimpija ljubljana,polissya zhytomyr,2,0,SVN,UKR,2024-25,UEFA,False
2025-07-25,FC Zimbru,FC Ararat-Armenia,zimbru,ararat-armenia,0,3,MDA,ARM,2024-25,UEFA,False
2025-07-25,Zira FK,FC DAC 1904,zira,dac 1904,4,0,AZE,SVK,2024-25,UEFA,False
2025-07-25,Omonia Nikosia,Torpedo Kutaisi,omonia nikosia,torpedo kutaisi,3,1,CYP,GEO,2024-25,UEFA,False
2025-07-25,Go Ahead Eagles,SK Brann,go ahead eagles,brann,0,0,NED,NOR,2024-25,UEFA,False
2025-07-25,FC Milsami,FK Astana,milsami,astana,1,1,MDA,KAZ,2024-25,UEFA,False
2025-07-25,FC Iberia 1999,FK Partizani,iberia 1999,partizani,2,0,GEO,ALB,2024-25,UEFA,False
2025-07-25,FC Noah,Sliema Wanderers,noah,sliema wanderers,7,0,ARM,MLT,2024-25,UEFA,False
2025-07-25,FK Mladá Boleslav,FK TransINVEST,mladá boleslav,transinvest,2,0,CZE,LTU,2024-25,UEFA,False
2025-07-25,FK Žalgiris,Paphos FC,žalgiris,paphos,2,1,LTU,CYP,2024-25,UEFA,False
2025-07-25,FCB Magpies,FC København,fcb magpies,københavn,0,3,GIB,DEN,2024-25,UEFA,False
2025-07-25,Ilves Tampere,Austria Wien,ilves tampere,austria wien,2,1,FIN,AUT,2024-25,UEFA,False
2025-07-25,Sumgayıt FK,Fehérvár FC,sumgayıt,fehérvár,1,2,AZE,HUN,2024-25,UEFA,False
2025-07-25,Kuopion PS,Tromsø IL,kuopion ps,tromsø il,0,1,FIN,NOR,2024-25,UEFA,False
2025-07-25,St Patrick's Athletic,FC Vaduz,st patrick's athletic,vaduz,3,1,IRL,LIE,2024-25,UEFA,False
2025-07-25,Baník Ostrava,FC Urartu,baník ostrava,urartu,5,1,CZE,ARM,2024-25,UEFA,False
2025-07-25,CSKA 1948 Sofia,FK Budućnost Podgorica,cska sofia,budućnost podgorica,1,0,BUL,MNE,2024-25,UEFA,False
2025-07-25,Víkingur Reykjavík,Egnatia Rrogozhine,víkingur reykjavík,egnatia rrogozhine,0,1,ISL,ALB,2024-25,UEFA,False
2025-07-25,Paksi SE,AEK Larnaca,paksi se,aek larnaca,3,0,HUN,CYP,2024-25,UEFA,False
2025-07-25,FK Radnički 1923,FK Mornar,radnički 1923,mornar,1,0,SRB,MNE,2024-25,UEFA,False
2025-07-25,FC St. Gallen,Tobyl Kostanay,st. gallen,tobyl kostanay,4,1,SUI,KAZ,2024-25,UEFA,False
2025-07-25,KAA Gent,Víkingur,kaa gent,víkingur,4,1,BEL,FRO,2024-25,UEFA,False
2025-07-25,NK Osijek,FCI Levadia,osijek,fci levadia,5,1,CRO,EST,2024-25,UEFA,False
2025-07-25,İstanbul Başakşehir,SP La Fiorita,i̇stanbul başakşehir,sp la fiorita,6,1,TUR,SMR,2024-25,UEFA,False
2025-07-25,CFR Cluj,Neman Grodno,cfr cluj,neman grodno,0,0,ROU,BLR,2024-25,UEFA,False
2025-07-25,Maccabi Haifa,Sabah FK,maccabi haifa,sabah,0,3,ISR,AZE,2024-25,UEFA,False
2025-07-25,Brøndby IF,KF Llapi,brøndby if,kf llapi,6,0,DEN,KOS,2024-25,UEFA,False
2025-07-25,FC Zürich,Shelbourne FC,zürich,shelbourne,3,0,SUI,IRL,2024-25,UEFA,False
2025-07-30,AC Sparta Praha,Shamrock Rovers,sparta praha,shamrock rovers,4,2,CZE,IRL,2024-25,UEFA,False
2025-07-30,Qarabağ FK,Lincoln Red Imps,qarabağ,lincoln red imps,5,0,AZE,GIB,2024-25,UEFA,False
2025-07-30,CS Petrocub,APOEL Nikosia,cs petrocub,apoel nikosia,1,1,MDA,CYP,2024-25,UEFA,False
2025-07-30,Fenerbahçe,FC Lugano,fenerbahçe,lugano,2,1,TUR,SUI,2024-25,UEFA,False
2025-07-30,The New Saints,Ferencvárosi TC,the new saints,ferencvárosi tc,1,2,WAL,HUN,2024-25,UEFA,False
2025-07-30,Pyunik FC,FC Struga,pyunik,struga,3,1,ARM,MKD,2024-25,UEFA,False
2025-07-30,KÍ Klaksvík,Malmö FF,kí klaksvík,malmö ff,3,2,FRO,SWE,2024-25,UEFA,False
2025-07-30,Drita Gjilan,Breiðablik,drita gjilan,breiðablik,1,0,KOS,ISL,2024-25,UEFA,False
2025-07-30,FC Flora,SS Virtus,flora,ss virtus,5,2,EST,SMR,2024-25,UEFA,False
2025-07-30,Slovan Bratislava,NK Celje,slovan bratislava,celje,5,0,SVK,SVN,2024-25,UEFA,False
2025-07-30,FK Dečić Tuzi,Dinamo Batumi,dečić tuzi,dinamo batumi,0,0,MNE,GEO,2024-25,UEFA,False
2025-07-30,Hamrun Spartans,KF Ballkani,hamrun spartans,kf ballkani,0,2,MLT,KOS,2024-25,UEFA,False
2025-07-31,Fehérvár FC,Sumgayıt FK,fehérvár,sumgayıt,0,0,HUN,AZE,2024-25,UEFA,False
2025-07-31,FK Auda,Cliftonville FC,auda,cliftonville,2,0,LVA,NIR,2024-25,UEFA,False
2025-07-31,BK Häcken,F91 Dudelange,bk häcken,f91 dudelange,6,1,SWE,LUX,2024-25,UEFA,False
2025-07-31,Austria Wien,Ilves Tampere,austria wien,ilves tampere,4,5,AUT,FIN,2024-25,UEFA,False
2025-07-31,FC Midtjylland,UE Santa Coloma,midtjylland,ue santa coloma,1,0,DEN,AND,2024-25,UEFA,False
2025-07-31,FK RFS,FK Bodø/Glimt,rfs,bodø/glimt,1,3,LVA,NOR,2024-25,UEFA,False
2025-07-31,Maccabi Tel Aviv,FCSB,maccabi tel aviv,fcsb,0,1,ISR,ROU,2024-25,UEFA,False
2025-07-31,Partizan,Dinamo Kiev,partizan,dinamo kiev,0,3,SRB,UKR,2024-25,UEFA,False
2025-07-31,Borac Banja Luka,PAOK Saloniki,borac banja luka,paok saloniki,0,1,BIH,GRE,2024-25,UEFA,False
2025-07-31,Dinamo Minsk,PFC Ludogorets Razgrad,dinamo minsk,pfc ludogorets razgrad,1,0,BLR,BUL,2024-25,UEFA,False
2025-07-31,FK Mornar,FK Radnički 1923,mornar,radnički 1923,4,3,MNE,SRB,2024-25,UEFA,False
2025-07-31,Spartak Trnava,FK Sarajevo,spartak trnava,sarajevo,3,0,SVK,BIH,2024-25,UEFA,False
2025-07-31,Jagiellonia Białystok,FK Panevėžys,jagiellonia białystok,panevėžys,3,1,POL,LTU,2024-25,UEFA,False
2025-08-01,Vitória Guimarães,Floriana FC,vitória guimarães,floriana,4,0,POR,MLT,2024-25,UEFA,False
2025-08-01,HB Tórshavn,Hajduk Split,hb tórshavn,hajduk split,0,0,FRO,CRO,2024-25,UEFA,False
2025-08-01,Rapid Wien,Wisła Kraków,rapid wien,wisła kraków,6,1,AUT,POL,2024-25,UEFA,False
2025-08-01,SK Brann,Go Ahead Eagles,brann,go ahead eagles,2,1,NOR,NED,2024-25,UEFA,False
2025-08-01,Torpedo Kutaisi,Omonia Nikosia,torpedo kutaisi,omonia nikosia,1,2,GEO,CYP,2024-25,UEFA,False
2025-08-01,Puskás FC,SK Dnipro-1,puskás,dnipro-1,3,0,HUN,UKR,2024-25,UEFA,False
2025-08-01,FK Budućnost Podgorica,CSKA 1948 Sofia,budućnost podgorica,cska sofia,1,1,MNE,BUL,2024-25,UEFA,False
2025-08-01,Shelbourne FC,FC Zürich,shelbourne,zürich,0,0,IRL,SUI,2024-25,UEFA,False
2025-08-01,SP La Fiorita,İstanbul Başakşehir,sp la fiorita,i̇stanbul başakşehir,0,4,SMR,TUR,2024-25,UEFA,False
2025-08-01,St. Mirren FC,Valur Reykjavík,st. mirren,valur reykjavík,4,1,SCO,ISL,2024-25,UEFA,False
2025-08-01,Śląsk Wrocław,Riga FC,śląsk wrocław,riga,3,1,POL,LVA,2024-25,UEFA,False
2025-08-01,FC DAC 1904,Zira FK,dac 1904,zira,1,2,SVK,AZE,2024-25,UEFA,False
2025-08-01,FK Partizani,FC Iberia 1999,partizani,iberia 1999,0,0,ALB,GEO,2024-25,UEFA,False
2025-08-01,Neman Grodno,CFR Cluj,neman grodno,cfr cluj,0,5,BLR,ROU,2024-25,UEFA,False
2025-08-01,Víkingur,KAA Gent,víkingur,kaa gent,0,3,FRO,BEL,2024-25,UEFA,False
2025-08-01,Egnatia Rrogozhine,Víkingur Reykjavík,egnatia rrogozhine,víkingur reykjavík,0,2,ALB,ISL,2024-25,UEFA,False
2025-08-01,Cherno More Varna,Hapoel Be'er Sheva,cherno more varna,hapoel be'er sheva,1,2,BUL,ISR,2024-25,UEFA,False
2025-08-01,FC Vaduz,St Patrick's Athletic,vaduz,st patrick's athletic,2,2,LIE,IRL,2024-25,UEFA,False
2025-08-01,Tromsø IL,Kuopion PS,tromsø il,kuopion ps,1,0,NOR,FIN,2024-25,UEFA,False
2025-08-01,CS Universitatea Craiova,NK Maribor,cs universitatea craiova,maribor,3,2,ROU,SVN,2024-25,UEFA,False
2025-08-01,Sliema Wanderers,FC Noah,sliema wanderers,noah,0,0,MLT,ARM,2024-25,UEFA,False
2025-08-01,Progrès Niedercorn,Djurgårdens IF,progrès niedercorn,djurgårdens if,1,0,LUX,SWE,2024-25,UEFA,False
2025-08-01,Paide Linnameeskond,UMF Stjarnan,paide linnameeskond,umf stjarnan,4,0,EST,ISL,2024-25,UEFA,False
2025-08-01,Caernarfon Town,Legia Warszawa,caernarfon town,legia warszawa,0,5,WAL,POL,2024-25,UEFA,False
2025-08-01,Inter Club d'Escaldes,AEK Athen,inter club d'escaldes,aek athen,0,4,AND,GRE,2024-25,UEFA,False
2025-08-01,Sabah FK,Maccabi Haifa,sabah,maccabi haifa,3,2,AZE,ISR,2024-25,UEFA,False
2025-08-01,HNK Rijeka,FC Corvinul Hunedoara,rijeka,corvinul hunedoara,1,0,CRO,ROU,2024-25,UEFA,False
2025-08-01,Botev Plovdiv,Panathinaikos,botev plovdiv,panathinaikos,0,4,BUL,GRE,2024-25,UEFA,False
2025-08-01,Cercle Brugge,Kilmarnock FC,cercle brugge,kilmarnock,1,0,BEL,SCO,2024-25,UEFA,False
2025-08-01,Vojvodina,AFC Ajax,vojvodina,ajax,1,3,SRB,NED,2024-25,UEFA,False
2025-08-01,Maccabi Petach-Tikva,Sporting Braga,maccabi petach-tikva,sporting braga,0,5,ISR,POR,2024-25,UEFA,False
2025-08-01,Trabzonspor,MFK Ružomberok,trabzonspor,mfk ružomberok,1,0,TUR,SVK,2024-25,UEFA,False
2025-08-01,Silkeborg IF,Molde FK,silkeborg if,molde,3,2,DEN,NOR,2024-25,UEFA,False
2025-08-01,IF Elfsborg,FC Sheriff,if elfsborg,sheriff,2,0,SWE,MDA,2024-25,UEFA,False
2025-08-01,FK Astana,FC Milsami,astana,milsami,1,0,KAZ,MDA,2024-25,UEFA,False
2025-08-01,FK Ordabasy,FC Differdange 03,ordabasy,differdange 03,4,3,KAZ,LUX,2024-25,UEFA,False
2025-08-01,NK Bravo,Zrinjski Mostar,bravo,zrinjski mostar,1,3,SVN,BIH,2024-25,UEFA,False
2025-08-01,FC Urartu,Baník Ostrava,urartu,baník ostrava,0,2,ARM,CZE,2024-25,UEFA,False
2025-08-01,KF Llapi,Brøndby IF,kf llapi,brøndby if,2,2,KOS,DEN,2024-25,UEFA,False
2025-08-01,FC Ararat-Armenia,FC Zimbru,ararat-armenia,zimbru,3,1,ARM,MDA,2024-25,UEFA,False
2025-08-01,FCI Levadia,NK Osijek,fci levadia,osijek,0,1,EST,CRO,2024-25,UEFA,False
2025-08-01,Polissya Zhytomyr,Olimpija Ljubljana,polissya zhytomyr,olimpija ljubljana,1,2,UKR,SVN,2024-25,UEFA,False
2025-08-01,Paphos FC,FK Žalgiris,paphos,žalgiris,3,0,CYP,LTU,2024-25,UEFA,False
2025-08-01,Tobyl Kostanay,FC St. Gallen,tobyl kostanay,st. gallen,0,1,KAZ,SUI,2024-25,UEFA,False
2025-08-01,FK TransINVEST,FK Mladá Boleslav,transinvest,mladá boleslav,0,1,LTU,CZE,2024-25,UEFA,False
2025-08-01,AEK Larnaca,Paksi SE,aek larnaca,paksi se,0,2,CYP,HUN,2024-25,UEFA,False
2025-08-01,FC København,FCB Magpies,københavn,fcb magpies,5,1,DEN,GIB,2024-25,UEFA,False
2025-08-05,KF Shkëndija 79,Qarabağ FK,kf shkëndija 79,qarabağ,0,1,MKD,AZE,2025-26,UEFA,False
2025-08-05,KÍ Klaksvík,Neman Grodno,kí klaksvík,neman grodno,2,0,FRO,BLR,2025-26,UEFA,False
2025-08-05,Rangers FC,Viktoria Plzeň,rangers,viktoria plzeň,3,0,SCO,CZE,2025-26,UEFA,False
2025-08-05,Dinamo Kiev,Pafos FC,dinamo kiev,pafos,0,1,UKR,CYP,2025-26,UEFA,False
2025-08-05,Hamrun Spartans,Maccabi Tel Aviv,hamrun spartans,maccabi tel aviv,1,2,MLT,ISR,2025-26,UEFA,False
2025-08-05,Malmö FF,FC København,malmö ff,københavn,0,0,SWE,DEN,2025-26,UEFA,False
2025-08-06,FK RFS,Kuopion PS,rfs,kuopion ps,1,2,LVA,FIN,2025-26,UEFA,False
2025-08-06,FK Kairat,Slovan Bratislava,kairat,slovan bratislava,1,0,KAZ,SVK,2025-26,UEFA,False
2025-08-06,RB Salzburg,Club Brugge KV,rb salzburg,club brugge,0,1,AUT,BEL,2025-26,UEFA,False
2025-08-06,PFC Ludogorets Razgrad,Ferencvárosi TC,pfc ludogorets razgrad,ferencvárosi tc,0,0,BUL,HUN,2025-26,UEFA,False
2025-08-06,Lech Poznań,Crvena Zvezda,lech poznań,crvena zvezda,1,3,POL,SRB,2025-26,UEFA,False
2025-08-06,OGC Nice,SL Benfica,ogc nice,sl benfica,0,2,FRA,POR,2025-26,UEFA,False
2025-08-06,Feyenoord,Fenerbahçe,feyenoord,fenerbahçe,2,1,NED,TUR,2025-26,UEFA,False
2025-08-06,HNK Rijeka,Shelbourne FC,rijeka,shelbourne,1,2,CRO,IRL,2025-26,UEFA,False
2025-08-07,Levski Sofia,Sabah FK,levski sofia,sabah,1,0,BUL,AZE,2025-26,UEFA,False
2025-08-07,Polissya Zhytomyr,Paksi SE,polissya zhytomyr,paksi se,3,0,UKR,HUN,2025-26,UEFA,False
2025-08-07,RSC Anderlecht,FC Sheriff,rsc anderlecht,sheriff,3,0,BEL,MDA,2025-26,UEFA,False
2025-08-07,AZ Alkmaar,FC Vaduz,az alkmaar,vaduz,3,0,NED,LIE,2025-26,UEFA,False
2025-08-07,AC Sparta Praha,FC Ararat-Armenia,sparta praha,ararat-armenia,4,1,CZE,ARM,2025-26,UEFA,False
2025-08-07,FC Differdange 03,FCI Levadia,differdange 03,fci levadia,2,3,LUX,EST,2025-26,UEFA,False
2025-08-07,Olimpija Ljubljana,Egnatia Rrogozhine,olimpija ljubljana,egnatia rrogozhine,0,0,SVN,ALB,2025-26,UEFA,False
2025-08-07,Silkeborg IF,Jagiellonia Białystok,silkeborg if,jagiellonia białystok,0,1,DEN,POL,2025-26,UEFA,False
2025-08-07,Viking FK,İstanbul Başakşehir,viking,i̇stanbul başakşehir,1,3,NOR,TUR,2025-26,UEFA,False
2025-08-07,Riga FC,Beitar Jerusalem,riga,beitar jerusalem,3,0,LVA,ISR,2025-26,UEFA,False
2025-08-07,Víkingur,Linfield FC,víkingur,linfield,2,1,FRO,NIR,2025-26,UEFA,False
2025-08-07,AIK Solna,Győri ETO FC,aik solna,győri eto,2,1,SWE,HUN,2025-26,UEFA,False
2025-08-07,FC Lugano,NK Celje,lugano,celje,0,5,SUI,SVN,2025-26,UEFA,False
2025-08-07,Baník Ostrava,Austria Wien,baník ostrava,austria wien,4,3,CZE,AUT,2025-26,UEFA,False
2025-08-07,KF Ballkani,Shamrock Rovers,kf ballkani,shamrock rovers,1,0,KOS,IRL,2025-26,UEFA,False
2025-08-07,CS Universitatea Craiova,Spartak Trnava,cs universitatea craiova,spartak trnava,3,0,ROU,SVK,2025-26,UEFA,False
2025-08-07,Víkingur Reykjavík,Brøndby IF,víkingur reykjavík,brøndby if,3,0,ISL,DEN,2025-26,UEFA,False
2025-08-07,St Patrick's Athletic,Beşiktaş,st patrick's athletic,beşiktaş,1,4,IRL,TUR,2025-26,UEFA,False
2025-08-07,Rapid Wien,Dundee United,rapid wien,dundee united,2,2,AUT,SCO,2025-26,UEFA,False
2025-08-07,Hajduk Split,FC Dinamo City,hajduk split,dinamo city,2,1,CRO,ALB,2025-26,UEFA,False
2025-08-07,Larne FC,CD Santa Clara,larne,cd santa clara,0,3,NIR,POR,2025-26,UEFA,False
2025-08-07,Raków Częstochowa,Maccabi Haifa,raków częstochowa,maccabi haifa,0,1,POL,ISR,2025-26,UEFA,False
2025-08-07,Partizan,Hibernian FC,partizan,hibernian,0,2,SRB,SCO,2025-26,UEFA,False
2025-08-07,FC Lausanne-Sport,FK Astana,lausanne-sport,astana,3,1,SUI,KAZ,2025-26,UEFA,False
2025-08-07,Rosenborg BK,Hammarby IF,rosenborg bk,hammarby if,0,0,NOR,SWE,2025-26,UEFA,False
2025-08-07,Kauno Žalgiris,Arda Kardzhali,kauno žalgiris,arda kardzhali,0,1,LTU,BUL,2025-26,UEFA,False
2025-08-07,CFR Cluj,Sporting Braga,cfr cluj,sporting braga,1,2,ROU,POR,2025-26,UEFA,False
2025-08-07,Servette FC,FC Utrecht,servette,utrecht,1,3,SUI,NED,2025-26,UEFA,False
2025-08-07,FCSB,KF Drita,fcsb,kf drita,3,2,ROU,KOS,2025-26,UEFA,False
2025-08-07,Panathinaikos,Shakhtar Donetsk,panathinaikos,shakhtar donetsk,0,0,GRE,UKR,2025-26,UEFA,False
2025-08-07,Zrinjski Mostar,Breiðablik,zrinjski mostar,breiðablik,1,1,BIH,ISL,2025-26,UEFA,False
2025-08-07,PAOK Saloniki,Wolfsberger AC,paok saloniki,wolfsberger,0,0,GRE,AUT,2025-26,UEFA,False
2025-08-07,BK Häcken,SK Brann,bk häcken,brann,0,2,SWE,NOR,2025-26,UEFA,False
2025-08-07,Araz-Naxçıvan PFK,Omonia Nikosia,araz-naxçıvan,omonia nikosia,0,4,AZE,CYP,2025-26,UEFA,False
2025-08-07,AEK Larnaca,Legia Warszawa,aek larnaca,legia warszawa,4,1,CYP,POL,2025-26,UEFA,False
2025-08-07,Fredrikstad FK,FC Midtjylland,fredrikstad,midtjylland,1,3,NOR,DEN,2025-26,UEFA,False
2025-08-07,Lincoln Red Imps,FC Noah,lincoln red imps,noah,1,1,GIB,ARM,2025-26,UEFA,False
2025-08-07,Aris Limassol,AEK Athen,aris limassol,aek athen,2,2,CYP,GRE,2025-26,UEFA,False
2025-08-07,FC Milsami,SS Virtus,milsami,ss virtus,3,2,MDA,SMR,2025-26,UEFA,False
2025-08-12,Pafos FC,Dinamo Kiev,pafos,dinamo kiev,2,0,CYP,UKR,2025-26,UEFA,False
2025-08-12,Shelbourne FC,HNK Rijeka,shelbourne,rijeka,1,3,IRL,CRO,2025-26,UEFA,False
2025-08-12,SL Benfica,OGC Nice,sl benfica,ogc nice,2,0,POR,FRA,2025-26,UEFA,False
2025-08-12,Crvena Zvezda,Lech Poznań,crvena zvezda,lech poznań,1,1,SRB,POL,2025-26,UEFA,False
2025-08-12,Viktoria Plzeň,Rangers FC,viktoria plzeň,rangers,2,1,CZE,SCO,2025-26,UEFA,False
2025-08-12,Ferencvárosi TC,PFC Ludogorets Razgrad,ferencvárosi tc,pfc ludogorets razgrad,3,0,HUN,BUL,2025-26,UEFA,False
2025-08-12,Club Brugge KV,RB Salzburg,club brugge,rb salzburg,3,2,BEL,AUT,2025-26,UEFA,False
2025-08-12,Fenerbahçe,Feyenoord,fenerbahçe,feyenoord,5,2,TUR,NED,2025-26,UEFA,False
2025-08-12,Qarabağ FK,KF Shkëndija 79,qarabağ,kf shkëndija 79,5,1,AZE,MKD,2025-26,UEFA,False
2025-08-12,FC København,Malmö FF,københavn,malmö ff,5,0,DEN,SWE,2025-26,UEFA,False
2025-08-12,Slovan Bratislava,FK Kairat,slovan bratislava,kairat,3,4,SVK,KAZ,2025-26,UEFA,False
2025-08-13,İstanbul Başakşehir,Viking FK,i̇stanbul başakşehir,viking,1,1,TUR,NOR,2025-26,UEFA,False
2025-08-14,Arda Kardzhali,Kauno Žalgiris,arda kardzhali,kauno žalgiris,2,0,BUL,LTU,2025-26,UEFA,False
2025-08-14,KF Drita,FCSB,kf drita,fcsb,1,3,KOS,ROU,2025-26,UEFA,False
2025-08-14,NK Celje,FC Lugano,celje,lugano,2,4,SVN,SUI,2025-26,UEFA,False
2025-08-14,AEK Athen,Aris Limassol,aek athen,aris limassol,3,1,GRE,CYP,2025-26,UEFA,False
2025-08-14,Brøndby IF,Víkingur Reykjavík,brøndby if,víkingur reykjavík,4,0,DEN,ISL,2025-26,UEFA,False
2025-08-14,Beşiktaş,St Patrick's Athletic,beşiktaş,st patrick's athletic,3,2,TUR,IRL,2025-26,UEFA,False
2025-08-14,Jagiellonia Białystok,Silkeborg IF,jagiellonia białystok,silkeborg if,2,2,POL,DEN,2025-26,UEFA,False
2025-08-14,Spartak Trnava,CS Universitatea Craiova,spartak trnava,cs universitatea craiova,4,3,SVK,ROU,2025-26,UEFA,False
2025-08-14,Linfield FC,Víkingur,linfield,víkingur,2,0,NIR,FRO,2025-26,UEFA,False
2025-08-14,Maccabi Haifa,Raków Częstochowa,maccabi haifa,raków częstochowa,0,2,ISR,POL,2025-26,UEFA,False
2025-08-14,Beitar Jerusalem,Riga FC,beitar jerusalem,riga,3,1,ISR,LVA,2025-26,UEFA,False
2025-08-14,Maccabi Tel Aviv,Hamrun Spartans,maccabi tel aviv,hamrun spartans,3,1,ISR,MLT,2025-26,UEFA,False
2025-08-14,Hammarby IF,Rosenborg BK,hammarby if,rosenborg bk,0,1,SWE,NOR,2025-26,UEFA,False
2025-08-14,Paksi SE,Polissya Zhytomyr,paksi se,polissya zhytomyr,2,1,HUN,UKR,2025-26,UEFA,False
2025-08-14,Győri ETO FC,AIK Solna,győri eto,aik solna,2,0,HUN,SWE,2025-26,UEFA,False
2025-08-14,Omonia Nikosia,Araz-Naxçıvan PFK,omonia nikosia,araz-naxçıvan,5,0,CYP,AZE,2025-26,UEFA,False
2025-08-14,FC Sheriff,RSC Anderlecht,sheriff,rsc anderlecht,1,1,MDA,BEL,2025-26,UEFA,False
2025-08-14,FCI Levadia,FC Differdange 03,fci levadia,differdange 03,1,3,EST,LUX,2025-26,UEFA,False
2025-08-14,Sabah FK,Levski Sofia,sabah,levski sofia,0,2,AZE,BUL,2025-26,UEFA,False
2025-08-14,FC Ararat-Armenia,AC Sparta Praha,ararat-armenia,sparta praha,1,2,ARM,CZE,2025-26,UEFA,False
2025-08-14,FK Astana,FC Lausanne-Sport,astana,lausanne-sport,0,2,KAZ,SUI,2025-26,UEFA,False
2025-08-14,Dundee United,Rapid Wien,dundee united,rapid wien,4,5,SCO,AUT,2025-26,UEFA,False
2025-08-14,FC Vaduz,AZ Alkmaar,vaduz,az alkmaar,0,1,LIE,NED,2025-26,UEFA,False
2025-08-14,FC Dinamo City,Hajduk Split,dinamo city,hajduk split,3,1,ALB,CRO,2025-26,UEFA,False
2025-08-14,Neman Grodno,KÍ Klaksvík,neman grodno,kí klaksvík,5,4,BLR,FRO,2025-26,UEFA,False
2025-08-14,SS Virtus,FC Milsami,ss virtus,milsami,3,0,SMR,MDA,2025-26,UEFA,False
2025-08-14,Sporting Braga,CFR Cluj,sporting braga,cfr cluj,2,0,POR,ROU,2025-26,UEFA,False
2025-08-14,Shakhtar Donetsk,Panathinaikos,shakhtar donetsk,panathinaikos,3,4,UKR,GRE,2025-26,UEFA,False
2025-08-14,FC Utrecht,Servette FC,utrecht,servette,2,1,NED,SUI,2025-26,UEFA,False
2025-08-14,Kuopion PS,FK RFS,kuopion ps,rfs,1,0,FIN,LVA,2025-26,UEFA,False
2025-08-14,FC Midtjylland,Fredrikstad FK,midtjylland,fredrikstad,2,0,DEN,NOR,2025-26,UEFA,False
2025-08-14,FC Noah,Lincoln Red Imps,noah,lincoln red imps,5,6,ARM,GIB,2025-26,UEFA,False
2025-08-14,Legia Warszawa,AEK Larnaca,legia warszawa,aek larnaca,2,1,POL,CYP,2025-26,UEFA,False
2025-08-14,SK Brann,BK Häcken,brann,bk häcken,0,1,NOR,SWE,2025-26,UEFA,False
2025-08-14,Wolfsberger AC,PAOK Saloniki,wolfsberger,paok saloniki,0,1,AUT,GRE,2025-26,UEFA,False
2025-08-14,CD Santa Clara,Larne FC,cd santa clara,larne,0,0,POR,NIR,2025-26,UEFA,False
2025-08-14,Shamrock Rovers,KF Ballkani,shamrock rovers,kf ballkani,4,0,IRL,KOS,2025-26,UEFA,False
2025-08-14,Egnatia Rrogozhine,Olimpija Ljubljana,egnatia rrogozhine,olimpija ljubljana,2,4,ALB,SVN,2025-26,UEFA,False
2025-08-14,Hibernian FC,Partizan,hibernian,partizan,2,3,SCO,SRB,2025-26,UEFA,False
2025-08-14,Austria Wien,Baník Ostrava,austria wien,baník ostrava,1,1,AUT,CZE,2025-26,UEFA,False
2025-08-14,Breiðablik,Zrinjski Mostar,breiðablik,zrinjski mostar,1,2,ISL,BIH,2025-26,UEFA,False
2025-08-19,Crvena Zvezda,Pafos FC,crvena zvezda,pafos,1,2,SRB,CYP,2025-26,UEFA,False
2025-08-19,Ferencvárosi TC,Qarabağ FK,ferencvárosi tc,qarabağ,1,3,HUN,AZE,2025-26,UEFA,False
2025-08-19,Rangers FC,Club Brugge KV,rangers,club brugge,1,3,SCO,BEL,2025-26,UEFA,False
2025-08-20,Fenerbahçe,SL Benfica,fenerbahçe,sl benfica,0,0,TUR,POR,2025-26,UEFA,False
2025-08-20,FC Basel 1893,FC København,basel 1893,københavn,1,1,SUI,DEN,2025-26,UEFA,False
2025-08-20,Celtic FC,FK Kairat,celtic,kairat,0,0,SCO,KAZ,2025-26,UEFA,False
2025-08-20,FK Bodø/Glimt,Sturm Graz,bodø/glimt,sturm graz,5,0,NOR,AUT,2025-26,UEFA,False
2025-08-21,Slovan Bratislava,BSC Young Boys,slovan bratislava,young boys,0,1,SVK,SUI,2025-26,UEFA,False
2025-08-21,Lech Poznań,KRC Genk,lech poznań,krc genk,1,5,POL,BEL,2025-26,UEFA,False
2025-08-21,Aberdeen FC,FCSB,aberdeen,fcsb,2,2,SCO,ROU,2025-26,UEFA,False
2025-08-21,HNK Rijeka,PAOK Saloniki,rijeka,paok saloniki,1,0,CRO,GRE,2025-26,UEFA,False
2025-08-21,KF Shkëndija 79,PFC Ludogorets Razgrad,kf shkëndija 79,pfc ludogorets razgrad,2,1,MKD,BUL,2025-26,UEFA,False
2025-08-21,SK Brann,AEK Larnaca,brann,aek larnaca,2,1,NOR,CYP,2025-26,UEFA,False
2025-08-21,Malmö FF,Sigma Olomouc,malmö ff,sigma olomouc,3,0,SWE,CZE,2025-26,UEFA,False
2025-08-21,FC Midtjylland,Kuopion PS,midtjylland,kuopion ps,4,0,DEN,FIN,2025-26,UEFA,False
2025-08-21,Zrinjski Mostar,FC Utrecht,zrinjski mostar,utrecht,0,2,BIH,NED,2025-26,UEFA,False
2025-08-21,Lincoln Red Imps,Sporting Braga,lincoln red imps,sporting braga,0,4,GIB,POR,2025-26,UEFA,False
2025-08-21,Maccabi Tel Aviv,Dinamo Kiev,maccabi tel aviv,dinamo kiev,3,1,ISR,UKR,2025-26,UEFA,False
2025-08-21,Shakhtar Donetsk,Servette FC,shakhtar donetsk,servette,1,1,UKR,SUI,2025-26,UEFA,False
2025-08-21,Shelbourne FC,Linfield FC,shelbourne,linfield,3,1,IRL,NIR,2025-26,UEFA,False
2025-08-21,Levski Sofia,AZ Alkmaar,levski sofia,az alkmaar,0,2,BUL,NED,2025-26,UEFA,False
2025-08-21,Polissya Zhytomyr,ACF Fiorentina,polissya zhytomyr,acf fiorentina,0,3,UKR,ITA,2025-26,UEFA,False
2025-08-21,Neman Grodno,Rayo Vallecano,neman grodno,rayo vallecano,0,1,BLR,ESP,2025-26,UEFA,False
2025-08-21,AC Sparta Praha,Riga FC,sparta praha,riga,2,0,CZE,LVA,2025-26,UEFA,False
2025-08-21,Panathinaikos,Samsunspor,panathinaikos,samsunspor,2,1,GRE,TUR,2025-26,UEFA,False
2025-08-21,Jagiellonia Białystok,FC Dinamo City,jagiellonia białystok,dinamo city,3,0,POL,ALB,2025-26,UEFA,False
2025-08-21,FC Lausanne-Sport,Beşiktaş,lausanne-sport,beşiktaş,1,1,SUI,TUR,2025-26,UEFA,False
2025-08-21,RC Strasbourg,Brøndby IF,rc strasbourg,brøndby if,0,0,FRA,DEN,2025-26,UEFA,False
2025-08-21,Crystal Palace,Fredrikstad FK,crystal palace,fredrikstad,1,0,ENG,NOR,2025-26,UEFA,False
2025-08-21,Raków Częstochowa,Arda Kardzhali,raków częstochowa,arda kardzhali,1,0,POL,BUL,2025-26,UEFA,False
2025-08-21,Hibernian FC,Legia Warszawa,hibernian,legia warszawa,1,2,SCO,POL,2025-26,UEFA,False
2025-08-21,CD Santa Clara,Shamrock Rovers,cd santa clara,shamrock rovers,1,2,POR,IRL,2025-26,UEFA,False
2025-08-21,NK Celje,Baník Ostrava,celje,baník ostrava,1,0,SVN,CZE,2025-26,UEFA,False
2025-08-21,Olimpija Ljubljana,FC Noah,olimpija ljubljana,noah,1,4,SVN,ARM,2025-26,UEFA,False
2025-08-21,KF Drita,FC Differdange 03,kf drita,differdange 03,2,1,KOS,LUX,2025-26,UEFA,False
2025-08-21,RSC Anderlecht,AEK Athen,rsc anderlecht,aek athen,1,1,BEL,GRE,2025-26,UEFA,False
2025-08-21,Rosenborg BK,1. FSV Mainz 05,rosenborg bk,fsv mainz,2,1,NOR,GER,2025-26,UEFA,False
2025-08-21,Hamrun Spartans,FK RFS,hamrun spartans,rfs,1,0,MLT,LVA,2025-26,UEFA,False
2025-08-21,Győri ETO FC,Rapid Wien,győri eto,rapid wien,2,1,HUN,AUT,2025-26,UEFA,False
2025-08-21,BK Häcken,CFR Cluj,bk häcken,cfr cluj,7,2,SWE,ROU,2025-26,UEFA,False
2025-08-21,Wolfsberger AC,Omonia Nikosia,wolfsberger,omonia nikosia,2,1,AUT,CYP,2025-26,UEFA,False
2025-08-21,İstanbul Başakşehir,CS Universitatea Craiova,i̇stanbul başakşehir,cs universitatea craiova,1,2,TUR,ROU,2025-26,UEFA,False
2025-08-21,Breiðablik,SS Virtus,breiðablik,ss virtus,2,1,ISL,SMR,2025-26,UEFA,False
2025-08-26,Sturm Graz,FK Bodø/Glimt,sturm graz,bodø/glimt,2,1,AUT,NOR,2025-26,UEFA,False
2025-08-26,Pafos FC,Crvena Zvezda,pafos,crvena zvezda,1,1,CYP,SRB,2025-26,UEFA,False
2025-08-26,FK Kairat,Celtic FC,kairat,celtic,3,2,KAZ,SCO,2025-26,UEFA,False
2025-08-27,AEK Larnaca,SK Brann,aek larnaca,brann,0,4,CYP,NOR,2025-26,UEFA,False
2025-08-27,Riga FC,AC Sparta Praha,riga,sparta praha,1,0,LVA,CZE,2025-26,UEFA,False
2025-08-27,Qarabağ FK,Ferencvárosi TC,qarabağ,ferencvárosi tc,2,3,AZE,HUN,2025-26,UEFA,False
2025-08-27,FC København,FC Basel 1893,københavn,basel 1893,2,0,DEN,SUI,2025-26,UEFA,False
2025-08-27,SL Benfica,Fenerbahçe,sl benfica,fenerbahçe,1,0,POR,TUR,2025-26,UEFA,False
2025-08-27,Club Brugge KV,Rangers FC,club brugge,rangers,6,0,BEL,SCO,2025-26,UEFA,False
2025-08-28,Kuopion PS,FC Midtjylland,kuopion ps,midtjylland,0,2,FIN,DEN,2025-26,UEFA,False
2025-08-28,BSC Young Boys,Slovan Bratislava,young boys,slovan bratislava,3,2,SUI,SVK,2025-26,UEFA,False
2025-08-28,PFC Ludogorets Razgrad,KF Shkëndija 79,pfc ludogorets razgrad,kf shkëndija 79,4,1,BUL,MKD,2025-26,UEFA,False
2025-08-28,Samsunspor,Panathinaikos,samsunspor,panathinaikos,0,0,TUR,GRE,2025-26,UEFA,False
2025-08-28,Sigma Olomouc,Malmö FF,sigma olomouc,malmö ff,0,2,CZE,SWE,2025-26,UEFA,False
2025-08-28,KRC Genk,Lech Poznań,krc genk,lech poznań,1,2,BEL,POL,2025-26,UEFA,False
2025-08-28,FC Utrecht,Zrinjski Mostar,utrecht,zrinjski mostar,0,0,NED,BIH,2025-26,UEFA,False
2025-08-28,PAOK Saloniki,HNK Rijeka,paok saloniki,rijeka,5,0,GRE,CRO,2025-26,UEFA,False
2025-08-28,Dinamo Kiev,Maccabi Tel Aviv,dinamo kiev,maccabi tel aviv,1,0,UKR,ISR,2025-26,UEFA,False
2025-08-28,Beşiktaş,FC Lausanne-Sport,beşiktaş,lausanne-sport,0,1,TUR,SUI,2025-26,UEFA,False
2025-08-28,Rapid Wien,Győri ETO FC,rapid wien,győri eto,2,0,AUT,HUN,2025-26,UEFA,False
2025-08-28,CS Universitatea Craiova,İstanbul Başakşehir,cs universitatea craiova,i̇stanbul başakşehir,3,1,ROU,TUR,2025-26,UEFA,False
2025-08-28,AZ Alkmaar,Levski Sofia,az alkmaar,levski sofia,4,1,NED,BUL,2025-26,UEFA,False
2025-08-28,CFR Cluj,BK Häcken,cfr cluj,bk häcken,1,0,ROU,SWE,2025-26,UEFA,False
2025-08-28,FC Differdange 03,KF Drita,differdange 03,kf drita,0,1,LUX,KOS,2025-26,UEFA,False
2025-08-28,Brøndby IF,RC Strasbourg,brøndby if,rc strasbourg,2,3,DEN,FRA,2025-26,UEFA,False
2025-08-28,AEK Athen,RSC Anderlecht,aek athen,rsc anderlecht,2,0,GRE,BEL,2025-26,UEFA,False
2025-08-28,Baník Ostrava,NK Celje,baník ostrava,celje,0,2,CZE,SVN,2025-26,UEFA,False
2025-08-28,Arda Kardzhali,Raków Częstochowa,arda kardzhali,raków częstochowa,1,2,BUL,POL,2025-26,UEFA,False
2025-08-28,ACF Fiorentina,Polissya Zhytomyr,acf fiorentina,polissya zhytomyr,3,2,ITA,UKR,2025-26,UEFA,False
2025-08-28,Rayo Vallecano,Neman Grodno,rayo vallecano,neman grodno,4,0,ESP,BLR,2025-26,UEFA,False
2025-08-28,Linfield FC,Shelbourne FC,linfield,shelbourne,0,2,NIR,IRL,2025-26,UEFA,False
2025-08-28,FC Dinamo City,Jagiellonia Białystok,dinamo city,jagiellonia białystok,1,1,ALB,POL,2025-26,UEFA,False
2025-08-28,SS Virtus,Breiðablik,ss virtus,breiðablik,1,3,SMR,ISL,2025-26,UEFA,False
2025-08-28,FK RFS,Hamrun Spartans,rfs,hamrun spartans,2,2,LVA,MLT,2025-26,UEFA,False
2025-08-28,Legia Warszawa,Hibernian FC,legia warszawa,hibernian,3,3,POL,SCO,2025-26,UEFA,False
2025-08-28,Shamrock Rovers,CD Santa Clara,shamrock rovers,cd santa clara,0,0,IRL,POR,2025-26,UEFA,False
2025-08-28,Omonia Nikosia,Wolfsberger AC,omonia nikosia,wolfsberger,5,4,CYP,AUT,2025-26,UEFA,False
2025-08-28,Fredrikstad FK,Crystal Palace,fredrikstad,crystal palace,0,0,NOR,ENG,2025-26,UEFA,False
2025-08-28,FC Noah,Olimpija Ljubljana,noah,olimpija ljubljana,3,2,ARM,SVN,2025-26,UEFA,False
2025-08-28,1. FSV Mainz 05,Rosenborg BK,fsv mainz,rosenborg bk,4,1,GER,NOR,2025-26,UEFA,False
2025-08-28,Servette FC,Shakhtar Donetsk,servette,shakhtar donetsk,1,2,SUI,UKR,2025-26,UEFA,False
2025-08-28,Sporting Braga,Lincoln Red Imps,sporting braga,lincoln red imps,5,1,POR,GIB,2025-26,UEFA,False
2025-08-28,FCSB,Aberdeen FC,fcsb,aberdeen,3,0,ROU,SCO,2025-26,UEFA,False
2025-09-16,Athletic Club,Arsenal FC,athletic club,arsenal,0,2,ESP,ENG,2025-26,UEFA,False
2025-09-16,PSV,Royale Union Saint-Gilloise,psv,royale union saint-gilloise,1,3,NED,BEL,2025-26,UEFA,False
2025-09-16,Juventus FC,Borussia Dortmund,juventus,borussia dortmund,4,4,ITA,GER,2025-26,UEFA,False
2025-09-16,Sport Lisboa e Benfica,Qarabağ Ağdam FK,sport lisboa e benfica,qarabağ ağdam,2,3,POR,AZE,2025-26,UEFA,False
2025-09-16,Tottenham Hotspur FC,Villarreal CF,tottenham hotspur,villarreal,1,0,ENG,ESP,2025-26,UEFA,False
2025-09-16,Real Madrid CF,Olympique de Marseille,real madrid,olympique de marseille,2,1,ESP,FRA,2025-26,UEFA,False
2025-09-17,Liverpool FC,Club Atlético de Madrid,liverpool,club atlético de madrid,3,2,ENG,ESP,2025-26,UEFA,False
2025-09-17,SK Slavia Praha,FK Bodø/Glimt,slavia praha,bodø/glimt,2,2,CZE,NOR,2025-26,UEFA,False
2025-09-17,PAE Olympiakos SFP,Paphos FC,olympiakos,paphos,0,0,GRE,CYP,2025-26,UEFA,False
2025-09-17,AFC Ajax,FC Internazionale Milano,ajax,internazionale milano,0,2,NED,ITA,2025-26,UEFA,False
2025-09-17,Paris Saint-Germain FC,Atalanta BC,paris saint-germain,atalanta,4,0,FRA,ITA,2025-26,UEFA,False
2025-09-17,FC Bayern München,Chelsea FC,bayern münchen,chelsea,3,1,GER,ENG,2025-26,UEFA,False
2025-09-18,Sporting Clube de Portugal,FK Kairat,sporting clube de portugal,kairat,4,1,POR,KAZ,2025-26,UEFA,False
2025-09-18,Eintracht Frankfurt,Galatasaray SK,eintracht frankfurt,galatasaray,5,1,GER,TUR,2025-26,UEFA,False
2025-09-18,Manchester City FC,SSC Napoli,manchester city,ssc napoli,2,0,ENG,ITA,2025-26,UEFA,False
2025-09-18,Newcastle United FC,FC Barcelona,newcastle united,barcelona,1,2,ENG,ESP,2025-26,UEFA,False
2025-09-18,Club Brugge KV,AS Monaco FC,club brugge,monaco,4,1,BEL,MCO,2025-26,UEFA,False
2025-09-18,FC København,Bayer 04 Leverkusen,københavn,bayer leverkusen,2,2,DEN,GER,2025-26,UEFA,False
2025-09-30,FK Bodø/Glimt,Tottenham Hotspur FC,bodø/glimt,tottenham hotspur,2,2,NOR,ENG,2025-26,UEFA,False
2025-09-30,Paphos FC,FC Bayern München,paphos,bayern münchen,1,5,CYP,GER,2025-26,UEFA,False
2025-09-30,Chelsea FC,Sport Lisboa e Benfica,chelsea,sport lisboa e benfica,1,0,ENG,POR,2025-26,UEFA,False
2025-09-30,Olympique de Marseille,AFC Ajax,olympique de marseille,ajax,4,0,FRA,NED,2025-26,UEFA,False
2025-09-30,FC Internazionale Milano,SK Slavia Praha,internazionale milano,slavia praha,3,0,ITA,CZE,2025-26,UEFA,False
2025-09-30,Galatasaray SK,Liverpool FC,galatasaray,liverpool,1,0,TUR,ENG,2025-26,UEFA,False
2025-09-30,FK Kairat,Real Madrid CF,kairat,real madrid,0,5,KAZ,ESP,2025-26,UEFA,False
2025-09-30,Atalanta BC,Club Brugge KV,atalanta,club brugge,2,1,ITA,BEL,2025-26,UEFA,False
2025-09-30,Club Atlético de Madrid,Eintracht Frankfurt,club atlético de madrid,eintracht frankfurt,5,1,ESP,GER,2025-26,UEFA,False
2025-10-01,Bayer 04 Leverkusen,PSV,bayer leverkusen,psv,1,1,GER,NED,2025-26,UEFA,False
2025-10-01,SSC Napoli,Sporting Clube de Portugal,ssc napoli,sporting clube de portugal,2,1,ITA,POR,2025-26,UEFA,False
2025-10-01,Villarreal CF,Juventus FC,villarreal,juventus,2,2,ESP,ITA,2025-26,UEFA,False
2025-10-01,Arsenal FC,PAE Olympiakos SFP,arsenal,olympiakos,2,0,ENG,GRE,2025-26,UEFA,False
2025-10-01,AS Monaco FC,Manchester City FC,monaco,manchester city,2,2,MCO,ENG,2025-26,UEFA,False
2025-10-01,Royale Union Saint-Gilloise,Newcastle United FC,royale union saint-gilloise,newcastle united,0,4,BEL,ENG,2025-26,UEFA,False
2025-10-01,Borussia Dortmund,Athletic Club,borussia dortmund,athletic club,4,1,GER,ESP,2025-26,UEFA,False
2025-10-01,Qarabağ Ağdam FK,FC København,qarabağ ağdam,københavn,2,0,AZE,DEN,2025-26,UEFA,False
2025-10-01,FC Barcelona,Paris Saint-Germain FC,barcelona,paris saint-germain,1,2,ESP,FRA,2025-26,UEFA,False
2025-10-21,Arsenal FC,Club Atlético de Madrid,arsenal,club atlético de madrid,4,0,ENG,ESP,2025-26,UEFA,False
2025-10-21,Villarreal CF,Manchester City FC,villarreal,manchester city,0,2,ESP,ENG,2025-26,UEFA,False
2025-10-21,FC Barcelona,PAE Olympiakos SFP,barcelona,olympiakos,6,1,ESP,GRE,2025-26,UEFA,False
2025-10-21,FK Kairat,Paphos FC,kairat,paphos,0,0,KAZ,CYP,2025-26,UEFA,False
2025-10-21,Royale Union Saint-Gilloise,FC Internazionale Milano,royale union saint-gilloise,internazionale milano,0,4,BEL,ITA,2025-26,UEFA,False
2025-10-21,FC København,Borussia Dortmund,københavn,borussia dortmund,2,4,DEN,GER,2025-26,UEFA,False
2025-10-21,Bayer 04 Leverkusen,Paris Saint-Germain FC,bayer leverkusen,paris saint-germain,2,7,GER,FRA,2025-26,UEFA,False
2025-10-21,Newcastle United FC,Sport Lisboa e Benfica,newcastle united,sport lisboa e benfica,3,0,ENG,POR,2025-26,UEFA,False
2025-10-21,PSV,SSC Napoli,psv,ssc napoli,6,2,NED,ITA,2025-26,UEFA,False
2025-10-22,Galatasaray SK,FK Bodø/Glimt,galatasaray,bodø/glimt,3,1,TUR,NOR,2025-26,UEFA,False
2025-10-22,Athletic Club,Qarabağ Ağdam FK,athletic club,qarabağ ağdam,3,1,ESP,AZE,2025-26,UEFA,False
2025-10-22,Eintracht Frankfurt,Liverpool FC,eintracht frankfurt,liverpool,1,5,GER,ENG,2025-26,UEFA,False
2025-10-22,FC Bayern München,Club Brugge KV,bayern münchen,club brugge,4,0,GER,BEL,2025-26,UEFA,False
2025-10-22,Sporting Clube de Portugal,Olympique de Marseille,sporting clube de portugal,olympique de marseille,2,1,POR,FRA,2025-26,UEFA,False
2025-10-22,AS Monaco FC,Tottenham Hotspur FC,monaco,tottenham hotspur,0,0,MCO,ENG,2025-26,UEFA,False
2025-10-22,Chelsea FC,AFC Ajax,chelsea,ajax,5,1,ENG,NED,2025-26,UEFA,False
2025-10-22,Real Madrid CF,Juventus FC,real madrid,juventus,1,0,ESP,ITA,2025-26,UEFA,False
2025-10-22,Atalanta BC,SK Slavia Praha,atalanta,slavia praha,0,0,ITA,CZE,2025-26,UEFA,False
2025-11-04,PAE Olympiakos SFP,PSV,olympiakos,psv,1,1,GRE,NED,2025-26,UEFA,False
2025-11-04,FK Bodø/Glimt,AS Monaco FC,bodø/glimt,monaco,0,1,NOR,MCO,2025-26,UEFA,False
2025-11-04,SK Slavia Praha,Arsenal FC,slavia praha,arsenal,0,3,CZE,ENG,2025-26,UEFA,False
2025-11-04,Club Atlético de Madrid,Royale Union Saint-Gilloise,club atlético de madrid,royale union saint-gilloise,3,1,ESP,BEL,2025-26,UEFA,False
2025-11-04,Paris Saint-Germain FC,FC Bayern München,paris saint-germain,bayern münchen,1,2,FRA,GER,2025-26,UEFA,False
2025-11-04,Tottenham Hotspur FC,FC København,tottenham hotspur,københavn,4,0,ENG,DEN,2025-26,UEFA,False
2025-11-04,Liverpool FC,Real Madrid CF,liverpool,real madrid,1,0,ENG,ESP,2025-26,UEFA,False
2025-11-04,SSC Napoli,Eintracht Frankfurt,ssc napoli,eintracht frankfurt,0,0,ITA,GER,2025-26,UEFA,False
2025-11-04,Juventus FC,Sporting Clube de Portugal,juventus,sporting clube de portugal,1,1,ITA,POR,2025-26,UEFA,False
2025-11-05,FC Internazionale Milano,FK Kairat,internazionale milano,kairat,2,1,ITA,KAZ,2025-26,UEFA,False
2025-11-05,Sport Lisboa e Benfica,Bayer 04 Leverkusen,sport lisboa e benfica,bayer leverkusen,0,1,POR,GER,2025-26,UEFA,False
2025-11-05,Olympique de Marseille,Atalanta BC,olympique de marseille,atalanta,0,1,FRA,ITA,2025-26,UEFA,False
2025-11-05,AFC Ajax,Galatasaray SK,ajax,galatasaray,0,3,NED,TUR,2025-26,UEFA,False
2025-11-05,Newcastle United FC,Athletic Club,newcastle united,athletic club,2,0,ENG,ESP,2025-26,UEFA,False
2025-11-05,Club Brugge KV,FC Barcelona,club brugge,barcelona,3,3,BEL,ESP,2025-26,UEFA,False
2025-11-05,Manchester City FC,Borussia Dortmund,manchester city,borussia dortmund,4,1,ENG,GER,2025-26,UEFA,False
2025-11-05,Qarabağ Ağdam FK,Chelsea FC,qarabağ ağdam,chelsea,2,2,AZE,ENG,2025-26,UEFA,False
2025-11-05,Paphos FC,Villarreal CF,paphos,villarreal,1,0,CYP,ESP,2025-26,UEFA,False
2025-11-25,SK Slavia Praha,Athletic Club,slavia praha,athletic club,0,0,CZE,ESP,2025-26,UEFA,False
2025-11-25,Olympique de Marseille,Newcastle United FC,olympique de marseille,newcastle united,2,1,FRA,ENG,2025-26,UEFA,False
2025-11-25,Chelsea FC,FC Barcelona,chelsea,barcelona,3,0,ENG,ESP,2025-26,UEFA,False
2025-11-25,Manchester City FC,Bayer 04 Leverkusen,manchester city,bayer leverkusen,0,2,ENG,GER,2025-26,UEFA,False
2025-11-25,Borussia Dortmund,Villarreal CF,borussia dortmund,villarreal,4,0,GER,ESP,2025-26,UEFA,False
2025-11-25,Galatasaray SK,Royale Union Saint-Gilloise,galatasaray,royale union saint-gilloise,0,1,TUR,BEL,2025-26,UEFA,False
2025-11-25,AFC Ajax,Sport Lisboa e Benfica,ajax,sport lisboa e benfica,0,2,NED,POR,2025-26,UEFA,False
2025-11-25,SSC Napoli,Qarabağ Ağdam FK,ssc napoli,qarabağ ağdam,2,0,ITA,AZE,2025-26,UEFA,False
2025-11-25,FK Bodø/Glimt,Juventus FC,bodø/glimt,juventus,2,3,NOR,ITA,2025-26,UEFA,False
2025-11-26,Arsenal FC,FC Bayern München,arsenal,bayern münchen,3,1,ENG,GER,2025-26,UEFA,False
2025-11-26,PAE Olympiakos SFP,Real Madrid CF,olympiakos,real madrid,3,4,GRE,ESP,2025-26,UEFA,False
2025-11-26,Club Atlético de Madrid,FC Internazionale Milano,club atlético de madrid,internazionale milano,2,1,ESP,ITA,2025-26,UEFA,False
2025-11-26,Sporting Clube de Portugal,Club Brugge KV,sporting clube de portugal,club brugge,3,0,POR,BEL,2025-26,UEFA,False
2025-11-26,Paphos FC,AS Monaco FC,paphos,monaco,2,2,CYP,MCO,2025-26,UEFA,False
2025-11-26,FC København,FK Kairat,københavn,kairat,3,2,DEN,KAZ,2025-26,UEFA,False
2025-11-26,Liverpool FC,PSV,liverpool,psv,1,4,ENG,NED,2025-26,UEFA,False
2025-11-26,Paris Saint-Germain FC,Tottenham Hotspur FC,paris saint-germain,tottenham hotspur,5,3,FRA,ENG,2025-26,UEFA,False
2025-11-26,Eintracht Frankfurt,Atalanta BC,eintracht frankfurt,atalanta,0,3,GER,ITA,2025-26,UEFA,False
2025-12-09,FC Internazionale Milano,Liverpool FC,internazionale milano,liverpool,0,1,ITA,ENG,2025-26,UEFA,False
2025-12-09,AS Monaco FC,Galatasaray SK,monaco,galatasaray,1,0,MCO,TUR,2025-26,UEFA,False
2025-12-09,Royale Union Saint-Gilloise,Olympique de Marseille,royale union saint-gilloise,olympique de marseille,2,3,BEL,FRA,2025-26,UEFA,False
2025-12-09,Atalanta BC,Chelsea FC,atalanta,chelsea,2,1,ITA,ENG,2025-26,UEFA,False
2025-12-09,FC Barcelona,Eintracht Frankfurt,barcelona,eintracht frankfurt,2,1,ESP,GER,2025-26,UEFA,False
2025-12-09,FC Bayern München,Sporting Clube de Portugal,bayern münchen,sporting clube de portugal,3,1,GER,POR,2025-26,UEFA,False
2025-12-09,FK Kairat,PAE Olympiakos SFP,kairat,olympiakos,0,1,KAZ,GRE,2025-26,UEFA,False
2025-12-09,PSV,Club Atlético de Madrid,psv,club atlético de madrid,2,3,NED,ESP,2025-26,UEFA,False
2025-12-09,Tottenham Hotspur FC,SK Slavia Praha,tottenham hotspur,slavia praha,3,0,ENG,CZE,2025-26,UEFA,False
2025-12-10,Real Madrid CF,Manchester City FC,real madrid,manchester city,1,2,ESP,ENG,2025-26,UEFA,False
2025-12-10,Villarreal CF,FC København,villarreal,københavn,2,3,ESP,DEN,2025-26,UEFA,False
2025-12-10,Qarabağ Ağdam FK,AFC Ajax,qarabağ ağdam,ajax,2,4,AZE,NED,2025-26,UEFA,False
2025-12-10,Borussia Dortmund,FK Bodø/Glimt,borussia dortmund,bodø/glimt,2,2,GER,NOR,2025-26,UEFA,False
2025-12-10,Athletic Club,Paris Saint-Germain FC,athletic club,paris saint-germain,0,0,ESP,FRA,2025-26,UEFA,False
2025-12-10,Bayer 04 Leverkusen,Newcastle United FC,bayer leverkusen,newcastle united,2,2,GER,ENG,2025-26,UEFA,False
2025-12-10,Club Brugge KV,Arsenal FC,club brugge,arsenal,0,3,BEL,ENG,2025-26,UEFA,False
2025-12-10,Sport Lisboa e Benfica,SSC Napoli,sport lisboa e benfica,ssc napoli,2,0,POR,ITA,2025-26,UEFA,False
2025-12-10,Juventus FC,Paphos FC,juventus,paphos,2,0,ITA,CYP,2025-26,UEFA,False
2026-01-20,FK Kairat,Club Brugge KV,kairat,club brugge,1,4,KAZ,BEL,2025-26,UEFA,False
2026-01-20,Tottenham Hotspur FC,Borussia Dortmund,tottenham hotspur,borussia dortmund,2,0,ENG,GER,2025-26,UEFA,False
2026-01-20,Sporting Clube de Portugal,Paris Saint-Germain FC,sporting clube de portugal,paris saint-germain,2,1,POR,FRA,2025-26,UEFA,False
2026-01-20,PAE Olympiakos SFP,Bayer 04 Leverkusen,olympiakos,bayer leverkusen,2,0,GRE,GER,2025-26,UEFA,False
2026-01-20,Villarreal CF,AFC Ajax,villarreal,ajax,1,2,ESP,NED,2025-26,UEFA,False
2026-01-20,FC København,SSC Napoli,københavn,ssc napoli,1,1,DEN,ITA,2025-26,UEFA,False
2026-01-20,Real Madrid CF,AS Monaco FC,real madrid,monaco,6,1,ESP,MCO,2025-26,UEFA,False
2026-01-20,FC Internazionale Milano,Arsenal FC,internazionale milano,arsenal,1,3,ITA,ENG,2025-26,UEFA,False
2026-01-20,FK Bodø/Glimt,Manchester City FC,bodø/glimt,manchester city,3,1,NOR,ENG,2025-26,UEFA,False
2026-01-21,Chelsea FC,Paphos FC,chelsea,paphos,1,0,ENG,CYP,2025-26,UEFA,False
2026-01-21,FC Bayern München,Royale Union Saint-Gilloise,bayern münchen,royale union saint-gilloise,2,0,GER,BEL,2025-26,UEFA,False
2026-01-21,Juventus FC,Sport Lisboa e Benfica,juventus,sport lisboa e benfica,2,0,ITA,POR,2025-26,UEFA,False
2026-01-21,Newcastle United FC,PSV,newcastle united,psv,3,0,ENG,NED,2025-26,UEFA,False
2026-01-21,SK Slavia Praha,FC Barcelona,slavia praha,barcelona,2,4,CZE,ESP,2025-26,UEFA,False
2026-01-21,Olympique de Marseille,Liverpool FC,olympique de marseille,liverpool,0,3,FRA,ENG,2025-26,UEFA,False
2026-01-21,Galatasaray SK,Club Atlético de Madrid,galatasaray,club atlético de madrid,1,1,TUR,ESP,2025-26,UEFA,False
2026-01-21,Atalanta BC,Athletic Club,atalanta,athletic club,2,3,ITA,ESP,2025-26,UEFA,False
2026-01-21,Qarabağ Ağdam FK,Eintracht Frankfurt,qarabağ ağdam,eintracht frankfurt,3,2,AZE,GER,2025-26,UEFA,False
2026-01-28,Borussia Dortmund,FC Internazionale Milano,borussia dortmund,internazionale milano,0,2,GER,ITA,2025-26,UEFA,False
2026-01-28,SSC Napoli,Chelsea FC,ssc napoli,chelsea,2,3,ITA,ENG,2025-26,UEFA,False
2026-01-28,PSV,FC Bayern München,psv,bayern münchen,1,2,NED,GER,2025-26,UEFA,False
2026-01-28,Paphos FC,SK Slavia Praha,paphos,slavia praha,4,1,CYP,CZE,2025-26,UEFA,False
2026-01-28,Paris Saint-Germain FC,Newcastle United FC,paris saint-germain,newcastle united,1,1,FRA,ENG,2025-26,UEFA,False
2026-01-28,AFC Ajax,PAE Olympiakos SFP,ajax,olympiakos,1,2,NED,GRE,2025-26,UEFA,False
2026-01-28,Club Atlético de Madrid,FK Bodø/Glimt,club atlético de madrid,bodø/glimt,1,2,ESP,NOR,2025-26,UEFA,False
2026-01-28,Sport Lisboa e Benfica,Real Madrid CF,sport lisboa e benfica,real madrid,4,2,POR,ESP,2025-26,UEFA,False
2026-01-28,Eintracht Frankfurt,Tottenham Hotspur FC,eintracht frankfurt,tottenham hotspur,0,2,GER,ENG,2025-26,UEFA,False
2026-01-28,AS Monaco FC,Juventus FC,monaco,juventus,0,0,MCO,ITA,2025-26,UEFA,False
2026-01-28,Liverpool FC,Qarabağ Ağdam FK,liverpool,qarabağ ağdam,6,0,ENG,AZE,2025-26,UEFA,False
2026-01-28,FC Barcelona,FC København,barcelona,københavn,4,1,ESP,DEN,2025-26,UEFA,False
2026-01-28,Manchester City FC,Galatasaray SK,manchester city,galatasaray,2,0,ENG,TUR,2025-26,UEFA,False
2026-01-28,Athletic Club,Sporting Clube de Portugal,athletic club,sporting clube de portugal,2,3,ESP,POR,2025-26,UEFA,False
2026-01-28,Arsenal FC,FK Kairat,arsenal,kairat,3,2,ENG,KAZ,2025-26,UEFA,False
2026-01-28,Royale Union Saint-Gilloise,Atalanta BC,royale union saint-gilloise,atalanta,1,0,BEL,ITA,2025-26,UEFA,False
2026-01-28,Bayer 04 Leverkusen,Villarreal CF,bayer leverkusen,villarreal,3,0,GER,ESP,2025-26,UEFA,False
2026-01-28,Club Brugge KV,Olympique de Marseille,club brugge,olympique de marseille,3,0,BEL,FRA,2025-26,UEFA,False
2026-02-17,Galatasaray SK,Juventus FC,galatasaray,juventus,5,2,TUR,ITA,2025-26,UEFA,False
2026-02-17,Sport Lisboa e Benfica,Real Madrid CF,sport lisboa e benfica,real madrid,0,1,POR,ESP,2025-26,UEFA,False
2026-02-17,AS Monaco FC,Paris Saint-Germain FC,monaco,paris saint-germain,2,3,MCO,FRA,2025-26,UEFA,False
2026-02-17,Borussia Dortmund,Atalanta BC,borussia dortmund,atalanta,2,0,GER,ITA,2025-26,UEFA,False
2026-02-18,FK Bodø/Glimt,FC Internazionale Milano,bodø/glimt,internazionale milano,3,1,NOR,ITA,2025-26,UEFA,False
2026-02-18,Club Brugge KV,Club Atlético de Madrid,club brugge,club atlético de madrid,3,3,BEL,ESP,2025-26,UEFA,False
2026-02-18,Qarabağ Ağdam FK,Newcastle United FC,qarabağ ağdam,newcastle united,1,6,AZE,ENG,2025-26,UEFA,False
2026-02-18,PAE Olympiakos SFP,Bayer 04 Leverkusen,olympiakos,bayer leverkusen,0,2,GRE,GER,2025-26,UEFA,False
2026-02-24,Newcastle United FC,Qarabağ Ağdam FK,newcastle united,qarabağ ağdam,3,2,ENG,AZE,2025-26,UEFA,False
2026-02-24,Bayer 04 Leverkusen,PAE Olympiakos SFP,bayer leverkusen,olympiakos,0,0,GER,GRE,2025-26,UEFA,False
2026-02-24,FC Internazionale Milano,FK Bodø/Glimt,internazionale milano,bodø/glimt,1,2,ITA,NOR,2025-26,UEFA,False
2026-02-24,Club Atlético de Madrid,Club Brugge KV,club atlético de madrid,club brugge,4,1,ESP,BEL,2025-26,UEFA,False
2026-02-25,Atalanta BC,Borussia Dortmund,atalanta,borussia dortmund,4,1,ITA,GER,2025-26,UEFA,False
2026-02-25,Real Madrid CF,Sport Lisboa e Benfica,real madrid,sport lisboa e benfica,2,1,ESP,POR,2025-26,UEFA,False
2026-02-25,Paris Saint-Germain FC,AS Monaco FC,paris saint-germain,monaco,2,2,FRA,MCO,2025-26,UEFA,False
2026-02-25,Juventus FC,Galatasaray SK,juventus,galatasaray,3,2,ITA,TUR,2025-26,UEFA,False
2026-03-10,Galatasaray SK,Liverpool FC,galatasaray,liverpool,1,0,TUR,ENG,2025-26,UEFA,False
2026-03-10,Newcastle United FC,FC Barcelona,newcastle united,barcelona,1,1,ENG,ESP,2025-26,UEFA,False
2026-03-10,Atalanta BC,FC Bayern München,atalanta,bayern münchen,1,6,ITA,GER,2025-26,UEFA,False
2026-03-10,Club Atlético de Madrid,Tottenham Hotspur FC,club atlético de madrid,tottenham hotspur,5,2,ESP,ENG,2025-26,UEFA,False
2026-03-11,Bayer 04 Leverkusen,Arsenal FC,bayer leverkusen,arsenal,1,1,GER,ENG,2025-26,UEFA,False
2026-03-11,FK Bodø/Glimt,Sporting Clube de Portugal,bodø/glimt,sporting clube de portugal,3,0,NOR,POR,2025-26,UEFA,False
2026-03-11,Real Madrid CF,Manchester City FC,real madrid,manchester city,3,0,ESP,ENG,2025-26,UEFA,False
2026-03-11,Paris Saint-Germain FC,Chelsea FC,paris saint-germain,chelsea,5,2,FRA,ENG,2025-26,UEFA,False
2026-03-17,Arsenal FC,Bayer 04 Leverkusen,arsenal,bayer leverkusen,2,0,ENG,GER,2025-26,UEFA,False
2026-03-17,Manchester City FC,Real Madrid CF,manchester city,real madrid,1,2,ENG,ESP,2025-26,UEFA,False
2026-03-17,Chelsea FC,Paris Saint-Germain FC,chelsea,paris saint-germain,0,3,ENG,FRA,2025-26,UEFA,False
2026-03-17,Sporting Clube de Portugal,FK Bodø/Glimt,sporting clube de portugal,bodø/glimt,5,0,POR,NOR,2025-26,UEFA,False
2026-03-18,Liverpool FC,Galatasaray SK,liverpool,galatasaray,4,0,ENG,TUR,2025-26,UEFA,False
2026-03-18,Tottenham Hotspur FC,Club Atlético de Madrid,tottenham hotspur,club atlético de madrid,3,2,ENG,ESP,2025-26,UEFA,False
2026-03-18,FC Bayern München,Atalanta BC,bayern münchen,atalanta,4,1,GER,ITA,2025-26,UEFA,False
2026-03-18,FC Barcelona,Newcastle United FC,barcelona,newcastle united,7,2,ESP,ENG,2025-26,UEFA,False
2026-04-07,Real Madrid CF,FC Bayern München,real madrid,bayern münchen,1,2,ESP,GER,2025-26,UEFA,False
2026-04-07,Sporting Clube de Portugal,Arsenal FC,sporting clube de portugal,arsenal,0,1,POR,ENG,2025-26,UEFA,False
2026-04-08,Paris Saint-Germain FC,Liverpool FC,paris saint-germain,liverpool,2,0,FRA,ENG,2025-26,UEFA,False
2026-04-08,FC Barcelona,Club Atlético de Madrid,barcelona,club atlético de madrid,0,2,ESP,ESP,2025-26,UEFA,False
2026-04-14,Club Atlético de Madrid,FC Barcelona,club atlético de madrid,barcelona,1,2,ESP,ESP,2025-26,UEFA,False
2026-04-14,Liverpool FC,Paris Saint-Germain FC,liverpool,paris saint-germain,0,2,ENG,FRA,2025-26,UEFA,False
2026-04-15,FC Bayern München,Real Madrid CF,bayern münchen,real madrid,4,3,GER,ESP,2025-26,UEFA,False
2026-04-15,Arsenal FC,Sporting Clube de Portugal,arsenal,sporting clube de portugal,0,0,ENG,POR,2025-26,UEFA,False
2026-04-28,Paris Saint-Germain FC,FC Bayern München,paris saint-germain,bayern münchen,5,4,FRA,GER,2025-26,UEFA,False
2026-04-29,Club Atlético de Madrid,Arsenal FC,club atlético de madrid,arsenal,1,1,ESP,ENG,2025-26,UEFA,False
2026-05-05,Arsenal FC,Club Atlético de Madrid,arsenal,club atlético de madrid,1,0,ENG,ESP,2025-26,UEFA,False
2026-05-06,FC Bayern München,Paris Saint-Germain FC,bayern münchen,paris saint-germain,1,1,GER,FRA,2025-26,UEFA,False
2026-05-30,Paris Saint-Germain FC,Arsenal FC,paris saint-germain,arsenal,4,3,FRA,ENG,2025-26,UEFA,False
2026-07-09,FCSB,Inter Club d'Escaldes,fcsb,inter club d'escaldes,3,1,ROU,AND,2025-26,UEFA,False
2026-07-09,Shelbourne FC,Linfield FC,shelbourne,linfield,1,0,IRL,NIR,2025-26,UEFA,False
2026-07-09,PFC Ludogorets Razgrad,Dinamo Minsk,pfc ludogorets razgrad,dinamo minsk,1,0,BUL,BLR,2025-26,UEFA,False
2026-07-09,FK Žalgiris,Hamrun Spartans,žalgiris,hamrun spartans,2,0,LTU,MLT,2025-26,UEFA,False
2026-07-10,Torpedo-BelAZ Zhodino,FK Rabotnički,torpedo-belaz zhodino,rabotnički,3,0,BLR,MKD,2025-26,UEFA,False
2026-07-10,Larne FC,FK Auda,larne,auda,0,0,NIR,LVA,2025-26,UEFA,False
2026-07-10,FK Dečić Tuzi,Sileks Kratovo,dečić tuzi,sileks kratovo,2,0,MNE,MKD,2025-26,UEFA,False
2026-07-10,Birkirkara FC,CS Petrocub,birkirkara,cs petrocub,1,0,MLT,MDA,2025-26,UEFA,False
2026-07-10,FK Vllaznia,BFC Daugavpils,vllaznia,bfc daugavpils,0,1,ALB,LVA,2025-26,UEFA,False
2026-07-10,JK Nõmme Kalju,FK Partizani,jk nõmme kalju,partizani,1,1,EST,ALB,2025-26,UEFA,False
2026-07-10,RFCU Luxemburg,Dila Gori,rfcu luxemburg,dila gori,1,2,LUX,GEO,2025-26,UEFA,False
2026-07-10,FC Urartu,Neman Grodno,urartu,neman grodno,1,2,ARM,BLR,2025-26,UEFA,False
2026-07-10,Kauno Žalgiris,Penybont FC,kauno žalgiris,penybont,3,0,LTU,WAL,2025-26,UEFA,False
2026-07-10,SJK Seinäjoki,KÍ Klaksvík,sjk seinäjoki,kí klaksvík,1,2,FIN,FRO,2025-26,UEFA,False
2026-07-10,KF Malisheva,Víkingur Reykjavík,kf malisheva,víkingur reykjavík,0,1,KOS,ISL,2025-26,UEFA,False
2026-07-10,Torpedo Kutaisi,FK Ordabasy,torpedo kutaisi,ordabasy,4,3,GEO,KAZ,2025-26,UEFA,False
2026-07-10,Atlétic Escaldes,F91 Dudelange,atlétic escaldes,f91 dudelange,2,0,AND,LUX,2025-26,UEFA,False
2026-07-10,Željezničar Sarajevo,FC Koper,željezničar sarajevo,koper,1,1,BIH,SVN,2025-26,UEFA,False
2026-07-10,Vardar Skopje,SP La Fiorita,vardar skopje,sp la fiorita,3,0,MKD,SMR,2025-26,UEFA,False
2026-07-10,FK Sutjeska,Dinamo Brest,sutjeska,dinamo brest,1,2,MNE,BLR,2025-26,UEFA,False
2026-07-10,NSÍ Runavík,HJK Helsinki,nsí runavík,hjk helsinki,4,0,FRO,FIN,2025-26,UEFA,False
2026-07-10,St Patrick's Athletic,FC Hegelmann,st patrick's athletic,hegelmann,1,0,IRL,LTU,2025-26,UEFA,False
2026-07-10,SP Tre Fiori,Pyunik FC,sp tre fiori,pyunik,1,0,SMR,ARM,2025-26,UEFA,False
2026-07-10,Borac Banja Luka,FC Santa Coloma,borac banja luka,santa coloma,1,4,BIH,AND,2025-26,UEFA,False
2026-07-10,FCB Magpies,Paide Linnameeskond,fcb magpies,paide linnameeskond,2,3,GIB,EST,2025-26,UEFA,False
2026-07-10,Valur Reykjavík,FC Flora,valur reykjavík,flora,3,0,ISL,EST,2025-26,UEFA,False
2026-07-15,Inter Club d'Escaldes,FCSB,inter club d'escaldes,fcsb,2,1,AND,ROU,2025-26,UEFA,False
2026-07-15,Hamrun Spartans,FK Žalgiris,hamrun spartans,žalgiris,11,10,MLT,LTU,2025-26,UEFA,False
2026-07-15,FC Differdange 03,KF Drita,differdange 03,kf drita,2,3,LUX,KOS,2025-26,UEFA,False
2026-07-15,FK Kairat,Olimpija Ljubljana,kairat,olimpija ljubljana,2,0,KAZ,SVN,2025-26,UEFA,False
2026-07-15,Lincoln Red Imps,Víkingur,lincoln red imps,víkingur,1,0,GIB,FRO,2025-26,UEFA,False
2026-07-15,Malmö FF,FC Iberia 1999,malmö ff,iberia 1999,3,1,SWE,GEO,2025-26,UEFA,False
2026-07-15,FK RFS,FCI Levadia,rfs,fci levadia,1,0,LVA,EST,2025-26,UEFA,False
2026-07-15,FC Milsami,Kuopion PS,milsami,kuopion ps,0,0,MDA,FIN,2025-26,UEFA,False
2026-07-15,FK Budućnost Podgorica,FC Noah,budućnost podgorica,noah,2,2,MNE,ARM,2025-26,UEFA,False
2026-07-15,Zrinjski Mostar,SS Virtus,zrinjski mostar,ss virtus,2,1,BIH,SMR,2025-26,UEFA,False
2026-07-15,Breiðablik,Egnatia Rrogozhine,breiðablik,egnatia rrogozhine,5,0,ISL,ALB,2025-26,UEFA,False
2026-07-15,KF Shkëndija 79,The New Saints,kf shkëndija 79,the new saints,2,1,MKD,WAL,2025-26,UEFA,False
2026-07-16,Dinamo Minsk,PFC Ludogorets Razgrad,dinamo minsk,pfc ludogorets razgrad,2,2,BLR,BUL,2025-26,UEFA,False
2026-07-16,Linfield FC,Shelbourne FC,linfield,shelbourne,1,1,NIR,IRL,2025-26,UEFA,False
2026-07-16,FK Auda,Larne FC,auda,larne,2,4,LVA,NIR,2025-26,UEFA,False
2026-07-17,BK Häcken,Spartak Trnava,bk häcken,spartak trnava,2,2,SWE,SVK,2025-26,UEFA,False
2026-07-17,KÍ Klaksvík,SJK Seinäjoki,kí klaksvík,sjk seinäjoki,2,0,FRO,FIN,2025-26,UEFA,False
2026-07-17,BFC Daugavpils,FK Vllaznia,bfc daugavpils,vllaznia,2,4,LVA,ALB,2025-26,UEFA,False
2026-07-17,CFR Cluj,Paksi SE,cfr cluj,paksi se,3,0,ROU,HUN,2025-26,UEFA,False
2026-07-17,FK Aktobe,Legia Warszawa,aktobe,legia warszawa,0,1,KAZ,POL,2025-26,UEFA,False
2026-07-17,FC Hegelmann,St Patrick's Athletic,hegelmann,st patrick's athletic,0,2,LTU,IRL,2025-26,UEFA,False
2026-07-17,FC Flora,Valur Reykjavík,flora,valur reykjavík,1,2,EST,ISL,2025-26,UEFA,False
2026-07-17,Dila Gori,RFCU Luxemburg,dila gori,rfcu luxemburg,1,0,GEO,LUX,2025-26,UEFA,False
2026-07-17,FC Prishtina,FC Sheriff,prishtina,sheriff,2,1,KOS,MDA,2025-26,UEFA,False
2026-07-17,FK Rabotnički,Torpedo-BelAZ Zhodino,rabotnički,torpedo-belaz zhodino,0,1,MKD,BLR,2025-26,UEFA,False
2026-07-17,Paide Linnameeskond,FCB Magpies,paide linnameeskond,fcb magpies,4,1,EST,GIB,2025-26,UEFA,False
2026-07-17,Penybont FC,Kauno Žalgiris,penybont,kauno žalgiris,1,1,WAL,LTU,2025-26,UEFA,False
2026-07-17,CS Petrocub,Birkirkara FC,cs petrocub,birkirkara,3,0,MDA,MLT,2025-26,UEFA,False
2026-07-17,F91 Dudelange,Atlétic Escaldes,f91 dudelange,atlétic escaldes,2,3,LUX,AND,2025-26,UEFA,False
2026-07-17,Sileks Kratovo,FK Dečić Tuzi,sileks kratovo,dečić tuzi,2,1,MKD,MNE,2025-26,UEFA,False
2026-07-17,Haverfordwest County,Floriana FC,haverfordwest county,floriana,2,3,WAL,MLT,2025-26,UEFA,False
2026-07-17,FC Koper,Željezničar Sarajevo,koper,željezničar sarajevo,3,1,SVN,BIH,2025-26,UEFA,False
2026-07-17,FK Partizani,JK Nõmme Kalju,partizani,jk nõmme kalju,0,1,ALB,EST,2025-26,UEFA,False
2026-07-17,Ilves Tampere,Shakhtar Donetsk,ilves tampere,shakhtar donetsk,0,0,FIN,UKR,2025-26,UEFA,False
2026-07-17,NK Celje,Sabah FK,celje,sabah,3,3,SVN,AZE,2025-26,UEFA,False
2026-07-17,Víkingur Reykjavík,KF Malisheva,víkingur reykjavík,kf malisheva,8,0,ISL,KOS,2025-26,UEFA,False
2026-07-17,Partizan,AEK Larnaca,partizan,aek larnaca,5,6,SRB,CYP,2025-26,UEFA,False
2026-07-17,Hapoel Be'er Sheva,Levski Sofia,hapoel be'er sheva,levski sofia,1,3,ISR,BUL,2025-26,UEFA,False
2026-07-17,FC Santa Coloma,Borac Banja Luka,santa coloma,borac banja luka,0,2,AND,BIH,2025-26,UEFA,False
2026-07-17,Pyunik FC,SP Tre Fiori,pyunik,sp tre fiori,5,0,ARM,SMR,2025-26,UEFA,False
2026-07-17,FK Ordabasy,Torpedo Kutaisi,ordabasy,torpedo kutaisi,1,1,KAZ,GEO,2025-26,UEFA,False
2026-07-17,HJK Helsinki,NSÍ Runavík,hjk helsinki,nsí runavík,5,0,FIN,FRO,2025-26,UEFA,False
2026-07-17,Dinamo Brest,FK Sutjeska,dinamo brest,sutjeska,0,2,BLR,MNE,2025-26,UEFA,False
2026-07-17,SP La Fiorita,Vardar Skopje,sp la fiorita,vardar skopje,2,2,SMR,MKD,2025-26,UEFA,False
2026-07-17,Neman Grodno,FC Urartu,neman grodno,urartu,4,0,BLR,ARM,2025-26,UEFA,False
2026-07-17,Cliftonville FC,St. Joseph's FC,cliftonville,st. joseph's,2,3,NIR,GIB,2025-26,UEFA,False
2026-07-22,Slovan Bratislava,Zrinjski Mostar,slovan bratislava,zrinjski mostar,4,0,SVK,BIH,2025-26,UEFA,False
2026-07-22,Kuopion PS,FK Kairat,kuopion ps,kairat,2,0,FIN,KAZ,2025-26,UEFA,False
2026-07-22,Lincoln Red Imps,Crvena Zvezda,lincoln red imps,crvena zvezda,0,1,GIB,SRB,2025-26,UEFA,False
2026-07-22,FC Noah,Ferencvárosi TC,noah,ferencvárosi tc,1,2,ARM,HUN,2025-26,UEFA,False
2026-07-22,FK RFS,Malmö FF,rfs,malmö ff,1,4,LVA,SWE,2025-26,UEFA,False
2026-07-22,Hamrun Spartans,Dinamo Kiev,hamrun spartans,dinamo kiev,0,3,MLT,UKR,2025-26,UEFA,False
2026-07-22,Pafos FC,Maccabi Tel Aviv,pafos,maccabi tel aviv,1,1,CYP,ISR,2025-26,UEFA,False
2026-07-22,FC København,KF Drita,københavn,kf drita,2,0,DEN,KOS,2025-26,UEFA,False
2026-07-22,Viktoria Plzeň,Servette FC,viktoria plzeň,servette,0,1,CZE,SUI,2025-26,UEFA,False
2026-07-22,Rangers FC,Panathinaikos,rangers,panathinaikos,2,0,SCO,GRE,2025-26,UEFA,False
2026-07-22,Lech Poznań,Breiðablik,lech poznań,breiðablik,7,1,POL,ISL,2025-26,UEFA,False
2026-07-22,HNK Rijeka,PFC Ludogorets Razgrad,rijeka,pfc ludogorets razgrad,0,0,CRO,BUL,2025-26,UEFA,False
2026-07-22,KF Ballkani,Floriana FC,kf ballkani,floriana,4,2,KOS,MLT,2025-26,UEFA,False
2026-07-22,KF Shkëndija 79,FCSB,kf shkëndija 79,fcsb,1,0,MKD,ROU,2025-26,UEFA,False
2026-07-23,FCI Levadia,FC Iberia 1999,fci levadia,iberia 1999,1,0,EST,GEO,2025-26,UEFA,False
2026-07-23,FK Budućnost Podgorica,FC Milsami,budućnost podgorica,milsami,0,0,MNE,MDA,2025-26,UEFA,False
2026-07-23,Olimpija Ljubljana,Inter Club d'Escaldes,olimpija ljubljana,inter club d'escaldes,4,2,SVN,AND,2025-26,UEFA,False
2026-07-23,The New Saints,FC Differdange 03,the new saints,differdange 03,0,1,WAL,LUX,2025-26,UEFA,False
2026-07-23,Zira FK,Hajduk Split,zira,hajduk split,1,1,AZE,CRO,2025-26,UEFA,False
2026-07-23,Silkeborg IF,KA Akureyri,silkeborg if,ka akureyri,1,1,DEN,ISL,2025-26,UEFA,False
2026-07-23,Shelbourne FC,Qarabağ FK,shelbourne,qarabağ,0,3,IRL,AZE,2025-26,UEFA,False
2026-07-23,SK Brann,RB Salzburg,brann,rb salzburg,1,4,NOR,AUT,2025-26,UEFA,False
2026-07-24,Pyunik FC,Győri ETO FC,pyunik,győri eto,2,1,ARM,HUN,2025-26,UEFA,False
2026-07-24,Rosenborg BK,Banga Gargždai,rosenborg bk,banga gargždai,5,0,NOR,LTU,2025-26,UEFA,False
2026-07-24,FK Žalgiris,Linfield FC,žalgiris,linfield,0,0,LTU,NIR,2025-26,UEFA,False
2026-07-24,Paide Linnameeskond,AIK Solna,paide linnameeskond,aik solna,0,2,EST,SWE,2025-26,UEFA,False
2026-07-24,FK Astana,FC Zimbru,astana,zimbru,1,1,KAZ,MDA,2025-26,UEFA,False
2026-07-24,Atlétic Escaldes,FC Dinamo City,atlétic escaldes,dinamo city,1,2,AND,ALB,2025-26,UEFA,False
2026-07-24,Baník Ostrava,Legia Warszawa,baník ostrava,legia warszawa,2,2,CZE,POL,2025-26,UEFA,False
2026-07-24,FC Lugano,CFR Cluj,lugano,cfr cluj,0,0,SUI,ROU,2025-26,UEFA,False
2026-07-24,Beşiktaş,Shakhtar Donetsk,beşiktaş,shakhtar donetsk,2,4,TUR,UKR,2025-26,UEFA,False
2026-07-24,RSC Anderlecht,BK Häcken,rsc anderlecht,bk häcken,1,0,BEL,SWE,2025-26,UEFA,False
2026-07-24,NK Celje,AEK Larnaca,celje,aek larnaca,1,1,SVN,CYP,2025-26,UEFA,False
2026-07-24,FC Midtjylland,Hibernian FC,midtjylland,hibernian,1,1,DEN,SCO,2025-26,UEFA,False
2026-07-24,Levski Sofia,Sporting Braga,levski sofia,sporting braga,0,0,BUL,POR,2025-26,UEFA,False
2026-07-24,FC Sheriff,FC Utrecht,sheriff,utrecht,1,3,MDA,NED,2025-26,UEFA,False
2026-07-24,FC Ararat-Armenia,Universitatea Cluj,ararat-armenia,universitatea cluj,0,0,ARM,ROU,2025-26,UEFA,False
2026-07-24,Kauno Žalgiris,Valur Reykjavík,kauno žalgiris,valur reykjavík,1,1,LTU,ISL,2025-26,UEFA,False
2026-07-24,Cherno More Varna,İstanbul Başakşehir,cherno more varna,i̇stanbul başakşehir,0,1,BUL,TUR,2025-26,UEFA,False
2026-07-24,Aris Limassol,Puskás FC,aris limassol,puskás,3,2,CYP,HUN,2025-26,UEFA,False
2026-07-24,FK Radnički 1923,KÍ Klaksvík,radnički 1923,kí klaksvík,0,0,SRB,FRO,2025-26,UEFA,False
2026-07-24,Torpedo-BelAZ Zhodino,Maccabi Haifa,torpedo-belaz zhodino,maccabi haifa,1,1,BLR,ISR,2025-26,UEFA,False
2026-07-24,Austria Wien,Spaeri FC,austria wien,spaeri,2,0,AUT,GEO,2025-26,UEFA,False
2026-07-24,FK Vllaznia,Víkingur Reykjavík,vllaznia,víkingur reykjavík,2,1,ALB,ISL,2025-26,UEFA,False
2026-07-24,Vardar Skopje,FC Lausanne-Sport,vardar skopje,lausanne-sport,2,1,MKD,SUI,2025-26,UEFA,False
2026-07-24,FK Sutjeska,Beitar Jerusalem,sutjeska,beitar jerusalem,1,2,MNE,ISR,2025-26,UEFA,False
2026-07-24,Paksi SE,NK Maribor,paksi se,maribor,1,0,HUN,SVN,2025-26,UEFA,False
2026-07-24,Hibernians FC,Spartak Trnava,hibernians,spartak trnava,1,2,MLT,SVK,2025-26,UEFA,False
2026-07-24,HB Tórshavn,Brøndby IF,hb tórshavn,brøndby if,1,1,FRO,DEN,2025-26,UEFA,False
2026-07-24,St Patrick's Athletic,JK Nõmme Kalju,st patrick's athletic,jk nõmme kalju,1,0,IRL,EST,2025-26,UEFA,False
2026-07-24,Larne FC,FC Prishtina,larne,prishtina,0,0,NIR,KOS,2025-26,UEFA,False
2026-07-24,Raków Częstochowa,MŠK Žilina,raków częstochowa,mšk žilina,3,0,POL,SVK,2025-26,UEFA,False
2026-07-24,FK Sarajevo,CS Universitatea Craiova,sarajevo,cs universitatea craiova,2,1,BIH,ROU,2025-26,UEFA,False
2026-07-24,FK Dečić Tuzi,Rapid Wien,dečić tuzi,rapid wien,0,2,MNE,AUT,2025-26,UEFA,False
2026-07-24,Dundee United,UNA Strassen,dundee united,una strassen,1,0,SCO,LUX,2025-26,UEFA,False
2026-07-24,NK Varaždin,CD Santa Clara,varaždin,cd santa clara,2,1,CRO,POR,2025-26,UEFA,False
2026-07-24,Dinamo Minsk,Egnatia Rrogozhine,dinamo minsk,egnatia rrogozhine,0,2,BLR,ALB,2025-26,UEFA,False
2026-07-24,FC Košice,Neman Grodno,košice,neman grodno,2,3,SVK,BLR,2025-26,UEFA,False
2026-07-24,AEK Athen,Hapoel Be'er Sheva,aek athen,hapoel be'er sheva,1,0,GRE,ISR,2025-26,UEFA,False
2026-07-24,St. Joseph's FC,Shamrock Rovers,st. joseph's,shamrock rovers,0,4,GIB,IRL,2025-26,UEFA,False
2026-07-24,Ilves Tampere,AZ Alkmaar,ilves tampere,az alkmaar,4,3,FIN,NED,2025-26,UEFA,False
2026-07-24,Arda Kardzhali,HJK Helsinki,arda kardzhali,hjk helsinki,0,0,BUL,FIN,2025-26,UEFA,False
2026-07-24,FK Aktobe,AC Sparta Praha,aktobe,sparta praha,2,1,KAZ,CZE,2025-26,UEFA,False
2026-07-24,Araz-Naxçıvan PFK,Aris Saloniki,araz-naxçıvan,aris saloniki,2,1,AZE,GRE,2025-26,UEFA,False
2026-07-24,Riga FC,Dila Gori,riga,dila gori,2,1,LVA,GEO,2025-26,UEFA,False
2026-07-24,Viking FK,FC Koper,viking,koper,7,0,NOR,SVN,2025-26,UEFA,False
2026-07-24,Hammarby IF,Sporting Charleroi,hammarby if,sporting charleroi,0,0,SWE,BEL,2025-26,UEFA,False
2026-07-24,FK Novi Pazar,Jagiellonia Białystok,novi pazar,jagiellonia białystok,1,2,SRB,POL,2025-26,UEFA,False
2026-07-24,Polissya Zhytomyr,FC Santa Coloma,polissya zhytomyr,santa coloma,1,2,UKR,AND,2025-26,UEFA,False
2026-07-24,FK Oleksandriya,Partizan,oleksandriya,partizan,0,2,UKR,SRB,2025-26,UEFA,False
2026-07-24,Omonia Nikosia,Torpedo Kutaisi,omonia nikosia,torpedo kutaisi,1,0,CYP,GEO,2025-26,UEFA,False
2026-07-24,FC Vaduz,Dungannon Swifts,vaduz,dungannon swifts,0,1,LIE,NIR,2025-26,UEFA,False
2026-07-24,CS Petrocub,Sabah FK,cs petrocub,sabah,0,2,MDA,AZE,2025-26,UEFA,False
2026-07-29,Crvena Zvezda,Lincoln Red Imps,crvena zvezda,lincoln red imps,5,1,SRB,GIB,2025-26,UEFA,False
2026-07-29,FK Kairat,Kuopion PS,kairat,kuopion ps,3,0,KAZ,FIN,2025-26,UEFA,False
2026-07-29,Dinamo Kiev,Hamrun Spartans,dinamo kiev,hamrun spartans,3,0,UKR,MLT,2025-26,UEFA,False
2026-07-29,KF Drita,FC København,kf drita,københavn,0,1,KOS,DEN,2025-26,UEFA,False
2026-07-29,Zrinjski Mostar,Slovan Bratislava,zrinjski mostar,slovan bratislava,2,2,BIH,SVK,2025-26,UEFA,False
2026-07-29,FC Differdange 03,The New Saints,differdange 03,the new saints,1,0,LUX,WAL,2025-26,UEFA,False
2026-07-29,Inter Club d'Escaldes,Olimpija Ljubljana,inter club d'escaldes,olimpija ljubljana,1,1,AND,SVN,2025-26,UEFA,False
2026-07-29,FC Iberia 1999,FCI Levadia,iberia 1999,fci levadia,2,2,GEO,EST,2025-26,UEFA,False
2026-07-30,Panathinaikos,Rangers FC,panathinaikos,rangers,1,1,GRE,SCO,2025-26,UEFA,False
2026-07-30,Ferencvárosi TC,FC Noah,ferencvárosi tc,noah,4,3,HUN,ARM,2025-26,UEFA,False
2026-07-30,Maccabi Tel Aviv,Pafos FC,maccabi tel aviv,pafos,0,1,ISR,CYP,2025-26,UEFA,False
2026-07-30,FCSB,KF Shkëndija 79,fcsb,kf shkëndija 79,1,2,ROU,MKD,2025-26,UEFA,False
2026-07-30,PFC Ludogorets Razgrad,HNK Rijeka,pfc ludogorets razgrad,rijeka,3,1,BUL,CRO,2025-26,UEFA,False
2026-07-30,Malmö FF,FK RFS,malmö ff,rfs,1,0,SWE,LVA,2025-26,UEFA,False
2026-07-30,Qarabağ FK,Shelbourne FC,qarabağ,shelbourne,1,0,AZE,IRL,2025-26,UEFA,False
2026-07-30,RB Salzburg,SK Brann,rb salzburg,brann,1,1,AUT,NOR,2025-26,UEFA,False
2026-07-30,Servette FC,Viktoria Plzeň,servette,viktoria plzeň,1,3,SUI,CZE,2025-26,UEFA,False
2026-07-30,Breiðablik,Lech Poznań,breiðablik,lech poznań,0,1,ISL,POL,2025-26,UEFA,False
2026-07-31,Hibernian FC,FC Midtjylland,hibernian,midtjylland,1,2,SCO,DEN,2025-26,UEFA,False
2026-07-31,Legia Warszawa,Baník Ostrava,legia warszawa,baník ostrava,2,1,POL,CZE,2025-26,UEFA,False
2026-07-31,Hajduk Split,Zira FK,hajduk split,zira,2,1,CRO,AZE,2025-26,UEFA,False
2026-07-31,Shakhtar Donetsk,Beşiktaş,shakhtar donetsk,beşiktaş,2,0,UKR,TUR,2025-26,UEFA,False
2026-07-31,KA Akureyri,Silkeborg IF,ka akureyri,silkeborg if,2,3,ISL,DEN,2025-26,UEFA,False
2026-07-31,FC Koper,Viking FK,koper,viking,3,5,SVN,NOR,2025-26,UEFA,False
2026-07-31,Hapoel Be'er Sheva,AEK Athen,hapoel be'er sheva,aek athen,0,0,ISR,GRE,2025-26,UEFA,False
2026-07-31,CD Santa Clara,NK Varaždin,cd santa clara,varaždin,2,0,POR,CRO,2025-26,UEFA,False
2026-07-31,NK Maribor,Paksi SE,maribor,paksi se,1,1,SVN,HUN,2025-26,UEFA,False
2026-07-31,Sporting Charleroi,Hammarby IF,sporting charleroi,hammarby if,1,2,BEL,SWE,2025-26,UEFA,False
2026-07-31,Puskás FC,Aris Limassol,puskás,aris limassol,0,2,HUN,CYP,2025-26,UEFA,False
2026-07-31,AC Sparta Praha,FK Aktobe,sparta praha,aktobe,4,0,CZE,KAZ,2025-26,UEFA,False
2026-07-31,Maccabi Haifa,Torpedo-BelAZ Zhodino,maccabi haifa,torpedo-belaz zhodino,3,0,ISR,BLR,2025-26,UEFA,False
2026-07-31,Jagiellonia Białystok,FK Novi Pazar,jagiellonia białystok,novi pazar,3,1,POL,SRB,2025-26,UEFA,False
2026-07-31,Neman Grodno,FC Košice,neman grodno,košice,1,1,BLR,SVK,2025-26,UEFA,False
2026-07-31,Aris Saloniki,Araz-Naxçıvan PFK,aris saloniki,araz-naxçıvan,2,2,GRE,AZE,2025-26,UEFA,False
2026-07-31,Valur Reykjavík,Kauno Žalgiris,valur reykjavík,kauno žalgiris,1,2,ISL,LTU,2025-26,UEFA,False
2026-07-31,Rapid Wien,FK Dečić Tuzi,rapid wien,dečić tuzi,4,2,AUT,MNE,2025-26,UEFA,False
2026-07-31,Linfield FC,FK Žalgiris,linfield,žalgiris,2,0,NIR,LTU,2025-26,UEFA,False
2026-07-31,Dungannon Swifts,FC Vaduz,dungannon swifts,vaduz,0,3,NIR,LIE,2025-26,UEFA,False
2026-07-31,FC Dinamo City,Atlétic Escaldes,dinamo city,atlétic escaldes,1,1,ALB,AND,2025-26,UEFA,False
2026-07-31,Floriana FC,KF Ballkani,floriana,kf ballkani,1,1,MLT,KOS,2025-26,UEFA,False
2026-07-31,Víkingur Reykjavík,FK Vllaznia,víkingur reykjavík,vllaznia,4,2,ISL,ALB,2025-26,UEFA,False
2026-07-31,KÍ Klaksvík,FK Radnički 1923,kí klaksvík,radnički 1923,1,0,FRO,SRB,2025-26,UEFA,False
2026-07-31,Egnatia Rrogozhine,Dinamo Minsk,egnatia rrogozhine,dinamo minsk,1,0,ALB,BLR,2025-26,UEFA,False
2026-07-31,Partizan,FK Oleksandriya,partizan,oleksandriya,4,0,SRB,UKR,2025-26,UEFA,False
2026-07-31,MŠK Žilina,Raków Częstochowa,mšk žilina,raków częstochowa,1,3,SVK,POL,2025-26,UEFA,False
2026-07-31,FC Prishtina,Larne FC,prishtina,larne,4,5,KOS,NIR,2025-26,UEFA,False
2026-07-31,İstanbul Başakşehir,Cherno More Varna,i̇stanbul başakşehir,cherno more varna,4,0,TUR,BUL,2025-26,UEFA,False
2026-07-31,Beitar Jerusalem,FK Sutjeska,beitar jerusalem,sutjeska,5,2,ISR,MNE,2025-26,UEFA,False
2026-07-31,FC Utrecht,FC Sheriff,utrecht,sheriff,4,1,NED,MDA,2025-26,UEFA,False
2026-07-31,CFR Cluj,FC Lugano,cfr cluj,lugano,1,0,ROU,SUI,2025-26,UEFA,False
2026-07-31,BK Häcken,RSC Anderlecht,bk häcken,rsc anderlecht,4,2,SWE,BEL,2025-26,UEFA,False
2026-07-31,AEK Larnaca,NK Celje,aek larnaca,celje,2,1,CYP,SVN,2025-26,UEFA,False
2026-07-31,Shamrock Rovers,St. Joseph's FC,shamrock rovers,st. joseph's,0,0,IRL,GIB,2025-26,UEFA,False
2026-07-31,Spartak Trnava,Hibernians FC,spartak trnava,hibernians,5,1,SVK,MLT,2025-26,UEFA,False
2026-07-31,Banga Gargždai,Rosenborg BK,banga gargždai,rosenborg bk,0,2,LTU,NOR,2025-26,UEFA,False
2026-07-31,Spaeri FC,Austria Wien,spaeri,austria wien,0,5,GEO,AUT,2025-26,UEFA,False
2026-07-31,Győri ETO FC,Pyunik FC,győri eto,pyunik,3,1,HUN,ARM,2025-26,UEFA,False
2026-07-31,Dila Gori,Riga FC,dila gori,riga,3,3,GEO,LVA,2025-26,UEFA,False
2026-07-31,Sabah FK,CS Petrocub,sabah,cs petrocub,4,1,AZE,MDA,2025-26,UEFA,False
2026-07-31,FC Santa Coloma,Polissya Zhytomyr,santa coloma,polissya zhytomyr,1,4,AND,UKR,2025-26,UEFA,False
2026-07-31,HJK Helsinki,Arda Kardzhali,hjk helsinki,arda kardzhali,3,4,FIN,BUL,2025-26,UEFA,False
2026-07-31,JK Nõmme Kalju,St Patrick's Athletic,jk nõmme kalju,st patrick's athletic,2,2,EST,IRL,2025-26,UEFA,False
2026-07-31,AZ Alkmaar,Ilves Tampere,az alkmaar,ilves tampere,5,0,NED,FIN,2025-26,UEFA,False
2026-07-31,FC Milsami,FK Budućnost Podgorica,milsami,budućnost podgorica,2,1,MDA,MNE,2025-26,UEFA,False
2026-07-31,UNA Strassen,Dundee United,una strassen,dundee united,0,1,LUX,SCO,2025-26,UEFA,False
2026-07-31,Universitatea Cluj,FC Ararat-Armenia,universitatea cluj,ararat-armenia,1,2,ROU,ARM,2025-26,UEFA,False
2026-07-31,AIK Solna,Paide Linnameeskond,aik solna,paide linnameeskond,6,0,SWE,EST,2025-26,UEFA,False
2026-07-31,FC Zimbru,FK Astana,zimbru,astana,0,2,MDA,KAZ,2025-26,UEFA,False
2026-07-31,Torpedo Kutaisi,Omonia Nikosia,torpedo kutaisi,omonia nikosia,0,4,GEO,CYP,2025-26,UEFA,False
2026-07-31,Brøndby IF,HB Tórshavn,brøndby if,hb tórshavn,1,0,DEN,FRO,2025-26,UEFA,False
2026-07-31,CS Universitatea Craiova,FK Sarajevo,cs universitatea craiova,sarajevo,4,0,ROU,BIH,2025-26,UEFA,False
2026-07-31,Sporting Braga,Levski Sofia,sporting braga,levski sofia,1,0,POR,BUL,2025-26,UEFA,False
2026-07-31,FC Lausanne-Sport,Vardar Skopje,lausanne-sport,vardar skopje,5,0,SUI,MKD,2025-26,UEFA,False
